URL,Image,YouTube,Tiêu đề,Description,Khẩu phần,Thời gian thực hiện,Độ khó,Categories,Nguyên liệu,Sơ chế,Thực hiện,Cách dùng,Mách nhỏ,Tên món ăn,Carbohydrate,Calories,Protein,Sugar,Fiber dietary,Vitamin C,Vitamin D,Vitamin B12,Calcium,Iron,Cholesterol,Phosphorous,Folic acid,Saturated fat,Potassium,Sodium
https://monngonmoingay.com/khoai-tay-lac-lazy/,https://monngonmoingay.com/wp-content/smush-webp/2025/04/Thumbnail-template-3.png.webp,https://www.youtube.com/channel/UC-2EWHDbHnx5JOeyWfLdIxQ,Khoai tây lắc lazy,,2 người,15 Phút,Dễ,"Chiên, Ăn vặt, Bắc, Trung, Nam, Mẹ, Cha, Trẻ em","Khoai tây đông lạnh 200g (chọn dạng múi cau), Xốt phô mai cay “Aji-Xốt”​, Gia vị nêm sẵn Aji-Quick® Lẩu Thái, Khoai tây đông lạnh 200g (chọn dạng múi cau), Xốt phô mai cay “Aji-Xốt”​, Gia vị nêm sẵn Aji-Quick® Lẩu Thái","Làm nóng nồi chiên không dầu nhiệt độ 180 trong 10 phút. Khoai tây cho vào khay, xịt thêm 1 ít dầu ăn.","Chiên khoai tây trong nồi chiên không dầu khoảng 15p đến khi khoai chín giòn, rắc 1mgia vị nêm sẵn Aji-Quick® Lẩu Tháilên trên, xóc đều và thưởng thức.",Chấm kèm khoai tây cùngXốt Phô Mai Cay “Aji-xốt”. Món ăn ngon đi kèm:Blendy trà đào cam sả,"Trong thời gian chiên, có thể xịt thêm dầu ăn để khoai tây giòn hơn.",,,,,,,,,,,,,,,,,
https://monngonmoingay.com/com-nam-rong-bien-mayo/,https://monngonmoingay.com/wp-content/smush-webp/2025/04/Thumbnail-template-1.png.webp,https://www.youtube.com/channel/UC-2EWHDbHnx5JOeyWfLdIxQ,Cơm nắm rong biển Mayo,,2 người,10 Phút,Dễ,"Gỏi/Trộn, Cà rốt, Cá, Bữa sáng, Món mặn, Món Á, Mẹ, Trẻ em, Cha","Cơm trắng: 300g, Cá ngừ ngâm dầu: 4M, Cà rốt: 1M, Rong biển trộn mè: 2M, Chà bông heo: 1M, Xốt Mayonnaise Aji-mayo® Vị Nguyên Bản, Cơm trắng: 300g, Cá ngừ ngâm dầu: 4M, Cà rốt: 1M, Rong biển trộn mè: 2M, Chà bông heo: 1M, Xốt Mayonnaise Aji-mayo® Vị Nguyên Bản","Cá ngừ tách dầu, đánh tơi. Cà rốt cắt nhỏ.","Cho cơm trắng, cá ngừ ngâm dầu, cà rốt cắt nhỏ, rong biển và 2Mxốt Mayonnaise Aji-mayo® Vị Nguyên Bảnđảo đều, sau đó vo viên lại.",Cho chà bông và toppingXốt Mayonnaise Aji-mayo® Vị Nguyên Bảnlên trên.,Chọn cơm dẻo để cơm nắm mềm và dễ nắm cơm hơn,,,,,,,,,,,,,,,,,
https://monngonmoingay.com/lau-luon-keo-neo-vi-thai/,https://monngonmoingay.com/wp-content/smush-webp/2025/03/15.png.webp,https://www.youtube.com/channel/UC-2EWHDbHnx5JOeyWfLdIxQ,Lẩu lươn kèo nèo vị thái,,4 người,5 Phút,Dễ,"Lẩu, Đậu hũ, Cà chua, Các loại thịt khác, Ngày hè, Cuối tuần, Món mặn, Bắc, Trung, Nam, Người lớn tuổi, Cha, Mẹ","Thịt lươn làm sạch 400g, Hoa chuối, chuối cây bào, bông so đũa, bông bí 200g, Kèo nèo, rau muống 300g, Đậu hũ trắng 150g, Hành tây 100g (1 củ), Cà chua 200g, Dầu ăn 10g (2M), Ớt 1 trái (1m), Sả 3 cây (băm 1M, còn lại cắt khúc), Gia vị nêm sẵn Aji-Quick® Lẩu Thái, Thịt lươn làm sạch 400g, Hoa chuối, chuối cây bào, bông so đũa, bông bí 200g, Kèo nèo, rau muống 300g, Đậu hũ trắng 150g, Hành tây 100g (1 củ), Cà chua 200g, Dầu ăn 10g (2M), Ớt 1 trái (1m), Sả 3 cây (băm 1M, còn lại cắt khúc), Gia vị nêm sẵn Aji-Quick® Lẩu Thái","Ướp thịt lươn với 1m ớt băm, 1M sả băm, 1M hành tỏi băm, 1M gia vị nêm sẵn Aji-Quick® Lẩu Thái. Chuẩn bị rau ăn lẩu. Cà chua cắt múi cau. Hành tây cắt múi cau. Đậu hũ cắt miếng vuông.","Bắc nồi, đun nóng 2M dầu, phi 1/2 lượng sả cắt khúc, cho lươn xào săn. Trút ra đĩa. Tiếp tục phi thơm sả, cho 1,5 lít nước vào nấu sôi, thêm gói gia vị nêm sẵn Aji-Quick® Lẩu Thái, thêm hành tây, cà chua, vào nấu vừa chín, thêm một ít rau thơm. Múc ra lẩu. Cho phân nửa lượng lươn vào nồi, chừa lại phân nửa để trang trí.","Bày 1 nồi lẩu, cùng với đĩa thịt lươn, đậu hũ, rau, bún. Dọn kèm nước mắm, ớt cắt lát.","Dùng gói gia vị nêm sẵn Aji-Quick® Lẩu Thái giúp làm món ăn thơm ngon, đủ mùi vị mà rất nhanh chóng và tiện lợi.Xào thịt lươn cùng sả phi với lửa lớn, nhanh tay giúp thịt lươn thơm và săn hơn.Dùng giấm (hoặc nước chanh) pha ít muối giúp làm sạch nhớt cho lươn và khử tanh.",,,,,,,,,,,,,,,,,
https://monngonmoingay.com/canh-chua-bon-bon-vi-thai/,https://monngonmoingay.com/wp-content/smush-webp/2025/01/25.-CANH-CHUA-BON-BON-VI-THAI.png.webp,https://www.youtube.com/channel/UC-2EWHDbHnx5JOeyWfLdIxQ,Canh chua bồn bồn vị thái,,4 người,25 Phút,Dễ,"Canh/Súp, Cá, Cà chua, Thực đơn hàng ngày, Bắc, Trung, Nam, Người lớn tuổi, Cha, Mẹ, Trẻ em","Cá hú 300g, Thơm chín 130g, Cà chua 50g, Bồn bồn tươi 300g, Hành tím 30g, Gia vị: nước mắm, dầu ăn, ớt sừng, ớt hiểm, Gia vị nêm sẵn Aji-Quick® Lẩu Thái, Cá hú 300g, Thơm chín 130g, Cà chua 50g, Bồn bồn tươi 300g, Hành tím 30g, Gia vị: nước mắm, dầu ăn, ớt sừng, ớt hiểm, Gia vị nêm sẵn Aji-Quick® Lẩu Thái","Ướp cá: Cho 1m gia vị nêm sẵn Aji-Quick® Lẩu Thái và 1m nước mắm và 3 trái ớt hiểm đập giập vào ướp trong 5 phút. Sau đó, sơ chế các nguyên liệu: cắt cà chua thành múi cau, cắt thơm thành dẻ quạt, cắt ớt sừng thành lát, rau nêm cắt rối, bồn bồn cắt khúc, cọng to cắt đôi.","Cho 2M dầu ăn vào nồi, sau đó cho hành tím vào phi thơm. Tiếp theo, cho thơm vào xào một lúc rồi cho tiếp bồn bồn. Sau đó, thêm 1,5 lít nước nóng, lượng gia vị nêm sẵn Aji-Quick® Lẩu Thái còn lại rồi đun sôi. Cho cá hú vào, đun sôi lại và vớt bọt. Nấu thêm 5 phút cho cá chín, thêm cà chua, sau cùng cho ớt sừng và rau nêm vào.",Múc canh ra tô. Chấm cùng nước mắm ớt. Ăn kèm cơm trắng hoặc bún tươi.,"Cá ướp cùng với ớt hiểm, nước mắm và gia vị nêm sẵn Aji-Quick® Lẩu Thái giúp cá thấm vị và khử mùi cho cá.Nấu canh với gia vị nêm sẵn Aji-Quick® Lẩu Thái để có vị chua cay đặc trưngXào bồn bồn cùng với hành tím giúp tăng mùi thơm đặc trưng cho món ăn.",,,,,,,,,,,,,,,,,
https://monngonmoingay.com/canh-cua-rau-day/,https://monngonmoingay.com/wp-content/smush-webp/2025/01/19.-CANH-CUA-RAU-DAY.png.webp,https://www.youtube.com/channel/UC-2EWHDbHnx5JOeyWfLdIxQ,Canh cua rau đay,"Canh cua rau đay là một món ăn truyền thống của Việt Nam, đặc biệt phổ biến vào mùa hè. Món này có hương vị thanh mát, ngọt dịu từ cua đồng kết hợp với vị nhớt nhẹ của rau đay và mướp hương. Cùng giải nhiệt cơ thể cho cả gia đình bằng món ăn đơn giản này trong bữa cơm gia đình nhé!",4 người,15 Phút,Dễ,"Canh/Súp, Hải sản khác, Bữa trưa, Bữa tối, Thực đơn hàng ngày, Người lớn tuổi, Cha, Mẹ, Trẻ em","Cua đồng xay 200g, Rau đay 200g, Mướp 100g, Nấm rơm 50g, Hành tím 20g, Gạch cua 1M, Gia vị: dầu ăn, Gia vị nêm sẵn Aji-Quick® Bún Riêu Cua, Cua đồng xay 200g, Rau đay 200g, Mướp 100g, Nấm rơm 50g, Hành tím 20g, Gạch cua 1M, Gia vị: dầu ăn, Gia vị nêm sẵn Aji-Quick® Bún Riêu Cua",Cua xay sẵn hòa với nước và lọc lấy 1.5 lít nước cua. Rau đay cắt khúc 2cm. Mướp chẻ đôi cắt lát. Nấm rơm cắt đôi,"Đặt nồi lên bếp, cho dầu vào phi thơm hành tím, cho gạch cua vào đảo đều rồi đổ nước cua vào, đun sôi cho váng cua nổi lên. Vớt váng cua ra. Tiếp tục cho rau đay, mướp, nấm rơm vào nấu chín. Nêm 1 gói gia vị nêm sẵn Aji-Quick® Bún riêu cua vào khuấy đều, chờ canh sôi trở lại, tắt lửa, thêm váng cua lên trên.","Múc canh ra tô, dùng nóng.","🧑‍🍳 Lọc và rạn cua xay 2 lần để lấy được hết phần thịt cua.🧑‍🍳 Xào trước phần gạch cua để tạo mùi thơm và màu sắc đẹp cho món canh.🧑‍🍳 Gia vị nêm sẵn Aji-Quick® Bún riêu cua giúp món canh thơm ngon, dậy mùi cua và màu sắc đẹp hơn.",Canh cua rau đay,3.75,62.5,6.25,1.25,1.25,7.5,0.0,0.375,200.0,1.25,20.0,75.0,12.5,1.25,125.0,200.0
https://monngonmoingay.com/salad-rong-bien-thanh-cua/,https://monngonmoingay.com/wp-content/smush-webp/2025/01/18.-SALAD-RONG-BIEN-THANH-CUA.png.webp,https://www.youtube.com/channel/UC-2EWHDbHnx5JOeyWfLdIxQ,Salad rong biển thanh cua,"🥗 Món Salad rong biển thanh cua thơm ngon, giòn sần sật với sự kết hợp của các loại rau xà lách, dưa leo, và rong biển tạo cảm giác thanh mát dễ chịu khi ăn. Vị ngọt nhẹ dai mềm của thanh cua đi kèm nước xốt mè rang mayonnaise thơm bùi tuyệt hảo. Món salad rất thích hợp cho những ngày nắng nóng, giải nhiệt cơ thể. Hoặc bạn có thể dùng món khai vị cho những bữa tiệc cũng rất thích hợp. Cùng Món Ngon Mỗi Ngày vào bếp thực hiện ngay nhé! 😋",4 người,25 Phút,Dễ,"Gỏi/Trộn, Các loại rau, Hải sản khác, Bữa tối, Các món ăn kèm, món phụ, Cha, Người lớn tuổi, Mẹ","Xà lách Mỹ 50g, Xà lách lolo 50g, Cà chua bi 100g, Dưa leo 100g, Rong biển wakame 3g, Thanh cua 4 cây, Hạnh nhân lát 10g, Xốt mè rang ""Aji-Xốt"", Aji-Quick® Bột Chiên Giòn, Xà lách Mỹ 50g, Xà lách lolo 50g, Cà chua bi 100g, Dưa leo 100g, Rong biển wakame 3g, Thanh cua 4 cây, Hạnh nhân lát 10g, Xốt mè rang ""Aji-Xốt"", Aji-Quick® Bột Chiên Giòn","Xà lách mỹ, lolo rửa sạch, cắt miếng vừa ăn Cà chua bi cắt đôi Rong biển wakame ngâm nở, để ráo, dưa leo cắt khoanh Thanh cua xé sợi. Hạnh nhân lát rang vàng","Trộn đều thanh cua với 3M Bột chiên giòn, búng vài giọt nước, chiên giòn, vớt ra để nguội","Xếp xà lách ra dĩa, cho tiếp cà chua và rong biển wakame lên trên Cho tiếp thanh cua và hạnh nhân lát ở trên cùng. Thêm Xốt Mè Rang “Aji-Xốt” lên trên. Dùng làm món khai vị","Xé nhỏ thanh cua, sau đó chiên giòn giúp món ăn giòn giòn và thú vị hơnRong biển ngâm 5p vớt ra để ráo, không nên ngâm lâu sẽ bị bởDùng Xốt Mè Rang “Aji-Xốt” giúp món salad đậm thơm vị mè và hấp dẫn hơn",Salad rong biển thanh cua,5.0,62.5,2.5,2.0,1.25,5.0,0.0,0.0,12.5,0.25,3.75,20.0,7.5,0.5,75.0,100.0
https://monngonmoingay.com/salad-tron/,https://monngonmoingay.com/wp-content/smush-webp/2025/02/Salad-tron-xot-pho-mai-cay.png.webp,https://www.youtube.com/channel/UC-2EWHDbHnx5JOeyWfLdIxQ,Salad trộn xốt phô mai cay,"Món Salad trộn xốt phô mai cay kết hợp giữa rau xanh tươi mát và vị béo ngậy, cay nhẹ của xốt phô mai, tạo nên hương vị rất hấp dẫn. 🥗 Giòn tươi từ rau xà lách iceberg, xà lách romaine, xà lách lolo, chua bi và dưa leo… tạo cảm giác sảng khoái, tươi mát. 🧀 Xốt phô mai sánh mịn, có vị thơm đặc trưng, giúp món salad thêm đậm đà. 🥚 Trứng luộc bùi béo thơm hòa quyện với các loại rau ăn không ngán lại đầy đủ dinh dưỡng cho một bữa ăn nhẹ. 🥗Sự cân bằng hoàn hảo : Món ăn có sự hòa quyện giữa vị béo nhẹ, cay và thanh mát, thích hợp làm món khai vị hoặc ăn kèm với món chính. Cùng Món Ngon Mỗi Ngày vào bếp thực hiện ngay món ăn giảm cân này nào!",2 người,15 Phút,Dễ,"Gỏi/Trộn, Các loại rau, Thực đơn hàng ngày, Bữa sáng, Các món ăn kèm, món phụ, Mẹ, Cha, Trẻ em, Người lớn tuổi","Trứng luộc 2 quả, Xà lách Iceberg 80g, Xà lách Romaine 40g, Xà lách lolo 40g, Cà chua bi 80g, Dưa leo baby 80g, Xốt phô mai cay “Aji-Xốt”​, Trứng luộc 2 quả, Xà lách Iceberg 80g, Xà lách Romaine 40g, Xà lách lolo 40g, Cà chua bi 80g, Dưa leo baby 80g, Xốt phô mai cay “Aji-Xốt”​","Trứng luộc bóc vỏ, cắt lát. Các loại rau cắt miếng vừa ăn. Cà chua bi cắt đôi. Dưa leo cắt lát mỏng.","Trộn đều xà lách, dưa leo, cà chua, để trong tủ mát.","Khi ăn: xếp trứng lên trên, rưới Xốt phô mai cay “Aji-Xốt” béo cay hài hòa, món salad thêm cuốn.",Không tìm thấy,Salad trộn xốt phô mai cay,7.0,170.0,8.0,3.5,2.0,12.5,0.5,0.5,40.0,1.0,185.0,125.0,40.0,4.0,225.0,200.0
https://monngonmoingay.com/ga-chien-xuc-xich-ot-xiem/,https://monngonmoingay.com/wp-content/smush-webp/2025/02/13.-GA-CUON-XUC-XICH-OT-XIEM-XANH.png.webp,https://www.youtube.com/channel/UC-2EWHDbHnx5JOeyWfLdIxQ,Gà chiên xúc xích ớt xiêm,"Gà Chiên Xúc Xích Ớt Xiêm với thịt gà có vỏ ngoài vàng giòn, bên trong mềm mọng, cay cay, thơm nồng mùi tiêu xanh và ớt xiêm, chấm thêm xốt mayonnaise chua chua, beo béo, ngon hút hồn! Món chiên mà ngon thế này thì cả nhà ai cũng thích chứ đâu riêng gì các bé. Chờ gì nữa? Thử ngay thôi",4 người,30 Phút,Dễ,"Chiên, Cà rốt, Cà chua, Củ quả, Thịt gà, Bữa trưa, Bữa tối, Món mặn, Nam, Trung, Bắc, Người lớn tuổi, Cha, Mẹ","Má đùi gà công nghiệp có xương 400g (4 cái), Xúc xích hun khói 25g (1/2 cây), Giò sống 100g, Ớt xiêm xanh 15g, Tiêu xanh 10g, Cà rốt 25g, Gia vị: Hành tỏi băm, dầu ăn, cải mầm 3 màu, cà chua bi, ớt sợi, tương ớt, Aji-Quick® Bột Tẩm Khô Chiên Giòn, Má đùi gà công nghiệp có xương 400g (4 cái), Xúc xích hun khói 25g (1/2 cây), Giò sống 100g, Ớt xiêm xanh 15g, Tiêu xanh 10g, Cà rốt 25g, Gia vị: Hành tỏi băm, dầu ăn, cải mầm 3 màu, cà chua bi, ớt sợi, tương ớt, Aji-Quick® Bột Tẩm Khô Chiên Giòn","Má đùi gà lạng bỏ xương. Ướp má đùi gà với 1M hành tỏi băm, 1/2m tiêu, 1M gia vị nêm sẵn Aji-Quick® Bột tẩm khô chiên giòn.","Chia giò sống làm 4. Lấy gà trải ra, phết giò sống, cho tiêu xanh, ớt xiêm lên mặt –> cho xúc xích + cà rốt vào giữa, dùng chỉ quấn lại. Hấp 10′. Tẩm gia vị nêm sẵn Aji-Quick® Bột tẩm khô chiên giòn lên gà. Chiên nhiều dầu.","Bày thêm cải mầm 3 màu, cà chua, ớt. Chấm với xốt gồm xốt Mayonnaise Aji-mayo® + tương ớt tỉ lệ 2:1","🧑‍🍳 Chọn xúc xích hun khói để có mùi thơm màu sắc hấp dẫn.🧑‍🍳 Chọn ớt trái nhỏ để món ăn có vị cay nhẹ, có mùi thơm.🧑‍🍳 Gia vị nêm sẵn Aji-Quick® Bột tẩm khô chiên giòn đã có gia vị nên không phải ướp thịt gà đồng thời giúp cuộn gà giòn ngon.",Gà chiên xúc xích ớt xiêm,6.25,187.5,16.25,1.25,0.5,0.75,0.125,0.2,10.0,0.75,62.5,125.0,2.5,3.75,87.5,225.0
https://monngonmoingay.com/bo-cuon-la-rong-bien/,https://monngonmoingay.com/wp-content/smush-webp/2024/12/Thumbnail-template.png.webp,https://www.youtube.com/channel/UC-2EWHDbHnx5JOeyWfLdIxQ,Bò cuộn lá rong biển,"Bò cuộn lá rong biển thơm ngon độc đáo, kết hợp giữa hương vị đậm đà của thịt bò mềm ngọt và sự tươi mát, đậm chất biển cả của lá rong biển cùng các loại rau ăn kèm. Đây là món ăn vừa ngon miệng, vừa bổ dưỡng, phù hợp cho các bữa tiệc, bữa ăn gia đình, hoặc thậm chí là món ăn nhẹ lành mạnh cho những người yêu thích hương vị tự nhiên. Lá rong biển dai, bao quanh rau củ tươi giòn, thịt bò mềm mọng, thơm mùi tiêu và trứng cá chuồn sần sật, chấm cùng xốt mayonnaise béo chua, thử là dính, ăn là ghiền! Công thức độc đáo, sáng tạo cho thành quả bất ngờ, đảm bảo cả nhà mình ai cũng thích. Xắn tay áo, vào bếp ngay!",0 người,15 Phút,Dễ,"Chiên, Thịt bò, Sinh nhật, Giáng sinh, Cuối tuần, Món mặn, Món Á","Thăn lưng bò mềm 200g, Dưa leo Nhật 100g 1 quả, Xà lách xoắn 25g 1/2 cây, Hành tây Đà lạt 25g 1/4 củ, Cà rốt Đà lạt 50g 1/2 củ, Cà chua bi nhiều màu 50g 10 quả, Trứng cá chuồn 10g 1M, Lá rong biển 5 lá, Muối hồng 2g 1/2m, Muối ớt xanh 2M, Xốt Mayonnaise Aji-mayo® Vị Nguyên Bản, Thăn lưng bò mềm 200g, Dưa leo Nhật 100g 1 quả, Xà lách xoắn 25g 1/2 cây, Hành tây Đà lạt 25g 1/4 củ, Cà rốt Đà lạt 50g 1/2 củ, Cà chua bi nhiều màu 50g 10 quả, Trứng cá chuồn 10g 1M, Lá rong biển 5 lá, Muối hồng 2g 1/2m, Muối ớt xanh 2M, Xốt Mayonnaise Aji-mayo® Vị Nguyên Bản","Ướp thịt bò với muối hồng, tiêu. Chuẩn bị các loại rau củ, giữ lạnh. Lá rong biển cắt làm 4.","Chiên áp chảo thịt bò đến khi chín tái, lấy ra để 5 phút. 🥣Pha xốt chấm: 2M Aji mayo nguyên bản với 2M muối ớt xanh.","Thịt bò cắt miếng mỏng vừa ăn, rải trứng cá lên trên. Bày tất cả ra đĩa. Cuộn chung với lá rong biển. Chấm với xốt khi thưởng thức","🧑‍🍳 Thịt bò sau chiên để nghỉ ít phút khi cắt sẽ không bị chảy quá nhiều nước.🧑‍🍳 Thêm ít trứng cá chuồn tạo sự hấp dẫn khi ăn.Cuộn bằng lá rong biển tao sự mới lại, hài hòa hương vị.",Bò cuộn lá rong biển,3.75,125.0,11.25,2.0,1.0,3.75,0.125,0.5,10.0,1.0,37.5,75.0,6.25,2.0,125.0,150.0
https://monngonmoingay.com/thit-kho/,https://monngonmoingay.com/wp-content/smush-webp/2024/12/3.png.webp,https://www.youtube.com/channel/UC-2EWHDbHnx5JOeyWfLdIxQ,Thịt kho,"Thịt kho một trong những món ăn truyền thống của ẩm thực Việt Nam, nổi tiếng với hương vị đậm đà, thơm lừng, và hấp dẫn mọi lứa tuổi. Đây là món ăn quen thuộc trong bữa cơm gia đình, đặc biệt là trong những ngày lễ Tết hoặc những bữa cơm sum họp ấm cúng. Cùng Món Ngon Mỗi Ngày vào bếp với công thức làm sao để thịt kho thơm ngon lại nhanh và đơn giản nhé!",4 người,20 Phút,Dễ,"Kho, Thịt heo, Thực đơn hàng ngày, Món mặn","Thịt ba chỉ: 300g, Hành tím băm: 2m, Tỏi băm: 1m, Hành lá: 1 nhánh, Dầu ăn: 7g, Gia vị nêm sẵn Aji-Quick® Thịt Kho, Thịt ba chỉ: 300g, Hành tím băm: 2m, Tỏi băm: 1m, Hành lá: 1 nhánh, Dầu ăn: 7g, Gia vị nêm sẵn Aji-Quick® Thịt Kho","Ướp thịt ba chỉ với 1 gói Gia vị nêm sẵn Aji-Quick® Thịt Kho, hành và tỏi băm, để thấm 15 phút","Làm nóng 1 ít dầu ăn, cho thịt ba chỉ và xào săn, thêm nước vào xâm xấp mặt thịt, tiếp tục kho đến đến khi nước sánh lại, tắt lửa, rắc thêm 1 ít tiêu và hành lá cắt nhỏ.",Dùng nóng với cơm trắng,"Thực đơn giảm stress, ngủ ngon, tỉnh táo trí não làm việc hiệu quả1.900Kcal. G:P:L= 60: 20:18BỮA ĂNNĂNG LƯỢNG (Kcal)MÓN ĂNKHẨU PHẦNSáng550Miến măng gà1/4 khẩu phầnTrưa200Cơm1 chén241Thịt kho1/4 khẩu phần30Bông cải, cà rốt luộc1/4 khẩu phần39Dâu tây6 tráiChiều200Cơm1 chén245Canh sườn hạt sen1/4 khẩu phần184Gà chiên giòn xóc vị Thái1/4 khẩu phầnPhụ tối200Bột ngũ cốc180mlTổng1889",Thịt kho,1.25,237.5,11.25,0.75,0.25,0.5,0.0,0.125,5.0,0.75,50.0,75.0,1.25,7.5,100.0,200.0
https://monngonmoingay.com/canh-bi-dao-rong-bien-2/,https://monngonmoingay.com/wp-content/smush-webp/2024/11/Thumbnail-template-1-1.png.webp,https://www.youtube.com/channel/UC-2EWHDbHnx5JOeyWfLdIxQ,Canh Bí Đao Rong Biển,"Tôm tươi giòn sần sật, cùng với vị ngọt thanh, thơm mùi rong biển của nước dùng và bí đao mọng mềm vừa chín tới, giàu dinh dưỡng và ngon bất ngờ. Món canh bí đao rong biển thích hợp cho mọi khẩu vị nhà mình, lại còn bổ dưỡng không thể không thử. Cuối tuấn làm ngay nào!!",4 người,30 Phút,Dễ,"Canh/Súp, Thực đơn hàng ngày","Tôm thẻ: 200g, Bí đao: 400g, Hành tím: 3 củ, Rong biển wakame: 5g, Hạt nêm Aji-ngon® Giảm Muối, Tôm thẻ: 200g, Bí đao: 400g, Hành tím: 3 củ, Rong biển wakame: 5g, Hạt nêm Aji-ngon® Giảm Muối","Bí đao gọt vỏ, chẻ làm tư, cắt bớt ruột rồi cắt thành miếng dày khoảng 0.5cm. Tôm bóc vỏ, lau khô, đập dập, băm nhỏ, ướp với 1/2m Hạt nêm Aji-ngon® Giảm Muối và 1/2m tiêu và 1 ít hành tím đập dập, băm nhỏ, quết cho tôm có độ dai, để thấm 15 phút. Hành lá, ngò rí rửa sạch, cắt nhỏ. Rong biển ngâm nở, vớt ra để ráo.","Đun sôi 1.2 lít nước, cho bí đao vào nấu trước, bí vừa chín cho tôm vo viên vào, đợi sôi lại, giảm nhỏ lửa, cho rong biển vào, nêm 1.5M Aji-ngon® Giảm Muối, nếm vị vừa ăn rồi tắt lửa, thêm hành lá, ngò rí.","Múc canh ra tô, rắc thêm ít tiêu xay để tăng hương vị.",Quết tôm trước khi vo viên để thịt tôm dai.Rong biển nên bỏ sau cùng để không bị nát.,Canh Bí Đao Rong Biển,3.75,52.5,10.5,1.25,1.0,5.0,0.0,0.375,25.0,0.5,50.0,75.0,7.5,0.125,150.0,100.0
https://monngonmoingay.com/ga-chien-gion-xoc-vi-thai/,https://monngonmoingay.com/wp-content/smush-webp/2024/11/Ga-chien.png.webp,https://www.youtube.com/channel/UC-2EWHDbHnx5JOeyWfLdIxQ,Gà Chiên Giòn Xóc Vị Thái,"Gà chiên giòn xóc vị Thái đặc sắc hương vị Thái Lan đầy cuốn hút với vị: cay, chua thanh, ngọt dịu, và thơm lừng gia vị. Đây là sự kết hợp giữa lớp gà chiên giòn rụm, thơm vị sả và lớp nước sốt đậm đà, khiến bạn khó lòng cưỡng lại. Cùng Món Ngon Mỗi Ngày vào bếp làm ngay món ăn vặt này cùng bạn bè thưởng thức ngay nhé!",4 người,10 Phút,Dễ,"Chiên, Thực đơn hàng ngày, Ăn vặt","Gà phi lê 300g, Sả cây 20g, Tương ớt 20g, Xà lách 200g, Bơ 100g, Rau thơm 50g, Aji-Quick® Bột Tẩm Khô Chiên Giòn, Gia vị nêm sẵn Aji-Quick® Lẩu Thái, Gà phi lê 300g, Sả cây 20g, Tương ớt 20g, Xà lách 200g, Bơ 100g, Rau thơm 50g, Aji-Quick® Bột Tẩm Khô Chiên Giòn, Gia vị nêm sẵn Aji-Quick® Lẩu Thái","Gà cắt miếng vừa ăn, để ráo Sả cây lóc bỏ phần vỏ ngoài cứng, bên trong bào thật mỏng","Đun nóng dầu ăn, tẩm sả qua Gia vị nêm sẵn Aji-Quick® Bột tẩm khô chiên giòn, đem chiên chín vàng, vớt ra để ráo dầu. Trộn đều gà và sả, sau đó xóc đều với Aji-Quick® Lẩu Thái (100g gà sau chiên, xóc với 1/3m Aji-Quick® Lẩu Thái)",Xếp ra dĩa. Dùng làm món ăn chơi.,"Hương vị: Gà chiên vàng giòn, thơm mùiAji-Quick® Lẩu Thái,vị vừa ăn, cay và chua nhẹ kích thich vị giácMàu sắc: Màu vàng của gà chiên, điểm màu đỏ củaAji-Quick® Lẩu Thái",Gà Chiên Giòn Xóc Vị Thái,6.25,187.5,16.25,1.25,1.25,5.0,0.0,0.125,12.5,0.5,37.5,75.0,7.5,7.5,100.0,200.0
https://monngonmoingay.com/mi-tron-sot-kho-quet/,https://monngonmoingay.com/wp-content/smush-webp/2024/10/Mi-tron-sot-kho-quet.png.webp,https://www.youtube.com/channel/UC-2EWHDbHnx5JOeyWfLdIxQ,Mì trộn sốt kho quẹt,"Mì trộn sốt kho quẹt ngon tuyệt vời với sợi mì dai dai, với thịt bò mềm ngọt, rau củ giòn giòn, bám đều xốt mặn ngọt hài hòa, thơm mùi kho quẹt và hành phi, ngon vét đĩa! Công thức bá đạo chỉ trong 1 nốt nhạc có liền món ngon cuối tuần! Thử liền bạn ơi",4 người,10 Phút,Dễ,"Thịt bò, Trứng, Thực đơn hàng ngày, Món mặn","Thịt thăn bò 150g, Mì gói, Trứng gà 2 quả, Cải thìa 100g, Giá đỗ 100g, Hành phi, tỏi băm, tiêu xay, Nước lọc, Xốt dùng ngay Kho Quẹt, Thịt thăn bò 150g, Mì gói, Trứng gà 2 quả, Cải thìa 100g, Giá đỗ 100g, Hành phi, tỏi băm, tiêu xay, Nước lọc, Xốt dùng ngay Kho Quẹt","Trụng mì chín. Luộc trứng. Cải thìa bỏ gốc, luộc qua nước sôi; Trụng sơ giá đỗ","Chuẩn bị chảo sau đó cho 1M dầu ăn vào chảo phi thơm 1/2M tỏi băm, cho 150g thịt bò + 2M nước lọc + 2M Xốt dùng ngay Kho Quẹt + 1m tiêu xay vào xào nhanh cho chín thịt bò Cho mì đã luộc, cải thìa và giá vào trộn đều với thịt bò đã xào.",Cho mì ra đĩa rồi cho 4m hành phi và 2 quả trứng gà luộc lên trên là dùng được,"Thịt bò xào lửa lớn cho không bị daiDùngXốt dùng ngay Kho Quẹtgiúp món ăn thơm ngon, nhanh gọn.Rau củ luộc nước sôi sau đó ngâm qua nước đá cho giòn và giữ màu.",Mì trộn sốt kho quẹt,13.75,162.5,11.25,1.25,1.25,3.75,0.5,0.625,20.0,1.0,75.0,87.5,12.5,2.5,125.0,375.0
https://monngonmoingay.com/salad-ca-hoi-sot-tom-kho/,https://monngonmoingay.com/wp-content/smush-webp/2024/10/Salad-ca-hoi-sot-tom-kho.png.webp,https://www.youtube.com/channel/UC-2EWHDbHnx5JOeyWfLdIxQ,Salad cá hồi sốt tôm khô,"Đơn giản ngỡ ngàng SALAD CÁ HỒI SỐT TÔM KHÔ ngon bổ dưỡng. Cá hồi áp chảo béo mọng, rau củ giòn ngọt, tươi mát hòa cùng xốt tôm khô đặc biệt, chua chua, béo nhẹ từ mayonnaise, đỉnh của chóp! Vừa ngon bổ dưỡng lại nhanh gọn đến bất ngờ với công thức từ đầu bếp chuyên nghiệp. Không thử ngay là tiếc lắm à nha!",4 người,15 Phút,Dễ,"Các loại rau, Trứng, Cá, Thực đơn hàng ngày, Các món ăn kèm, món phụ, Món Á, Nam, Người lớn tuổi, Cha, Mẹ, Trẻ em","Cá hồi phi lê 300g, Tôm khô 20g, Xà lách gai 200g, cà chua bi 100g, Dưa leo 100g, Trứng gà luộc 2 quả, Cần tây 100g, Bắp mĩ hạt 50g, Hành tây 100g, Chanh 1/2 trái, Mật ong 5g, Tương cà 28g, Tương ớt 14g, Tiêu đen, Muối, Dầu ăn, Xốt Mayonnaise Aji-mayo® Vị Nguyên Bản, Cá hồi phi lê 300g, Tôm khô 20g, Xà lách gai 200g, cà chua bi 100g, Dưa leo 100g, Trứng gà luộc 2 quả, Cần tây 100g, Bắp mĩ hạt 50g, Hành tây 100g, Chanh 1/2 trái, Mật ong 5g, Tương cà 28g, Tương ớt 14g, Tiêu đen, Muối, Dầu ăn, Xốt Mayonnaise Aji-mayo® Vị Nguyên Bản","300g Cá hồi phi lê ướp cùng 1/4m muối, 1/2m tiêu và 1m nước cốt chanh, cho vào ngăn mát tủ lạnh 30 phút cho thấm gia vị","Trộn đều 4M Xốt Mayonnaise Aji-mayo® Vị Nguyên Bản, cùng 2M tương cà, tôm khô đã xay, 1M tương ớt, 1M mật ong, 1m tiêu đen xay, 1m nước cốt chanh, 2 lòng đỏ trứng. Cá hồi mang đi áp chảo vàng các mặt.","Xếp xà lách, hành tây, dưa leo, cà chua, cần tây, lòng trắng trứng gà, bắp mĩ, húng lủi, cùng cá hồi vào đĩa rồi cho sốt vào",Dùng tôm khô để làm xốt salad giúp tạo hương vị đặc trưng cho món ăn.Ướp cá với nước cốt chanh giúp cá thơm và khử tanh.Làm lạnh xốt trước khi trộn giúp tăng vị ngon cho món ăn.,Salad cá hồi sốt tôm khô,45.0,750.0,70.0,15.0,10.0,50.0,5.0,4.0,150.0,5.0,450.0,700.0,80.0,15.0,900.0,600.0
https://monngonmoingay.com/canh-suon-bo-han-quoc/,https://monngonmoingay.com/wp-content/smush-webp/2024/10/Canh-suon-bo-Han-Quoc.png.webp,https://www.youtube.com/channel/UC-2EWHDbHnx5JOeyWfLdIxQ,Canh sườn bò Hàn Quốc,"Canh sườn bò Hàn Quốc đơn giản dễ nấu lại hỗ trợ khối cơ xương vững chắc. Món canh sườn bò bổ dưỡng với các thịt sườn bò ngọt vị kết hợp với củ cải trắng và các loại nấm linh chi. Công thức nấu lại đơn giản dễ làm tại nhà, cùng vào bếp với Món Ngon Mỗi Ngày thực hiện món ăn này nhé.",4 người,15 Phút,Dễ,"Canh/Súp, Nấm, Thịt bò, Cuối tuần, Khác, Thực đơn hàng ngày, Món mặn","Sườn bò 500g, Củ cải trắng 200g, Boa rô 50g, Nấm linh chi trắng 100g, Nấm linh chi nâu 100g, Gia vị nêm sẵn Aji-Quick® Lẩu Bò, Sườn bò 500g, Củ cải trắng 200g, Boa rô 50g, Nấm linh chi trắng 100g, Nấm linh chi nâu 100g, Gia vị nêm sẵn Aji-Quick® Lẩu Bò","Sườn bò cắt miếng vừa ăn, ướp 1m hành tím băm, 1M Gia vị nêm sẵn Aji-Quick® Lẩu Bò để thấm. Củ cải trắng cắt miếng vừa ăn. Tỏi tây cắt xéo, cọng và lá để riêng. Nấm các loại cắt khúc vừa ăn","Đun 2 lít nước, cho sườn vào hầm mềm 20 phút, tiếp tục cho củ cải trắng và táo tàu và Gia vị nêm sẵn Aji-Quick® Lẩu Bò còn lại vào nấu 10 phút, thêm boa rô, các loại nấm vào nấu 5 phút rồi tắt lửa.","Múc canh ra tô, dùng làm món khai vị","Chọn sườn bò nhiều thịt, có xương dẹt và nhỏ là sườn bò non và ngonDùng Aji-Quick® Lẩu Bò để món canh thơm ngon, đậm vị và thuận tiện khi nấu.",Canh sườn bò Hàn Quốc,25.0,1200.0,75.0,5.0,8.0,15.0,0.0,2.0,50.0,6.0,150.0,400.0,20.0,25.0,700.0,1500.0
https://monngonmoingay.com/vai-kho/,https://monngonmoingay.com/wp-content/smush-webp/2024/09/Vải.jpg.webp,https://www.youtube.com/channel/UC-2EWHDbHnx5JOeyWfLdIxQ,Vải,,0 người,0 Phút,Dễ,Không tìm thấy,Không tìm thấy,Không tìm thấy,Không tìm thấy,,Không tìm thấy,Vải,0.0,0.0,0.0,0.0,0.0,0.0,0.0,0.0,0.0,0.0,0.0,0.0,0.0,0.0,0.0,0.0
https://monngonmoingay.com/mi-y-bo-bam/,https://monngonmoingay.com/wp-content/uploads/2024/09/my-y-bo-bam-8.jpg,https://www.youtube.com/channel/UC-2EWHDbHnx5JOeyWfLdIxQ,Mì Ý bò băm,"Món mì Ý là món ăn rất ngon và nổi tiếng xuất phát từ nước Ý xinh đẹp. Món mì ý được biến tấu thành rất nhiều cách nấu khác nhau nhưng vẫn rất thơm ngon. Món Ngon Mỗi Ngày xin giới thiệu món mì Ý bò băm mới lạ với hương vị chua nhẹ từ cà chua, thơm mùi bơ và béo thơm của xốt mayonnaise. Sợi mì chín mềm mại hơi dai mềm, thịt bò mềm thơm ngon và cách nấu đơn giản dễ dàng làm tại nhà. Cùng vào bếp thực hiện ngay món ăn ngon này thôi nào!",4 người,20 Phút,Dễ,"Món Xào, Thịt bò, Trứng, Cà rốt, Cà chua, Bữa tối, Thực đơn hàng ngày, Cuối tuần, Món Âu, Cha, Mẹ, Trẻ em","Mì Ý 300g, Thịt bò bằm 200g, Đậu Hà Lan 100g, Trứng gà 80g (2 quả), Cà rốt 50g, Ngò tây, Hành tây 1 củ nhỏ, Dầu ăn 8g (1.5M), Bơ 18g (1M), Hạt nêm Aji-ngon Heo 4g (1m), Xốt Mayonnaise Aji-mayo® Vị Nguyên Bản 30g (1M), Cà hộp 4g (1m), Tương cà 4g (1.5M), Nước tương Phú Sĩ 6g (1/2M), Dầu hào 5g (1M), Bữa tối: Ăn kèm Salad Cá Hồi Xốt Thanh Long, Tráng miệng: Trái cây, GIA VỊ: Tiêu, dầu hào, cà hộp, tương cà, Hạt nêm Aji-ngon® Heo, Nước tương ""Phú Sĩ"", Xốt Mayonnaise Aji-mayo® Vị Nguyên Bản, Mì Ý 300g, Thịt bò bằm 200g, Đậu Hà Lan 100g, Trứng gà 80g (2 quả), Cà rốt 50g, Ngò tây, Hành tây 1 củ nhỏ, Dầu ăn 8g (1.5M), Bơ 18g (1M), Hạt nêm Aji-ngon Heo 4g (1m), Xốt Mayonnaise Aji-mayo® Vị Nguyên Bản 30g (1M), Cà hộp 4g (1m), Tương cà 4g (1.5M), Nước tương Phú Sĩ 6g (1/2M), Dầu hào 5g (1M), Bữa tối: Ăn kèm Salad Cá Hồi Xốt Thanh Long, Tráng miệng: Trái cây, GIA VỊ: Tiêu, dầu hào, cà hộp, tương cà, Hạt nêm Aji-ngon® Heo, Nước tương ""Phú Sĩ"", Xốt Mayonnaise Aji-mayo® Vị Nguyên Bản","Thịt bò ướp với 1/2m tiêu, 1m hạt nêm Aji-ngon Heo, 1M dầu hào, 1/2M nước tương Phú Sĩ và 2M nước lạnh, trộn bằng đũa cho thịt bò tơi, để thấm. Hành tây, cà rốt cắt hạt lựu. Luộc cà rốt, đậu Hà Lan trong nước sôi, sau đó vớt ra làm nguội nhanh bằng nước lạnh, để ráo nước. Luộc mì theo đúng thời gian trên bao bì. Vớt ra xả nước lạnh, để ráo nước. Trứng chiên ốp la.","Làm nóng 1M bơ, cho hành tây vào xào, kế tiếp cho 1m tỏi băm vào, thêm thịt bò vào xào săn, nêm 1.5M xốt tương cà, 1m cà hộp, xào thêm khoảng 1 phút cho nước xốt thấm vào thịt bò. Sau cùng cho cà rốt, đậu Hà Lan và mì Ý vào đảo đều.","Cho mì Ý ra dĩa, xếp trứng chiên lên trên, trang trí với ngò tây. Bắt xốt Mayonnaise Ajimayo vị nguyên bản lên mặt.","Thêm ít nước khi ướp để thịt bò không bị khô và dễ tơi ra khi xào.Để kiểm tra độ chín, ta vớt 1 sợi mì lên bẻ gãy, nếu nhìn thấy có tim nhỏ cỡ đầu tăm bên trong sợi mì là được.",Mì Ý bò băm,28.75,200.0,11.25,3.75,2.0,2.0,0.5,0.375,17.5,1.0,50.0,100.0,12.5,3.75,150.0,200.0
https://monngonmoingay.com/com/,https://monngonmoingay.com/wp-content/smush-webp/2024/07/cơm.jpeg.webp,https://www.youtube.com/channel/UC-2EWHDbHnx5JOeyWfLdIxQ,Cơm,,0 người,0 Phút,Dễ,Không tìm thấy,Không tìm thấy,Không tìm thấy,Không tìm thấy,,Không tìm thấy,Cơm,0.0,0.0,0.0,0.0,0.0,0.0,0.0,0.0,0.0,0.0,0.0,0.0,0.0,0.0,0.0,0.0
https://monngonmoingay.com/vien-xuc-xich-trung-cut-chien/,https://monngonmoingay.com/wp-content/smush-webp/2024/07/vien-xuc-xich-trung-cut-chien.jpg.webp,https://www.youtube.com/channel/UC-2EWHDbHnx5JOeyWfLdIxQ,Viên xúc xích trứng cút chiên,"Công thức hướng dẫn làm món “ Viên xúc xích trứng cút chiên ” đậm đà thơm ngon. Viên trứng vàng giòn bên ngoài, mềm mịn béo bùi lòng đỏ bên trong, hòa quyện với hương vị xúc xích hun khói, bị đậm đà vừa ăn của chả và vị chua nhẹ của xốt mè rang không thể cưỡng. Món ăn là một lựa chọn tuyệt vời cho bữa tiệc hoặc là món ăn vặt cho những buổi họp mặt bạn bè. Cùng Món Ngon Mỗi Ngày vào bếp thực hiện ngay món ăn nào!",4 người,5 Phút,Dễ,"Chiên, Trứng, Cà rốt, Các loại rau, Ngày hè, Thực đơn hàng ngày, Ăn vặt, Món Âu, Trẻ em","Giò sống 300 g, Xúc xích hun khói 25g (1/2 cây) (3M), Trứng cút 12 trứng, Bắp mỹ luộc chín 1M, Cần tây 1M, Cà rốt 50g (2M), GVNS AjiQuick bột Chiên Giòn 1 gói, RAU NÊM: Salad, rau húng lủi, dưa chuột, cà bi, hành tỏi, tiêu xanh, THỰC ĐƠN BỮA ĂN Bữa phụ chiều, Gia vị: Hành tím băm, tiêu, Aji-Quick® Bột Chiên Giòn, Giò sống 300 g, Xúc xích hun khói 25g (1/2 cây) (3M), Trứng cút 12 trứng, Bắp mỹ luộc chín 1M, Cần tây 1M, Cà rốt 50g (2M), GVNS AjiQuick bột Chiên Giòn 1 gói, RAU NÊM: Salad, rau húng lủi, dưa chuột, cà bi, hành tỏi, tiêu xanh, THỰC ĐƠN BỮA ĂN Bữa phụ chiều, Gia vị: Hành tím băm, tiêu, Aji-Quick® Bột Chiên Giòn","Hành tây, cần tây, cà rốt cắt nhỏ, tiêu xanh đập dập. Xúc xích cắt hạt lựu. Trộn đều giò sống với 3M xúc xích, 2M cà rốt, 1M bắp, 1M cần tây, 1/2M tiêu xanh +1/2M hành tím băm +1/3m tiêu xay.","Múc ra 2M Gia Vị Nêm Sẵn AjiQuick bột Chiên Giòn, phần còn lại pha với nước. Lăn trứng cút qua bột khô, sau đó bọc chả xung quanh từng trứng cút, rồi lăn qua một lớp bột khô, tiếp tục nhúng qua bột chiên giòn AjiQuick đã pha nước. Chiên ngập dầu cho giòn bên ngoài.","Cho rau thơm, dưa cà bi, salad vào giữa đĩa. Cắt dọc viên trứng xúc xích xếp xung quanh, khi ăn chấm với Xốt mè rang “Aji-Xốt” Món ăn ngon đi kèm:CANH SƯỜN CỦ SEN A-TI-SÔ",💡Lăn trứng cút và viên xúc xích trứng cút qua lớp GVNS AjiQuick bột Chiên Giòn giúp tăng độ kết dính.💡Chọn xúc xích hun khói để có mùi thơm đặc trưng cho món ăn,Viên xúc xích trứng cút chiên,15.0,200.0,11.25,2.5,1.25,3.75,0.25,0.125,20.0,0.75,112.5,100.0,12.5,3.75,125.0,300.0
https://monngonmoingay.com/salad-rong-nho-xot-me-rang/,https://monngonmoingay.com/wp-content/smush-webp/2024/06/salad-rong-nho-me-rang.jpg.webp,https://www.youtube.com/channel/UC-2EWHDbHnx5JOeyWfLdIxQ,Salad rong nho xốt mè rang,"Khi thưởng thức món Salad rong nho xốt mè rang , bạn sẽ cảm nhận được sự hòa quyện của các hương vị rong nho mọng nước, béo béo từ sốt mè rang, và giòn giòn từ rau salad. Màu sắc đẹp mắt hấp dẫn hài hòa từ các loại rau củ, vàng nhạt của xốt và trứng. Mau vào bếp làm ngay món ăn salad để giảm cân và chế đệ ăn kiêng phù hợp cùng Món Ngon Mỗi Ngày nhé!",4 người,5 Phút,Dễ,"Gỏi/Trộn, Các loại rau, Trứng, Bữa trưa, Thực đơn hàng ngày, Món Á, Món Âu, Mẹ","Xà lách romain 70g, Xà lách lolo 70g, Rong nho tách nước 50g, Trứng gà 3 quả, Cà chua bi 50g, Dưa leo 50g, Bắp cải tím 30g, Xốt mè rang “Aji-Xốt” 12g (3M), Ăn trưa kèm: Cơm, Canh khoai tím hột lựu, Cá kèo kho khế, Tráng miệng: Đu đủ, ĂN KÈM Lá quế, Xốt mè rang ""Aji-Xốt"", Xà lách romain 70g, Xà lách lolo 70g, Rong nho tách nước 50g, Trứng gà 3 quả, Cà chua bi 50g, Dưa leo 50g, Bắp cải tím 30g, Xốt mè rang “Aji-Xốt” 12g (3M), Ăn trưa kèm: Cơm, Canh khoai tím hột lựu, Cá kèo kho khế, Tráng miệng: Đu đủ, ĂN KÈM Lá quế, Xốt mè rang ""Aji-Xốt""","Xà lách rửa sạch, cắt miếng vừa ăn. Rong nho ngâm nước lạnh 2-3 phút (không quá lâu), vớt ra để ráo. Trứng luộc chín, bóc vỏ, cắt lát. Bắp cải tím bào sợi mỏng. Cà chua bi cắt đôi. Dưa leo rửa sạch, bào sơ vỏ, cắt đôi, sau đó cắt lát mỏng. Lá quế cắt khúc vừa ăn.","Trộn đều các loại xà lách, cà chua, dưa leo, bắp cải tím, lá quế, xếp trứng và rong nho lên trên.","Khi ăn rưới Xốt mè rang “Aji-Xốt” lên trên, trộn đều và thưởng thức","💡Bảo quản rau củ trong tủ mát trước khi trộn giúp món salad tươi ngon và giòn hơn.💡Sử dụng Xốt mè rang “Aji-Xốt” giúp món salad thơm ngon, tròn vị.",Salad rong nho xốt mè rang,35.0,550.0,35.0,15.0,8.0,40.0,2.0,1.0,150.0,3.0,600.0,300.0,80.0,8.0,600.0,500.0
https://monngonmoingay.com/quyt/,https://monngonmoingay.com/wp-content/smush-webp/2024/06/quyt-1024x685.jpg.webp,https://www.youtube.com/channel/UC-2EWHDbHnx5JOeyWfLdIxQ,Quýt,,0 người,0 Phút,Dễ,Không tìm thấy,Không tìm thấy,Không tìm thấy,Không tìm thấy,,Không tìm thấy,Quýt,0.0,0.0,0.0,0.0,0.0,0.0,0.0,0.0,0.0,0.0,0.0,0.0,0.0,0.0,0.0,0.0
https://monngonmoingay.com/ca-basa-fillet-chien-trung/,https://monngonmoingay.com/wp-content/smush-webp/2024/06/ca-basa-fillet-trung.jpg.webp,https://www.youtube.com/channel/UC-2EWHDbHnx5JOeyWfLdIxQ,Cá basa fillet chiên trứng,"Cá basa fillet chiên trứng bên trong mềm, ngọt, bên ngoài giòn nhẹ, không ngấm dầu. Màu vàng của lớp bột bên ngoài cá, màu xanh của hành ngò, màu đỏ của cà chua hấp dẫn. Món cá chiên còn thơm mùi ngò rí, hành lá ăn kèm, vị vừa ăn. ✅ Món cá basa rất dinh dưỡng giúp hỗ trợ xây dựng khối xương vững chắc.",4 người,15 Phút,Trung bình,"Chiên, Cá, Trứng, Cà chua, Thực đơn hàng ngày, Bữa trưa, Bắc, Trung, Nam, Cha, Mẹ, Trẻ em, Người lớn tuổi","Cá basa fillet đông lạnh 400g, Hành lá 2 cọng, Ngò rí 2 cọng, Trứng gà 55g ( 2 quả ), Nước cốt chanh 1m, Cà chua 84g (1 quả ), Xốt Mayonnaise Aji-mayo® Vị Nguyên Bản 1M, Bột mì đa dụng (11) 2M, Tiêu 1/2m, Hạt nêm Aji-ngon® HEO 2m, Ăn trưa kèm: Cơm, Canh sườn khoai sọ, Mít non kho nấm, Gia vị: Dầu ăn, muối, tiêu, Xốt Mayonnaise Aji-mayo® Vị Nguyên Bản, Hạt nêm Aji-ngon® Heo, Cá basa fillet đông lạnh 400g, Hành lá 2 cọng, Ngò rí 2 cọng, Trứng gà 55g ( 2 quả ), Nước cốt chanh 1m, Cà chua 84g (1 quả ), Xốt Mayonnaise Aji-mayo® Vị Nguyên Bản 1M, Bột mì đa dụng (11) 2M, Tiêu 1/2m, Hạt nêm Aji-ngon® HEO 2m, Ăn trưa kèm: Cơm, Canh sườn khoai sọ, Mít non kho nấm, Gia vị: Dầu ăn, muối, tiêu, Xốt Mayonnaise Aji-mayo® Vị Nguyên Bản, Hạt nêm Aji-ngon® Heo","Cá basa fillet rã đông, rửa sạch với nước muối loãng, thấm ráo nước, cắt miếng khoảng 60g. Hành lá băm nhuyễn, phần gốc, lá để riêng Ướp cá 15 phút với đầu hành lá băm nhỏ, 1m Hạt nêm Aji-ngon® HEO, 1m nước cốt chanh. Xốc đều. Xốt trứng: Cho 2 quả trứng, 1/2m tiêu, 1m Hạt nêm Aji-ngon® HEO, 2M bột mì đa dụng, ngò rí, hành lá cắt nhỏ, khuấy đều hỗn hợp, để 10 phút cho bột nở.","Làm nóng dầu, nhúng đều cá qua hỗn hợp xốt trứng,chiên ở lửa vừađến khi vàng đều.","Cho cá ra dĩa có giấy thấm dầu, trang trí thêm cà chua cắt lát, ngò rí. Ăn kèm Xốt Mayonnaise Aji-mayo® Vị Nguyên Bản. Món ăn ngon đi kèm:Canh sườn khoai sọ",💡 Áp chảo cá ở lửa vừa để cá không bị ngấm dầu.💡 Ướp cá với nước cốt chanh để cá không bị tanh và giòn hơn.,Cá basa fillet chiên trứng,10.0,212.5,13.75,2.5,1.25,3.75,0.5,0.25,20.0,0.75,75.0,112.5,12.5,2.0,150.0,300.0
https://monngonmoingay.com/lau-bo-thao-moc/,https://monngonmoingay.com/wp-content/smush-webp/2024/05/lau-bo-thao-moc.jpg.webp,https://www.youtube.com/channel/UC-2EWHDbHnx5JOeyWfLdIxQ,Lẩu bò thảo mộc,"Lẩu bò thảo mộc món lẩu bò hương vị mới thơm ngon với nạm bò vừa chín tới, bò phi lê tái mềm, kỷ tử, đẳng sâm chín mềm thơm mùi các loại thảo mộc, vị lẩu đậm đà. Nước dùng màu nâu nhạt, hài hòa màu sắc giữa thịt và rau rất hấp dẫn!",4 người,5 Phút,Dễ,"Lẩu, Thịt bò, Bữa trưa, Món nhậu, Món Á","Thịt nạm bò 200g, Bò phi lê 150g, Bò viên 100g, Kỷ tử 10g, Táo đỏ 5 trái, Đẳng sâm 1 cọng (5g), Rau mồng tơi 200g, Rau má 200g, Khoai môn 150g, ĂN KÈM: Ăn trưa, Mì vàng, chao, sa tế, Tráng miệng Quýt, Gia vị nêm sẵn Aji-Quick® Lẩu Bò, Thịt nạm bò 200g, Bò phi lê 150g, Bò viên 100g, Kỷ tử 10g, Táo đỏ 5 trái, Đẳng sâm 1 cọng (5g), Rau mồng tơi 200g, Rau má 200g, Khoai môn 150g, ĂN KÈM: Ăn trưa, Mì vàng, chao, sa tế, Tráng miệng Quýt, Gia vị nêm sẵn Aji-Quick® Lẩu Bò","Thịt nạm bò nấu mềm với vài lát gừng, 1 củ hành tím chẻ đôi, 1 tép sả đập dập. Táo đỏ, đẳng sâm, rửa sạch nấu chung với thịt nạm bò. Nước luộc bò để riêng, nạm bò cắt lát mỏng. Thịt bò cắt lát mỏng. Bò viên cắt miếng vừa ăn. Xếp ra dĩa. Các loại rau lặt rửa sạch, xếp ra dĩa. Chao tán nhuyễn, mịn.","Khoai môn cắt khối áp chảo với một xíu dầu. Đun sôi nước luộc thịt bò nạm, thêm nước cho đủ 1.5L, nêm gói Gia vị nêm sẵn Aji-Quick® LẨU BÒ, thêm các nguyên liệu kỷ tử, táo đỏ, đẳng sâm, nấu sôi, tắt lửa.","Khi ăn thêm các nguyên liệu thịt bò và rau vào nhúng nước lẩu, dùng kèm mì vàng, chấm chao sa tế.","✅ Luộc thịt nạm bò với vài lát gừng, hành tím và sả giúp món ăn thơm ngon hơn.✅ Dùng Gia vị nêm sẵn Aji-Quick Lẩu bò để tiết kiệm thời gian và món ăn có hương vị thơm ngon.",Lẩu bò thảo mộc,16.25,237.5,21.25,3.75,3.0,15.0,0.0,0.75,62.5,3.0,50.0,125.0,20.0,6.25,300.0,375.0
https://monngonmoingay.com/com-gion-tom-kho-quet/,https://monngonmoingay.com/wp-content/uploads/2024/04/com-gion-tom-kho-quet-1.webp,https://www.youtube.com/channel/UC-2EWHDbHnx5JOeyWfLdIxQ,Cơm giòn tôm kho quẹt,"Miếng cơm tôm giòn rụm vàng ươm, rau củ vừa chín tới đủ màu sắc, chấm cùng xốt kho quẹt mặn ngọt đậm đà, thơm mùi thịt và tôm khô làm nên một món ăn dân dã mà ngon vét nồi. Biến tấu đơn giản mà cực kỳ vừa miệng, hấp dẫn. Chỉ tích tắc là có món lạ miệng CƠM GIÒN TÔM KHO QUẸT ăn cực ghiền. 👩‍🍳Vào bếp thử ngay!",4 người,5 Phút,Dễ,"Chiên, Tôm, Gạo, Thực đơn hàng ngày, Bữa tối, Món Á, Cha, Mẹ","Tôm thẻ 200g, Cơm trắng 400g, Đậu bắp 100g, Bầu 100g, Cà rốt 100g, Bông cải trắng 100g, Kho quẹt 60g, Dầu ăn 7.5g, GIA VỊ: dầu ăn, Aji-Quick® Bột Chiên Giòn, Tôm thẻ 200g, Cơm trắng 400g, Đậu bắp 100g, Bầu 100g, Cà rốt 100g, Bông cải trắng 100g, Kho quẹt 60g, Dầu ăn 7.5g, GIA VỊ: dầu ăn, Aji-Quick® Bột Chiên Giòn","Tôm bỏ đầu, bóc vỏ, dùng dap đập hơi dập, sau đó cắt hạt lựu. Cơm trộn đều với 100g bột chiên giòn và tôm cắt hạt lựu, sau đó cho vào túi zipper, cán mỏng còn khoảng 2mm, dùng dao cắt cơm thành từng miếng vuông cạnh 4cm rồi cắt xéo thành hình tam giác. Các loại rau củ cắt miếng vừa ăn, luộc chín trong nước có ít dầu ăn và hạt nêm.","Đun nóng dầu ăn, lần lượt cho cơm vào chiên chín vàng giòn, vớt ra để ráo dầu.","Cho kho quẹt ra chén, khi ăn chấm cùng cơm tôm giòn và rau củ. 🍎Ăn kèm Tráng miệng:Táo 🍴Đối tượng: 35 – 45+. Thực đơn hỗ trợ xây dựng khối cơ xương.","Chiên cơm lửa vừa để cơm giòn đều và ngon hơn.Cho một ít dầu ăn vào nước luộc rau giúp rau củ có độ bóng & hấp dẫn hơn.Ăn cùng sốt dùng ngay Kho Quẹt chấm cùng rau củ và cơm giòn giúp món ăn hơn, chuẩn vị và tiết kiệm thời gian.Cán trước vài miếng tôm rồi bỏ tủ mát cho dễ cắt.",Cơm giòn tôm kho quẹt,53.75,373.75,19.25,6.25,5.25,24.0,0.0,0.6,60.0,1.6,90.0,225.0,32.5,2.0,400.0,300.0
https://monngonmoingay.com/bo-cuon-rong-bien/,https://monngonmoingay.com/wp-content/smush-webp/2024/03/bo-cuon-rong-bien.jpg.webp,https://www.youtube.com/channel/UC-2EWHDbHnx5JOeyWfLdIxQ,Bò cuộn rong biển,"Món bò cuộn rong biển vị đậm đà, vừa ăn, thơm ngon từ thịt bò kết hợp với rong biển. Cách làm bò cuộn chắc, không bị bỏ, màu sắc đẹp mắt hấp dẫn tự nhiên của rong biển. Cùng Món Ngon Mỗi Ngày vào bếp làm ngay món bò cuộn mới lạ này nhé! Món ăn bao gồm các nguyên liệu giúp hỗ trợ xây dựng khối cơ xương, rất phù hợp cho thanh thiếu niên dưới 25 tuổi.",4 người,30 Phút,Dễ,"Khác, Thịt bò, Bữa tối, Thực đơn hàng ngày, Món Á","Bò xay: 200g, Thanh cua: 200g, Rong biển lá khô: 3 lá (12g), Hành tây: 1/2 củ (40g), Đậu phộng: 1/2m (6.5g), Gói bột chiên giòn: 2M, Xà lách: 3/4 bắp (60g), Tiêu: 1/2m, Tỏi băm: 1/2m, Hành lá: 1 nhánh, Dầu ăn: 1M (10g), Xốt Mayonnaise Aji-mayo® Vị Nguyên Bản: 20g, Nước tương: 1M (13g), Xốt Mayonnaise Aji-mayo® Vị Nguyên Bản, Aji-Quick® Bột Tẩm Khô Chiên Giòn, Bò xay: 200g, Thanh cua: 200g, Rong biển lá khô: 3 lá (12g), Hành tây: 1/2 củ (40g), Đậu phộng: 1/2m (6.5g), Gói bột chiên giòn: 2M, Xà lách: 3/4 bắp (60g), Tiêu: 1/2m, Tỏi băm: 1/2m, Hành lá: 1 nhánh, Dầu ăn: 1M (10g), Xốt Mayonnaise Aji-mayo® Vị Nguyên Bản: 20g, Nước tương: 1M (13g), Xốt Mayonnaise Aji-mayo® Vị Nguyên Bản, Aji-Quick® Bột Tẩm Khô Chiên Giòn","Hành tây cắt hạt lựu, hành lá cắt nhỏ. Thanh cua chẻ làm 3 theo chiều dọc. Rong biển, cắt làm 6.","Trộn nhân : cho bò xay, hành tây cắt hạt lựu, 2M Aji-Quick® BỘT TẨM KHÔ CHIÊN GIÒN, 1/2m tiêu xay, 1M dầu ăn. Cuộn rong biển với nhân : Trải rong biển ra mâm, cho thịt đã ướp, thanh cua vào phần rong biển rồi cuộn lại như cuộn bò lá lốt. Cuộn lần lượt cho đến khi hết thịt. Áp chảo : Cho khoảng 1M dầu ăn vào chảo với lửa nhỏ, khi dầu nóng thì cho lần lượt từng cuốn rong biển vào áp chảo. Quan sát thấy thịt bò thơm lên và rong biển co lại thì trở mặt, áp chảo cho đến khi cuộn rong biển vàng đều ( khoảng 5 phút ). Pha sốt : Cho vào tô 3M Xốt Mayonnaise Aji-mayo® Vị Nguyên Bản, 1M Nước tương “Phú Sĩ”, 1/2m tỏi băm nhuyễn, 1/2m tiêu rang thơm giã nhuyễn. Dầu hành : 2M cho hành lá cắt nhỏ vào chén, thêm 1M dầu ăn nóng vào.","Xếp xà lách lên dĩa, cho cuộn rong biển vào, rắc đậu phông rang giã lên trên, rưới thêm dầu hành. Chấm kèm với Xốt Mayonnaise Aji-mayo® Vị Nguyên Bản Nước tương “Phú Sĩ”. Món ăn ngon đi kèm:Súp cồi điệp rau củ","Chọn thịt bò xay có lẫn mỡ sẽ giúp món ăn ngon hơn.Dùng gói gia vị nêm sẵn Aji-Quick® BỘT TẨM KHÔ CHIÊN GIÒN bước trộn nhân giúp món ăn tăng hương vị, ngon hơn.",Bò cuộn rong biển,8.75,137.5,11.25,1.25,1.25,3.75,0.0,0.5,20.0,1.0,30.0,87.5,7.5,2.0,125.0,200.0
https://monngonmoingay.com/dui-ga-xot-kieu-teriyaki/,https://monngonmoingay.com/wp-content/smush-webp/2024/02/dui-ga-sot-teriyaki.jpg.webp,https://www.youtube.com/channel/UC-2EWHDbHnx5JOeyWfLdIxQ,Đùi gà xốt kiểu Teriyaki,"Đùi gà xốt kiểu Teriyaki món ăn mang hương vị Nhật Bản sẽ đổi khẩu vị của gia đình trong những ngày cuối tuần. Thịt gà chín thơm ngon màu nâu caramel sáng bóng bắt mắt. Nước xốt teriyaki thấm vị đậm đà! Cùng vào bếp làm ngay món ngon này cho cả nhà thưởng thức nào! ? Teriyaki là một phương pháp nấu ăn trong đó thực phẩm được nướng với một lớp men từ nước tương, rượu mirin và đường. Mặc dù món ăn gắn kết với ẩm thực Nhật Bản nhưng phương pháp nấu ăn này cũng thường được sử dụng ẩm thực tại một số nước châu Á khác như ẩm thực Trung Quốc, ẩm thực Indonesia và ẩm thực Thái Lan. Theo wiki",4 người,25 Phút,Dễ,"Chiên, Thịt gà, Cuối tuần, Thực đơn hàng ngày, Món Á","Đùi gà gốc 4, không xương bọng: 2 cái, Mirin: 30ml, Sake: 150ml, Gừng non: 1 nhánh nhỏ, Dừa xiêm: 1 quả, Hành lá: 1 nhánh nhỏ, Ớt sừng: 1 quả, ĂN KÈM: Cơm, Gia vị: Dầu ăn, Nước tương ""Phú Sĩ"", Aji-Quick® Bột Tẩm Khô Chiên Giòn, Đùi gà gốc 4, không xương bọng: 2 cái, Mirin: 30ml, Sake: 150ml, Gừng non: 1 nhánh nhỏ, Dừa xiêm: 1 quả, Hành lá: 1 nhánh nhỏ, Ớt sừng: 1 quả, ĂN KÈM: Cơm, Gia vị: Dầu ăn, Nước tương ""Phú Sĩ"", Aji-Quick® Bột Tẩm Khô Chiên Giòn","Đùi gà rửa sạch, rút xương, lọc bỏ phần mỡ, da thừa, khứa nhẹ 2 mặt (Phần da và phần thịt). Gừng non cắt 3 lát 2mm còn lại cắt chỉ ngâm nước lạnh. Ớt, hàng lá cắt chỉ ngâm nước lạnh như gừng.","Chuẩn bị chảo nóng cho lớp mỏng dầu vào, tẩm từng miếng đùi gà qua Aji-Quick® BỘT TẨM KHÔ CHIÊN GIÒN cho vào chiên vàng 2 mặt. Trút bỏ hết dầu, thêm 2M Nước tương “Phú Sĩ”, mirin, sake, gừng lát và nước dừa vào xấp mặt thịt. Nấu lửa vừa đến khi nước sốt sánh sệt.","Cắt thịt gà thành miếng vừa ăn, cho ra đĩa rưới nước sốt lên trên, trang trí với hành gừng ớt sợi. Món ăn ngon đi kèm:Canh tôm khoai mài",Khứa 2 mặt thịt đùi để thịt thấm vị và không bị thun lại sau khi rim.Chiên thịt gà trước rồi mới rim để món ăn được săn chắc và thơm hơn.Tẩm Aji-Quick® BỘT TẨM KHÔ CHIÊN GIÒN là đủ vị nên không cần ướp thêm gia vị vào thịt gà (Nếu dùng bột mì thì ướp thêm ít muối tiêu).,Đùi gà xốt kiểu Teriyaki,11.25,212.5,18.75,3.75,0.5,1.25,0.125,0.2,7.5,0.5,50.0,100.0,3.75,2.5,125.0,200.0
https://monngonmoingay.com/ga-hap-hanh-ram/,https://monngonmoingay.com/wp-content/smush-webp/2017/11/ga-hap-hanh-ram.jpg.webp,https://www.youtube.com/channel/UC-2EWHDbHnx5JOeyWfLdIxQ,Gà hấp hành răm,"Rau răm có vị cay nồng, tính ấm, là sự kết hợp hài hoà với thịt gà tính hàn. Hấp gà với lửa vừa, chín tới thì đặt ra miếng lá chuối với màu vàng sáng bóng, mùi thơm nghi ngút bốc lên khiến cả nhà thật khó cầm lòng. Cùng Món Ngon Mỗi Ngày vào bếp làm ngay món gà hấp hành răm nhé!",4 người,45 Phút,Dễ,"Hấp/Tiềm, Rau củ quả khác, Thịt gà, Các loại rau, Củ quả, Cuối tuần, Bắc, Khác, Thực đơn hàng ngày, Trung, Bữa tối, Bữa trưa, Món nhậu, Bắc, Nam, Cha, Mẹ, Người lớn tuổi","Gà ta: 1 con nhỏ (~ 1,3kg ), Đầu hành trắng: 100g, Rau răm: 50g, Gừng: 1 củ, Hành tây: 1 củ, Nước hành tím: 2M, Hành tím củ: 5 củ, Chanh, ớt băm, Hành tím phi, mỡ gà thắng, Tiêu, nước mắm, RAU NÊM: lá chanh cắt sợi, Bột canh, Gà ta: 1 con nhỏ (~ 1,3kg ), Đầu hành trắng: 100g, Rau răm: 50g, Gừng: 1 củ, Hành tây: 1 củ, Nước hành tím: 2M, Hành tím củ: 5 củ, Chanh, ớt băm, Hành tím phi, mỡ gà thắng, Tiêu, nước mắm, RAU NÊM: lá chanh cắt sợi, Bột canh","Gà ướp với 1m tiêu, 2M nước hành tím, 1M nước mắm, 1M BỘT CANH của Ajinomoto. Xoa đều gia vị bên ngoài lẫn bên trong con gà, để 20 phút cho thấm gia vị. Hành tím củ và đầu hành trắng đập dập, gừng cằt lát đập dập. Rau răm cắt rối ½. Lá chanh cắt nhỏ. Hành tây cắt lát mỏng 1/2 củ, rửa qua nước lạnh cho giòn và bớt hăng.","Trộn 1/2 lượng rau răm còn lại, 1/2 củ hành tây với 1/2m BỘT CANH của Ajinomoto, cho vào bụng gà. Hấp cách thủy : Đặt gà lên dĩa, cho phần gừng đập dập và đầu hành trắng còn lại lên trên, nước sôi thì cho vào hấp khoảng 30 phút. Dùng que xiên thử để kiểm tra gà vừa chín tới, lấy gà ra để nguội bớt, quét dầu hoặc mỡ gà lên da cho bóng. Muối chấm : Trộn đều 2M BỘT CANH của Ajinomoto, 2M ớt băm, 1M nước cốt chanh và lá chanh cắt nhỏ.","Chặt gà, xếp ra dĩa có lót rau răm và hành tây còn lại, rắc hành phi lên, dùng kèm muối chấm.","Chọn gà ta, con vừa đểmón ăn ngon hơn.Hấp lửa vừa, đều và liên tục để thịt gà chín đều.",Gà hấp hành răm,3.75,162.5,18.75,1.25,0.75,3.75,0.0,0.125,12.5,0.75,62.5,75.0,5.0,3.75,100.0,200.0
https://monngonmoingay.com/dau-tron-dau-giam-xot-me-rang/,https://monngonmoingay.com/wp-content/smush-webp/2024/01/salad-dau-giam.jpg.webp,https://www.youtube.com/channel/UC-2EWHDbHnx5JOeyWfLdIxQ,Đậu trộn dầu giấm xốt mè rang,"Công thức hướng dẫn làm món đậu trộn dầu giấm xốt mè rang với thành phần dinh dưỡng hỗ trợ cho cơ xương khớp thích hợp cho người lớn tuổi. Món ăn là sự kết hợp đậu trắng, đậu gà, bắp hạt, ức gà kết hợp với các loại rau tươi má, thơm ngon mùi đậu, vừa ăn, chua ngọt dịu.",4 người,30 Phút,Dễ,"Gỏi/Trộn, Các loại rau, Thịt gà, Thực đơn hàng ngày, Bữa trưa, Các món ăn kèm, món phụ, Món Á","Đậu trắng lon: 150g, Đậu gà lon: 150g, Bắp hạt lon: 250g, Hành tây tím: 94g (1 củ), Cà chua: 100g (3 trái), Ngò rí: 2 cây, Ớt sừng: 1 quả, Xốt mè rang: 2M, Ức gà: 400g, Salad Iceberg: 20g, Gia vị: Muối, tiêu, Sản phẩm: XỐT MÈ RANG, Đậu trắng lon: 150g, Đậu gà lon: 150g, Bắp hạt lon: 250g, Hành tây tím: 94g (1 củ), Cà chua: 100g (3 trái), Ngò rí: 2 cây, Ớt sừng: 1 quả, Xốt mè rang: 2M, Ức gà: 400g, Salad Iceberg: 20g, Gia vị: Muối, tiêu, Sản phẩm: XỐT MÈ RANG","Đậu trắng, đậu gà, bắp hạt rửa sạch, để ráo. Ngò rí cắt nhỏ. Cho các loại đậu, bắp và hành tây vào thau ướp 1m muối. Trút để ráo nước. Ướp gà với 1/2m muối với một ít tiêu. Sau đó áp chảo 2 mặt với 1M dầu ô liu. Sau đó để nguội cắt hạt lựu.","Cho tất cả thành phần vào trộn đều, sau đó cho ra đĩa.","Cho 2M Xốt mè rang lên trên, trộn đều khi thưởng thức. Món ăn ngon đi kèm:Cơm gạo lứt hạt sen","Chỉ nên ướp trước đậu, bắp, hành để món trộn thấm dịu.Ngâm hành tây trong nước để giảm bớt độ hăng của hành.Sử dụng xốt mè rang Ajinomoto để món ăn thấm vị, thơm mè và tiết kiệm thời gian pha xốt.",Đậu trộn dầu giấm xốt mè rang,39.0,370.0,34.0,7.5,10.0,12.5,0.0,0.3,75.0,3.5,75.0,275.0,75.0,2.0,550.0,400.0
https://monngonmoingay.com/com-gao-lut-tron-2/,https://monngonmoingay.com/wp-content/smush-webp/2024/01/com-gao-lut.jpg.webp,https://www.youtube.com/channel/UC-2EWHDbHnx5JOeyWfLdIxQ,Cơm gạo lứt trộn,"Cơm gạo lứt trộn là món ăn vừa bổ dưỡng vừa ngon miệng. Công thức món ăn sử dụng gạo lứt, cà rốt, bắp mỹ, đậu cove và nấm đông cô tươi rất thích hợp cho chị em ăn kiêng mà lại rất ngon. Cơm gạo lứt sau khi nấu ngon, thơm dịu. Cơm kết hợp với các loại rau củ tươi ngọt thanh mát bổ sung thêm nhiều lớp hương vị cho món cơm thuần túy khiến món ăn trở nên hấp dẫn hơn bao giờ hết. Chúc bạn ngon miệng! Tham khảo thêm: Gạo lứt là gạo gì? Công dụng và cách chế biến gạo lứt sao cho ngon",2 người,30 Phút,Dễ,"Gỏi/Trộn, Gạo, Nấm, Cà rốt, Thực đơn hàng ngày, Món Á","Gạo lứt: 100g, Gạo thường: 50g, Tỏi: 3 tép, Hành tím: 2 củ, Cà rốt: 50g, Bắp Mỹ: 1/3 trái, Đậu Pháp (cove Nhật): 50g, Nấm đông cô tươi: 20g, RAU NÊM: Hành lá, ngò rí, ĂN KÈM: Món mặn từ thịt gà, Gia vị: muối, Nước tương ""Phú Sĩ"", Hạt nêm Aji-ngon® Nấm, Gạo lứt: 100g, Gạo thường: 50g, Tỏi: 3 tép, Hành tím: 2 củ, Cà rốt: 50g, Bắp Mỹ: 1/3 trái, Đậu Pháp (cove Nhật): 50g, Nấm đông cô tươi: 20g, RAU NÊM: Hành lá, ngò rí, ĂN KÈM: Món mặn từ thịt gà, Gia vị: muối, Nước tương ""Phú Sĩ"", Hạt nêm Aji-ngon® Nấm","Gạo lứt vo sạch, ngâm với 200ml nước trong vòng 20 phút. Gạo thường vo sạch. Tỏi, hành tím băm nhuyễn. Cà rốt cắt hạt lựu. Bắp Mỹ tách lấy hạt. Đậu tước sơ cắt nhỏ 5mm. Nấm đông cô tươi bỏ gốc, rửa nhanh dưới vòi nước lạnh, cắt hạt lựu.","Cho gạo và các nguyên liệu vào nồi cơm điện, nêm cùng 1/2m nước tương, 1/2m Hạt nêm Aji-ngon® Nấm vào nấu chín. Sau khi chín, cho hành lá vào trộn đều. Cho hành tỏi phi vào trộn đều cùng cơm.","Trộn đều cơm với hỗn hợp rau củ, trang trí thêm ngò rí, ăn kèm nước tương “Phú Sĩ”.","Cho thêm dầu ăn vào lúc nấu cơm để hạt cơm bóng đẹp.Lúc luộc mở nắp cho rau xanh.Ngâm gạo lứt trước khi nấu, để hạt gạo mềm, dễ ăn.",Cơm gạo lứt trộn,55.0,325.0,7.5,2.5,4.0,4.0,0.0,0.0,12.5,1.0,0.0,100.0,10.0,0.25,175.0,200.0
https://monngonmoingay.com/com-gao-lut-tron-2/,https://monngonmoingay.com/wp-content/smush-webp/2024/01/com-gao-lut.jpg.webp,https://www.youtube.com/channel/UC-2EWHDbHnx5JOeyWfLdIxQ,Cơm gạo lứt trộn,"Cơm gạo lứt trộn là món ăn vừa bổ dưỡng vừa ngon miệng. Công thức món ăn sử dụng gạo lứt, cà rốt, bắp mỹ, đậu cove và nấm đông cô tươi rất thích hợp cho chị em ăn kiêng mà lại rất ngon. Cơm gạo lứt sau khi nấu ngon, thơm dịu. Cơm kết hợp với các loại rau củ tươi ngọt thanh mát bổ sung thêm nhiều lớp hương vị cho món cơm thuần túy khiến món ăn trở nên hấp dẫn hơn bao giờ hết. Chúc bạn ngon miệng! Tham khảo thêm: Gạo lứt là gạo gì? Công dụng và cách chế biến gạo lứt sao cho ngon",2 người,30 Phút,Dễ,"Gỏi/Trộn, Gạo, Nấm, Cà rốt, Thực đơn hàng ngày, Món Á","Gạo lứt: 100g, Gạo thường: 50g, Tỏi: 3 tép, Hành tím: 2 củ, Cà rốt: 50g, Bắp Mỹ: 1/3 trái, Đậu Pháp (cove Nhật): 50g, Nấm đông cô tươi: 20g, RAU NÊM: Hành lá, ngò rí, ĂN KÈM: Món mặn từ thịt gà, Gia vị: muối, Nước tương ""Phú Sĩ"", Hạt nêm Aji-ngon® Nấm, Gạo lứt: 100g, Gạo thường: 50g, Tỏi: 3 tép, Hành tím: 2 củ, Cà rốt: 50g, Bắp Mỹ: 1/3 trái, Đậu Pháp (cove Nhật): 50g, Nấm đông cô tươi: 20g, RAU NÊM: Hành lá, ngò rí, ĂN KÈM: Món mặn từ thịt gà, Gia vị: muối, Nước tương ""Phú Sĩ"", Hạt nêm Aji-ngon® Nấm","Gạo lứt vo sạch, ngâm với 200ml nước trong vòng 20 phút. Gạo thường vo sạch. Tỏi, hành tím băm nhuyễn. Cà rốt cắt hạt lựu. Bắp Mỹ tách lấy hạt. Đậu tước sơ cắt nhỏ 5mm. Nấm đông cô tươi bỏ gốc, rửa nhanh dưới vòi nước lạnh, cắt hạt lựu.","Cho gạo và các nguyên liệu vào nồi cơm điện, nêm cùng 1/2m nước tương, 1/2m Hạt nêm Aji-ngon® Nấm vào nấu chín. Sau khi chín, cho hành lá vào trộn đều. Cho hành tỏi phi vào trộn đều cùng cơm.","Trộn đều cơm với hỗn hợp rau củ, trang trí thêm ngò rí, ăn kèm nước tương “Phú Sĩ”.","Cho thêm dầu ăn vào lúc nấu cơm để hạt cơm bóng đẹp.Lúc luộc mở nắp cho rau xanh.Ngâm gạo lứt trước khi nấu, để hạt gạo mềm, dễ ăn.",Cơm gạo lứt trộn,27.5,162.5,3.75,1.25,2.0,2.0,0.0,0.0,6.25,0.5,0.0,50.0,5.0,0.125,87.5,100.0
https://monngonmoingay.com/hotdog-bap-cai/,https://monngonmoingay.com/wp-content/smush-webp/2023/12/hotdog-bap-cai.jpg.webp,https://www.youtube.com/channel/UC-2EWHDbHnx5JOeyWfLdIxQ,Hotdog bắp cải,"Hotdog vàng đều, màu vàng nâu hấp dẫn, bên trong có phô mai và xúc xích. Có độ giòn nhẹ & bùi của bắp cải, béo của phô mai & mayonnaise. Hot dog là món ăn nhanh rất nổi tiếng của Mỹ. Là một loại bánh mì kẹp xúc xích và thường có thêm mù tạt, nước sốt, mayonnaise và có thể có thêm dưa cải Đức (sauerkraut). Theo từ điển wiki",2 người,15 Phút,Dễ,"Khác, Trứng, Cuối tuần, Bữa sáng, Thực đơn hàng ngày, Món Á, Món Âu, Trẻ em, Người lớn tuổi, Cha, Mẹ","Xúc xích xông khói: 2 cái, Bắp cải: 100g, Trứng gà: 2 quả, Hành lá: 2 nhánh, Phô mai lát: 4 lát, Gia vị: Dầu ăn, tương cà., Aji-Quick® Bột Chiên Giòn, Hạt nêm Aji-ngon® Heo, Xốt Mayonnaise Aji-mayo® Vị Nguyên Bản, Xúc xích xông khói: 2 cái, Bắp cải: 100g, Trứng gà: 2 quả, Hành lá: 2 nhánh, Phô mai lát: 4 lát, Gia vị: Dầu ăn, tương cà., Aji-Quick® Bột Chiên Giòn, Hạt nêm Aji-ngon® Heo, Xốt Mayonnaise Aji-mayo® Vị Nguyên Bản","Bắp cải cắt sợi nhuyễn, rửa sạch, để ráo. Hành lá cắt nhỏ. Xúc xích xông khói dùng dao khứa quanh xúc xích.","Pha hỗn hợp bắp cải : Trộn đều bắp cải với 2 quả trứng, 1/2m hạt nêm Aji-ngon và 4M Aji Quick bột chiên giòn. Sử dụng chảo chống dính size 20cm đáy bằng, đun nóng ít dầu ăn, cho 1/2 hỗn hợp vào chảo, dàn thật mỏng, xếp phô mai lên trên, tiếp tới xúc xích rồi cuộn tròn lại, áp chảo đến khi hotdog chín vàng đều các mặt.","Cắt hotdog thành từng lát dày 1.5cm, xếp ra dĩa, topping tương cà và mayonniase.","Dàn hỗn hợp bắp cải càng mỏng, hotdog sẽ có độ giòn nhẹ và ngon hơn.",Hotdog bắp cải,6.25,187.5,8.75,2.0,0.75,3.75,0.5,0.375,75.0,1.0,100.0,100.0,12.5,5.0,100.0,300.0
https://monngonmoingay.com/bun-rieu-cua/,https://monngonmoingay.com/wp-content/smush-webp/2023/11/bun-rieu-cua.jpg.webp,https://www.youtube.com/channel/UC-2EWHDbHnx5JOeyWfLdIxQ,Bún riêu cua,"Bún riêu cua món ăn truyền thống của người Việt. Cái tên món ăn cũng đã cho biết nguyên liệu chủ đạo của món ăn này là từ bún và riêu cua. Nhưng để nấu món bún riêu cua ngon thì chắc hẳn không phải ai cũng biết đúng không nào? Hôm nay, đầu bếp Món Ngon Mỗi Ngày sẽ hướng dẫn bí kíp làm món bún riêu cua tuyệt ngon lại đơn giản nhé! Cùng vào bếp nào! Món ăn khi hoàn thành sẽ có nước dùng trong. Màu cam nhẹ của riêu cua và các nguyên liệu hấp dẫn. Vị vừa ăn, thơm mùi cua. Xem thêm các món ngon từ bún",2 người,20 Phút,Dễ,"Khác, Cà chua, Đậu hũ, Phở / bún / hủ tiếu / miến, Hải sản khác, Cuối tuần, Bữa sáng, Thực đơn hàng ngày, Món Á, Cha, Mẹ, Người lớn tuổi, Trẻ em","Cua xay: 200g, Cà chua: 2 trái, Đậu hũ bi chiên: 120g, Huyết heo: 120g, Bún: 600g, Ngò gai: 1 nhánh, Hành tím băm: 1M, ĂN KÈM: Rau chuối, rau muống bào, kinh giới, giá,…, Gia vị: dầu ăn, Aji-Quick Bún riêu cua, Cua xay: 200g, Cà chua: 2 trái, Đậu hũ bi chiên: 120g, Huyết heo: 120g, Bún: 600g, Ngò gai: 1 nhánh, Hành tím băm: 1M, ĂN KÈM: Rau chuối, rau muống bào, kinh giới, giá,…, Gia vị: dầu ăn, Aji-Quick Bún riêu cua","Cà chua cắt múi cau, chia làm 2 phần. Huyết heo cắt miếng vừa ăn. Ngò gai cắt nhỏ. Cua đồng xay lọc lấy nước, nấu sôi, vớt riêu để riêng, nước cua đong thêm nước lọc để có 1.5L nước dùng cua.","Phi thơm hành tím với dầu ăn, xào 1 trái cà chua cắt múi khoảng 2 phút, thêm 1.5L nước dùng vào nấu sôi, nêm 1 gói AQ Bún riêu cua, cho các nguyên liệu ăn kèm đậu hũ, huyết, cà chua.","Cho bún ra tô, múc nước bún riêu, có các nguyên liệu ăn kèm, thêm ngò gai và thưởng thức.",✅ Sử dụng cà chua chín đỏ để nước bún riêu có màu sắc đẹp hơn.,Bún riêu cua,33.75,187.5,11.25,2.5,2.0,6.25,0.0,0.375,50.0,2.0,37.5,87.5,12.5,2.0,150.0,300.0
https://monngonmoingay.com/lau-thai-dau-ca-loc-bong/,https://monngonmoingay.com/wp-content/smush-webp/2023/10/lau-thai-dau-ca-loc.jpg.webp,https://www.youtube.com/channel/UC-2EWHDbHnx5JOeyWfLdIxQ,Lẩu Thái đầu cá lóc bông,"Lẩu Thái là món ăn đã rất quen thuộc đối với ẩm thực người Việt. Món lẩu có vị chua cay hôm nay sẽ có thêm vị mới với nguyên liệu chính là cá lóc bông kết hợp với sả, thơm và lá chúc thơm ngây ngất, đổi vị cho gia đình nhé. Cùng Món Ngon Mỗi Ngày vào bếp làm món Lẩu Thái đầu cá lóc bông cho cả nhà thưởng thức nào! Xem thêm món lẩu ngon",4 người,25 Phút,Dễ,"Lẩu, Cá, Nấm, Thực đơn hàng ngày, Cuối tuần, Món nhậu, Món Á","Đầu cá lóc to: 2 cái (Thêm trứng và ruột cá), Sả cây: 50 g, Lá chúc: 6 lá, Thơm: 1/4 trái, Mẹt tre 25cm, lót lá chuối, Nấm rơm búp, nấm kim châm: 100g mỗi loại, ĂN KÈM: Bông so đũa, cọng súng, kèo nèo, cà chua, rau nhút, rau muống cọng, bông điên điển, rau thơm, cần tàu, rau om, ngò gai, Gia vị: Ớt hiểm xanh đỏ, nước mắm, hạt nêm, dầu ăn, ớt hiểm băm, tỏi băm, Gia vị nêm sẵn Aji-Quick® Lẩu Thái, Đầu cá lóc to: 2 cái (Thêm trứng và ruột cá), Sả cây: 50 g, Lá chúc: 6 lá, Thơm: 1/4 trái, Mẹt tre 25cm, lót lá chuối, Nấm rơm búp, nấm kim châm: 100g mỗi loại, ĂN KÈM: Bông so đũa, cọng súng, kèo nèo, cà chua, rau nhút, rau muống cọng, bông điên điển, rau thơm, cần tàu, rau om, ngò gai, Gia vị: Ớt hiểm xanh đỏ, nước mắm, hạt nêm, dầu ăn, ớt hiểm băm, tỏi băm, Gia vị nêm sẵn Aji-Quick® Lẩu Thái","Sơ chế đầu cá và ruột cá cho thật sạch. Trứng cá rửa sạch ướp sơ đầu cá với 1/2M hạt nêm Aji-ngon He, 1 trái ớt hiểm băm. Phi sả đập dập cho thơm. Tắt lửa cho đầu cá + ruột + trứng cá vào, xốc sơ cho thấm mùi thơm rồi trút ra.","Đun 1,5 nước cho gói gia vị Gia vị nêm sẵn Aji-Quick® LẨU THÁI vào nấu sôi. Thả đầu cá vào + ruột + trứng cá vào. Phi thơm 1/2M tỏi với ít dầu, xào sơ nấm rơm, cà chua và thơm, rồi cho vào trong nồi lẩu. Cuối cùng dằn thêm 1M nước mắm. Bày các loại rau và nấm kim châm ra mẹt tre cùng với nồi nước Lẩu. Khi ăn cho lần lượt các loại rau vào đun nước dùng sôi cho đầu cá trở lại nước dùng lẩu cho nóng. Xong múc đầu cá ra dĩa, cho rau thơm vào nước lẩu.",Ăn kèm bún và nước mắm ớt.,"✅ Phi sả để đệm mùi cho đầu cá, trứng và lòng cá không bị tanh.✅ Cho cá vào sau khi nêm nước dùng để vị chua khử tanh cho cá và hài hòa hương vị.✅ Có thể thêm nấm các loại ă cùng, tuỳ theo ý thích.",Lẩu Thái đầu cá lóc bông,6.25,87.5,7.5,2.0,1.25,7.5,0.0,0.25,25.0,0.75,37.5,62.5,12.5,1.25,125.0,300.0
https://monngonmoingay.com/ca-ngu-cuon-pho-mai/,https://monngonmoingay.com/wp-content/smush-webp/2023/10/ca-ngu-cuon-pho-mai.jpg.webp,https://www.youtube.com/channel/UC-2EWHDbHnx5JOeyWfLdIxQ,Cá ngừ cuộn phô mai,Cá ngừ cuộn phô mai vàng giòn bên ngoài lại mềm ngọt bên trong kết hợp với mùi thơm của củ hồi và vị béo của phô mai thơm ngon lạ vị. ? Xem thêm các món ăn ngon từ cá,4 người,20 Phút,Dễ,"Chiên, Cá, Cà rốt, Thịt heo, Cuối tuần, Ăn vặt, Món Á, Món Âu, Cha, Mẹ, Người lớn tuổi, Trẻ em","Cá ngừ phi lê: 300 g (khối thịt cá phi lê to nguyên miếng, cạnh 12), Thịt heo ba chỉ: 200g (Mua nguyên khối, cân bằng mỡ và thịt), Phô mai lát: 2 lát, Cà rốt : 100g (cắt hình que), Đậu cô ve: 4 cây, Hành lá : 4 cây, Củ hồi: 30g, Mù tạt xanh: 1/2m, ĂN KÈM: Salad, cà chua, dưa leo., Gia vị: Tiêu, tương ớt, dầu, Hạt nêm Aji-ngon® Heo, Xốt Mayonnaise Aji-mayo® Vị Nguyên Bản, Aji-Quick® Bột Tẩm Khô Chiên Giòn, Cá ngừ phi lê: 300 g (khối thịt cá phi lê to nguyên miếng, cạnh 12), Thịt heo ba chỉ: 200g (Mua nguyên khối, cân bằng mỡ và thịt), Phô mai lát: 2 lát, Cà rốt : 100g (cắt hình que), Đậu cô ve: 4 cây, Hành lá : 4 cây, Củ hồi: 30g, Mù tạt xanh: 1/2m, ĂN KÈM: Salad, cà chua, dưa leo., Gia vị: Tiêu, tương ớt, dầu, Hạt nêm Aji-ngon® Heo, Xốt Mayonnaise Aji-mayo® Vị Nguyên Bản, Aji-Quick® Bột Tẩm Khô Chiên Giòn",Trụng rau:,Cuộn cá:,"Cắt bỏ cọng hành lá sau đó cắt khoanh cuộn cá. Trình bày cùng với xà lách, cà chua và dưa leo, chấm cùng với Xốt Mayonnaise Aji-mayo® Vị Nguyên Bản và tương ớt pha cùng với nhau theo tỉ lệ 1:1 và 1m củ hồi băm nhỏ. Món ăn ngon đi kèm:Salad rong nho",✅ Trụng rau trước khi cuộn giúp các nguyên liệu được chín đều hơn.✅ Cho mù tạt xanh vào trong cá giúp khử mùi cho cá.✅ Cho củ hồi vào trong cuộn cá giúp tăng thêm mùi thơm cho món ăn.,Cá ngừ cuộn phô mai,3.75,237.5,18.75,1.5,1.25,3.0,0.25,1.0,25.0,1.0,50.0,150.0,7.5,5.0,200.0,175.0
https://monngonmoingay.com/ca-thu-sot-xoai/,https://monngonmoingay.com/wp-content/smush-webp/2023/09/ca-thu-sot-xoai-1024x584.jpg.webp,https://www.youtube.com/channel/UC-2EWHDbHnx5JOeyWfLdIxQ,Cá thu sốt xoài,"Cá thu sốt xoài món ăn hàng ngày thơm ngon cho cả gia đình. Cá chín vàng có màu xanh của hành lá, xoài tượng trộn tương xí muội sánh thơm. Cá vàng giòn không bị cứng bên ngoài, bên trong giữ được độ ngọt mềm. Cùng Món Ngon Mỗi Ngày vào bếp làm ngay món ăn thơm ngon này cho cả nhà nhé! Xem thêm các món cá ngon",4 người,30 Phút,Dễ,"Cá, Thực đơn hàng ngày, Món Á","Cá thu: 3 khứa (Lát mỏng, tổng 500g), Xoài keo: 1 trái, RAU NÊM: Hành lá, Gia vị: Tương xí muội, Dầu ăn, Aji-Quick® Bột Tẩm Khô Chiên Giòn, Cá thu: 3 khứa (Lát mỏng, tổng 500g), Xoài keo: 1 trái, RAU NÊM: Hành lá, Gia vị: Tương xí muội, Dầu ăn, Aji-Quick® Bột Tẩm Khô Chiên Giòn","Cá thu rửa sạch, để ráo. Xoài cắt hạt lựu khoảng ½ chén. Hành lá đập dập, băm nhỏ, ướp với cá và tẩm ½ gói bột Gia vị nêm sẵn Aji-Quick® Bột tẩm khô chiên giòn.","Làm nóng 1M dầu trong chảo, cho cá vào chiên áp chảo chín vàng hai mặt, xếp cá ra dĩa. Pha xốt: trộn ½ chén xoài tượng với 1 chén tương xí muội.","Múc xốt ra đĩa, xếp cá lên trên, dùng kèm với cơm trắng và rau luộc. Món ăn ngon đi kèm:Canh sườn bí đỏ rong biển",✅ Cắt cá lát giúp cá mau thấm gia vị và khi chiên có độ giòn.✅ Chọn xoài có độ giòn và chua nhẹ để phù hợp với món ăn.,Cá thu sốt xoài,16.25,262.5,21.25,10.0,1.25,15.0,6.25,2.5,20.0,1.0,45.0,175.0,7.5,3.75,225.0,200.0
https://monngonmoingay.com/tom-yum-kung/,https://monngonmoingay.com/wp-content/smush-webp/2023/08/tom-yum-kung-1024x584.jpg.webp,https://www.youtube.com/channel/UC-2EWHDbHnx5JOeyWfLdIxQ,Tom Yum Kung,Tom Yum Kung là món súp chua cay rất đặc sắc được xem làm món ăn quốc dân của đất nước Thái Lan. Từ “tom yum” là hai từ tiếng Thái. Tom là quá trình đun sôi trong khi yum có nghĩa là hỗn hợp. Món ăn có vị chua cay riêng biệt với các gia vị được kết hợp hài hòa trong nước dùng. Cùng xem cách làm và thực hiện món Tom Yum với đầu bếp Món Ngon Mỗi Ngày nhé! Xem thêm các món ngon từ tôm,4 người,30 Phút,Dễ,"Khác, Tôm, Nấm, Thực đơn hàng ngày, Món Á","Tôm càng xanh 120-150g: 4 con, Hành tím lột vỏ: 12 củ, Riềng cạo vỏ: 1 nhánh, Sả cây bỏ lá: 4 cây, Ớt hiểm: 4 quả, Lá chúc: 6 lá, Nấm rơm luộc: 120g, Nước dừa Xiêm: 1 quả, Cà chua: 2 quả, RAU NÊM: Ngò rí ( 2 cây ), ĂN KÈM: Cơm trắng, bún hoặc miến, Gia vị: Dầu điều, nước mắm, Gia vị nêm sẵn Aji-Quick® Lẩu Thái, Tôm càng xanh 120-150g: 4 con, Hành tím lột vỏ: 12 củ, Riềng cạo vỏ: 1 nhánh, Sả cây bỏ lá: 4 cây, Ớt hiểm: 4 quả, Lá chúc: 6 lá, Nấm rơm luộc: 120g, Nước dừa Xiêm: 1 quả, Cà chua: 2 quả, RAU NÊM: Ngò rí ( 2 cây ), ĂN KÈM: Cơm trắng, bún hoặc miến, Gia vị: Dầu điều, nước mắm, Gia vị nêm sẵn Aji-Quick® Lẩu Thái","Tôm càng bỏ chân, vỏ mình chừa đuôi, bỏ chỉ lưng. Ướp với 1/2M Gia vị nêm sẵn Aji-Quick® LẨU THÁI . Hành tím cắt đôi, riềng cắt lát, sả cây cắt khúc đập giập, ớt hiểm đập giập, lá chúc xé nhỏ, nấm rơm khứa đầu nấm, cà chua cắt múi. Ngò rí cắt nhỏ.","Cho dầu điều vào nồi, xào nấm và hành tím trước, sau đó cho cà chua vào xào sơ rồi trút ra. Thêm dầu điều vào xào riềng thơm rồi hòa nước dừa với nước đủ 1,5 lít cho vào cùng Gia vị nêm sẵn Aji-Quick® LẨU THÁI còn lại vào, sau đó cho các nguyên liệu đã xào vào nấu sôi, rồi cho tôm vào nấu chín, thả lá chúc xé 4 vào, hoàn tất.","Cho canh ra tô rắc ngò lên trên dùng nóng với cơm hoặc bún, miến. Món ăn ngon đi kèm:Sườn non kho xá bấu",✅ Bỏ vỏ phần mình tôm để tôm thấm vị mà không bị co nhỏ.✅ Xào sơ các rau gia vị để món canh dậy mùi thơm.✅ Nước canh thật sôi mới cho tôm vào để tôm được săn chắc.,Tom Yum Kung,8.75,87.5,7.5,3.75,1.25,6.25,0.0,0.375,20.0,0.75,37.5,62.5,7.5,0.5,125.0,200.0
https://monngonmoingay.com/canh-chua-thit-bam/,https://monngonmoingay.com/wp-content/smush-webp/2023/07/canh-chua-thit-bam.jpg.webp,https://www.youtube.com/channel/UC-2EWHDbHnx5JOeyWfLdIxQ,Canh chua thịt băm,Món canh chua thịt băm thanh mát rất thích hợp trong các ngày nắng nóng. Đảm bảo món ăn rất bắt cơm luôn nhé! Xem thêm: các món canh ngon,4 người,15 Phút,Dễ,"Canh/Súp, Thịt heo, Thực đơn hàng ngày","Thịt băm: 100g, Cà chua: 150g, Giá đỗ: 50g, Hành củ, tỏi củ, hành hoa, ngò om, ngò gai, Gia vị: dầu ăn, Gia vị nêm sẵn Aji-Quick® Lẩu Thái, Thịt băm: 100g, Cà chua: 150g, Giá đỗ: 50g, Hành củ, tỏi củ, hành hoa, ngò om, ngò gai, Gia vị: dầu ăn, Gia vị nêm sẵn Aji-Quick® Lẩu Thái","Cà chua: bổ múi cau. Giá đỗ: nhặt sạch. Hành củ, tỏi củ, hành hoa, ngò om, ngò gai: tất cả thái nhỏ","Phi thơm hành tỏi, cho thịt băm vào xào, sau đó cho cà chua vào đảo chín. Thêm 1 lít nước, đun sôi vớt bọt và nêm 4M Gia vị nêm sẵn Aji-Quick® Lẩu Thái, sau đó đun sôi và tắt lửa. Cho giá đỗ, các loại rau thơm vào bát, sau đó múc canh nóng vào.",Dùng với cơm trắng.,Không tìm thấy,Canh chua thịt băm,3.25,62.5,5.0,1.75,0.75,6.25,0.0,0.125,7.5,0.625,15.0,37.5,5.0,1.25,100.0,150.0
https://monngonmoingay.com/canh-chua-dua-cai/,https://monngonmoingay.com/wp-content/smush-webp/2023/07/canh-suon-nau-chua.jpg.webp,https://www.youtube.com/channel/UC-2EWHDbHnx5JOeyWfLdIxQ,Canh chua dưa cải,Món canh chua dưa cải thích hợp cho ngày nắng nóng. Món canh ngon nhất khi ăn ngay lúc canh còn ấm nóng sẽ giữ được đầy đủ hương vị nhé! Xem thêm các món canh ngon,4 người,30 Phút,Dễ,"Canh/Súp, Thịt heo, Thực đơn hàng ngày, Nam","Sườn non: 250g, Cà chua: 80g, Dưa cải chua: 80g, Rau om, ngò gai: cắt nhỏ, Hành tím băm, Gia vị: dầu ăn, nước mắm, Gia vị nêm sẵn Aji-Quick® Lẩu Thái, Sườn non: 250g, Cà chua: 80g, Dưa cải chua: 80g, Rau om, ngò gai: cắt nhỏ, Hành tím băm, Gia vị: dầu ăn, nước mắm, Gia vị nêm sẵn Aji-Quick® Lẩu Thái","Sườn non: rửa sạch, chặt miếng vừa ăn, chần sơ, để ráo. Cà chua: cắt múi cau. Dưa cải chua: rửa sạch, cắt miếng vừa ăn, để ráo. Rau om, ngò gai: cắt nhỏ.","Phi thơm hành tím với dầu ăn, cho cà chua và sườn non vào xào sơ. Thêm 1.7 lít nước vào đun sôi khoảng 10 phút, cho cải chua vào, nêm 4M Gia vị nêm sẵn Aji-Quick® Lẩu Thái. Khi nước sôi trở lại thì cho 2M nước mắm, rau om, ngò gai vào rồi tắt lửa.",Dùng nóng với cơm hoặc bún.,Không tìm thấy,Canh chua dưa cải,2.5,137.5,8.75,1.25,0.5,3.75,0.0,0.125,7.5,0.625,25.0,62.5,2.5,2.5,100.0,300.0
https://monngonmoingay.com/canh-tom-chua-cay/,https://monngonmoingay.com/wp-content/smush-webp/2018/03/canh-tom-chua-cay.jpg.webp,https://www.youtube.com/channel/UC-2EWHDbHnx5JOeyWfLdIxQ,Canh tôm chua cay,"Tôm sú là loại thực phẩm rất tốt cho hệ tim mạch, ít cholesterol, thường để chế biến nhiều món ăn hấp dẫn. Món canh tôm chua cay là sự kết hợp bổ dưỡng của tôm sú, thêm chút cay nồng cực kích thích. Dễ làm, bổ dưỡng lại lạ miệng, bạn còn chờ gì mà không làm thử ngay hôm nay? Xem thêm các món canh ngon",4 người,30 Phút,Dễ,"Canh/Súp, Hầm, Tôm, Cà chua, Rau củ quả khác, Củ quả, Các loại rau, Phở / bún / hủ tiếu / miến, Cuối tuần, Thực đơn hàng ngày, Bữa tối, Bữa trưa, Nam, Cha, Mẹ, Người lớn tuổi","Tôm sú (size 50 con/kg ): 300g, Thơm: 1/4 trái, Cà chua chín đỏ: 2 quả, Bắp chuối bào: 200g, Hành tây: 1/2 củ, Lá rau quế: 20g, Tỏi băm: 2M, Gia vị: Dầu ăn, rau om, ngò gai, nước mắm, ĂN KÈM: Cơm hoặc bún, Gia vị nêm sẵn Aji-Quick® Lẩu Thái, Tôm sú (size 50 con/kg ): 300g, Thơm: 1/4 trái, Cà chua chín đỏ: 2 quả, Bắp chuối bào: 200g, Hành tây: 1/2 củ, Lá rau quế: 20g, Tỏi băm: 2M, Gia vị: Dầu ăn, rau om, ngò gai, nước mắm, ĂN KÈM: Cơm hoặc bún, Gia vị nêm sẵn Aji-Quick® Lẩu Thái","Tôm bỏ đầu, lột vỏ, chừa đuôi, giữ lại phần đầu và vỏ tôm để nấu nước dùng. Nấu nước dùng: cho phần đầu và vỏ tôm vào nồi, rang khô, đổ vào 1.6L nước, nấu sôi với lửa nhỏ trong 5 phút, sau đó lọc lại lấy nước dùng tôm. Thơm cắt rẻ quạt. Cà chua, hành tây cắt múi cau. Rau quế, rau om, ngò gai cắt nhỏ.","Đun nóng 2M dầu ăn, cho tỏi vào phi vàng, tắt lửa, vớt tỏi ra để riêng, cho tiếp cà chua và thơm vào xào mềm rồi cho phần nước dùng tôm vào, nêm 1 gói Gia vị nêm sẵn Aji-Quick® Lẩu Thái, khuấy đều. Trước khi ăn cho hành tây và tôm vào nấu chín, nhúng hoa chuối bào vừa chín, thêm rau quế, rau om, ngò gai và tỏi phi vào.","Múc canh tôm chua cay ra tô, thêm nước mắm tùy vị, trang trí với rau quế và tỏi phi. Món ăn ngon đi kèm:Thịt ba chỉ rim chanh sả",✅ Tận dụng đầu và vỏ tôm rang khô để nước canh ngọt hơn.✅ Thêm bắp chuối sau khi tắt lửa để bắp chuối giòn và không bị thâm.,Canh tôm chua cay,11.25,112.5,10.0,3.75,1.75,10.0,0.0,0.25,37.5,0.75,50.0,75.0,12.5,1.25,150.0,300.0
https://monngonmoingay.com/khoai-tay-nuong-pho-mai/,https://monngonmoingay.com/wp-content/smush-webp/2023/07/khoai-tay-nuong-pho-mai.jpg.webp,https://www.youtube.com/channel/UC-2EWHDbHnx5JOeyWfLdIxQ,Khoai tây nướng phô mai,Món khoai tây nướng phô mai thích hợp cho các tin đồ ăn vặt hay là món ăn chơi trong mỗi dịp du lịch picnic!,4 người,15 Phút,Dễ,"Nướng, Thịt heo, Thực đơn hàng ngày, Sinh nhật, Cuối tuần, Ăn vặt, Món Á, Món Âu, Trẻ em, Mẹ","Khoai tây: 300g, Thịt ba rọi xông khói: 50g, Ngò tây: 1 nhánh, Phô mai mozzarella: 30g, Gia vị: Muối, tiêu, ớt bột, Xốt Mayonnaise Aji-mayo® Vị Nguyên Bản, Khoai tây: 300g, Thịt ba rọi xông khói: 50g, Ngò tây: 1 nhánh, Phô mai mozzarella: 30g, Gia vị: Muối, tiêu, ớt bột, Xốt Mayonnaise Aji-mayo® Vị Nguyên Bản",,"Làm nóng nồi chiên không dầu ở nhiệt độ 180 độ, cho khoai vào nướng 15 phút, sau đó thêm phô mai nướng thêm 5 phút đến khi phô mai tan chảy.","Cho khoai tây nướng ra dĩa, thêm mayonniase lên trên, rắc thêm ớt bột. Dùng nóng.",Không tìm thấy,Khoai tây nướng phô mai,15.25,130.0,4.25,1.0,1.5,6.75,0.0,0.125,45.0,0.375,12.5,75.0,7.5,3.0,250.0,150.0
https://monngonmoingay.com/canh-suon-cu-sen-a-ti-so/,https://monngonmoingay.com/wp-content/smush-webp/2023/07/canh-suon-cu-sen-atiso.jpg.webp,https://www.youtube.com/channel/UC-2EWHDbHnx5JOeyWfLdIxQ,CANH SƯỜN CỦ SEN A-TI-SÔ,"Nước canh trong, thơm mùi đặc trưng từ bông a-ti-sô, sườn mềm mọng, ngọt thanh thấm vị, ăn cùng rau củ vừa chín tới, cực cuốn hút. Công thức dễ làm mà hương vị hấp dẫn cực kì. Thích hợp giải nhiệt ngày nắng nóng! Vào bếp thử ngay món Canh Sườn Củ Sen A-ti-so! Xem thêm các món canh ngon",4 người,30 Phút,Dễ,"Canh/Súp, Thịt heo, Các loại rau, Thực đơn hàng ngày, Món Á","Sườn non: 300g, Củ sen: 100g, Cà rốt: 50g (Tỉa hoa), Bông A-ti-sô: 1 cái (Khoảng 200-300g), Hành tây: 1/2 củ, Hành tím: 2 củ (Nướng sơ bóc vỏ), RAU NÊM: Hành lá, ngò rí, Gia vị: Muối, nước mắm, tiêu, Hạt nêm Aji-ngon® Heo, Sườn non: 300g, Củ sen: 100g, Cà rốt: 50g (Tỉa hoa), Bông A-ti-sô: 1 cái (Khoảng 200-300g), Hành tây: 1/2 củ, Hành tím: 2 củ (Nướng sơ bóc vỏ), RAU NÊM: Hành lá, ngò rí, Gia vị: Muối, nước mắm, tiêu, Hạt nêm Aji-ngon® Heo","Sườn non chặt 3 cm. Củ sen cắt khoanh dày 3 ly. A-ti-sô rửa sạch chẻ 2. Hành tây cắt múi cau nhỏ. Ướp sườn : 1m Hạt nêm Aji-ngon® HEO, 1/2 m muối.","Đun 1 nồi nước 1,8 L. Cho sườn vào nấu cùng 2 củ hành tím nướng. Nêm nước dùng với 1/2m muối, 1/2M Hạt nêm Aji-ngon® HEO. Sau khi nấu 10 phút thì cho củ sen và a-ti-sô vào. Nấu thêm 25 phút thì cho hành tây và cà rốt vào. Khi tất cả chín mềm thì cho 1/2M nước mắm, tắt lửa.","Múc canh ra tô, rắc tiêu bày hành ngò. Dọn kèm 1 chén nước mắm nguyên. Dùng với cơm. Món ăn đi kèm:Ốc hương xào củ dừa","✅ Nấu A-ti-sô khoảng 25 phút để bông được chín mềm.✅ Chọn bông A-ti-sô còn tươi, màu xanh sáng, không bị giập héo các cánh.",CANH SƯỜN CỦ SEN A-TI-SÔ,3.5,55.0,3.5,1.0,0.8,1.5,0.0,0.0699999999999999,5.0,0.3,10.0,30.0,4.0,0.8,70.0,60.0
https://monngonmoingay.com/ba-roi-sa-ot-tam-bot-chien-gion/,https://monngonmoingay.com/wp-content/smush-webp/2023/07/ba-roi-chien-sa-ot.jpg.webp,https://www.youtube.com/channel/UC-2EWHDbHnx5JOeyWfLdIxQ,Ba rọi sả ớt tẩm bột chiên giòn,"Thịt ba rọi chín giòn, có màu vàng nâu hấp dẫn, lại béo ngọt đậm đà, thơm mùi sả ớt bao quanh càng làm kích thích thêm vị giác trong bữa cơm. Ba rọi sả ớt tẩm bột chiên giòn ăn chơi cũng ngon mà bữa chính cũng hợp lý vô cùng. Nhanh gọn dễ dàng! Thử ngay nhé! Xem thêm các món ngon từ thịt heo",4 người,15 Phút,Dễ,"Chiên, Thịt heo, Thực đơn hàng ngày, Cuối tuần, Món nhậu, Món Á","Thịt ba chỉ 500g, Sả băm, Ớt băm, Gia vị: Dầu ăn, Aji-Quick® Bột Tẩm Khô Chiên Giòn, Thịt ba chỉ 500g, Sả băm, Ớt băm, Gia vị: Dầu ăn, Aji-Quick® Bột Tẩm Khô Chiên Giòn","Thịt ba chỉ cắt miếng nhỏ hình con chì, ướp 1m hành tím băm, 1m tỏi băm, 1m ớt băm, nửa gói Gia vị nêm sẵn Aji-Quick® Bột tẩm khô chiên giòn để thấm.","Phi thơm 1M sả, 1M tỏi, 1M ớt băm với 1M dầu ăn, trút ra để riêng. Sau đó cho thịt chiên ngập dầu, sau khi thịt chín thì tắt lửa. Trộn thịt với sả, tỏi, ớt đã phi.","Cho ba rọi chiên sả ớt ra dĩa, dùng nóng với cơm trắng. Món ăn đi kèm:Salad mực ống","✅ Tẩm sả, tỏi, ớt vào ba rọi trước để thịt thấm gia vị và thơm ngon hơn.✅ Phi thơm sả, tỏi, ớt riêng để giữ độ giòn cho thịt và tăng hương vị cho món ăn.✅ Ướp thịt vớiGia vị nêm sẵn Aji-Quick® Bột tẩm khô chiên giòn để tạo màu vàng nâu hấp dẫn cho thịt.",Ba rọi sả ớt tẩm bột chiên giòn,3.75,437.5,12.5,0.5,0.25,1.25,0.0,0.125,5.0,0.625,50.0,62.5,1.25,15.0,100.0,300.0
https://monngonmoingay.com/sun-ga-rang-la-ca-ri-cay/,https://monngonmoingay.com/wp-content/smush-webp/2023/06/sun-ga-rang-la-ca-ri-cay.jpg.webp,https://www.youtube.com/channel/UC-2EWHDbHnx5JOeyWfLdIxQ,Sụn gà rang lá cà ri cay,"Món “sụn gà rang lá cà ri cay” với sụn gà tẩm đều bột chiên chín giòn, vị đậm đà, vừa ăn, có vị cay nhẹ. Món ăn trình bày hấp dẫn với màu thịt gà vàng nâu, điểm vài sợi lá cà ri và ớt xiêm xanh. Tham khảo thêm các món ngon từ gà",4 người,15 Phút,Dễ,"Chiên, Thịt gà, Cuối tuần, Bữa tối, Món nhậu, Món Á, Cha","Sụn gà: 300g, Lá cà ri tươi: 3 nhánh, Ớt xiêm xanh: 10g, ĂN KÈM: xà lách, đồ chua., Gia vị: Dầu ăn, Xốt Mayonnaise Aji-mayo® Vị Nguyên Bản, Aji-Quick® Bột Tẩm Khô Chiên Giòn, Sụn gà: 300g, Lá cà ri tươi: 3 nhánh, Ớt xiêm xanh: 10g, ĂN KÈM: xà lách, đồ chua., Gia vị: Dầu ăn, Xốt Mayonnaise Aji-mayo® Vị Nguyên Bản, Aji-Quick® Bột Tẩm Khô Chiên Giòn","Lá cà ri cắt nhuyễn. Sụn gà rửa sạch, để ráo, ướp với lá cà ri và ớt xiêm xanh.","Đun nóng dầu ăn, cho nhánh lá cà ri vào chiên trước rồi vớt ra giấy thấm dầu. Tẩm sụn gà qua Gia vị nêm sẵn Aji-Quick® Bột tẩm khô chiên giòn, đem chiên chín vàng, vớt ra để ráo dầu.","Bày sụn gà ra dĩa, topping xốt xốt mayonnaise Aji-mayo vị nguyên bản, ăn kèm với xà lách, đồ chua. Món ăn ngon đi kèm:Măng tây xào tôm mực",Dùng lá cà ri tươi giúp món ăn có hương vị thơm ngon và lạ miệng.Chiên lá cà ri trước để dầu có mùi thơm đặc trưng.,Sụn gà rang lá cà ri cay,3.75,162.5,11.25,1.25,0.5,2.5,0.0,0.125,20.0,0.75,37.5,62.5,3.75,2.5,50.0,200.0
https://monngonmoingay.com/thit-bo-xao-bong-so-dua/,https://monngonmoingay.com/wp-content/smush-webp/2016/08/thit-bo-xao-bong-so-dua.jpg.webp,https://www.youtube.com/channel/UC-2EWHDbHnx5JOeyWfLdIxQ,Thịt bò xào bông so đũa,"Thịt bò là loại thực phẩm được xếp vào loại protein cao cấp, cách chế biến sao cho thịt bò vẫn giữ được độ mềm nhưng không bị khô luôn là vấn đề then chốt quyết định món ăn có ngon hay không. Hôm nay, đầu bếp của Món Ngon Mỗi Ngày sẽ bật mí một số bí kíp để xào thịt bò thật ngon chung với bông so đũa nhé. Quý vị hãy cùng xem và bắt tay vào làm ngay nhé!",4 người,20 Phút,Dễ,"Món Xào, Thịt bò, Rau củ quả khác, Các loại rau, Củ quả, Khác, Bữa trưa, Bữa tối, Món Á, Cha, Mẹ, Người lớn tuổi, Trẻ em","Thịt bò phi lê: 200g, Bông so đũa: 150g (bỏ nhụy), Hành tây: 1/2 củ, Ớt chuông đỏ: 1/3 trái, Ớt chuông vàng: 1/3 trái, Hành tỏi băm, RAU NÊM: Hành lá, ngò rí, Gia vị: Tiêu, dầu hào, dầu ăn, Nước tương ""Phú Sĩ"", Hạt nêm Aji-ngon® Heo, Thịt bò phi lê: 200g, Bông so đũa: 150g (bỏ nhụy), Hành tây: 1/2 củ, Ớt chuông đỏ: 1/3 trái, Ớt chuông vàng: 1/3 trái, Hành tỏi băm, RAU NÊM: Hành lá, ngò rí, Gia vị: Tiêu, dầu hào, dầu ăn, Nước tương ""Phú Sĩ"", Hạt nêm Aji-ngon® Heo","Thịt bò cắt lát mỏng, ướp 1/3m tiêu, 1/2m hạt nêm Aji-ngon® Heo, 1M hành tỏi băm, trộn đều. Hành tây cắt múi cau, ớt chuông vàng và đỏ cắt miếng vừa ăn.","Phi thơm hành tỏi băm với 2M dầu ăn, cho thịt bò xào nhanh vừa chín trút ra. Tiếp tục phi dầu với hành tỏi, cho lần lượt ớt chuông, hành tây vào xào, nêm 1m hạt nêm Aji-Ngon® Heo, 1/2M nước tương “Phú Sĩ”, 1/2M dầu hào tiếp tục cho bông so đũa xào nhanh tay khoảng 2 phút, cuối cùng cho thịt bò vào trộn đều, tắt lửa và thêm hành lá, ngò rí, rắc tiêu.",Trình bày món ăn ra dĩa. Khi ăn chấm kèm nước tương “Phú Sĩ”. Món ăn ngon đi kèm:Canh chua sườn?Xem thêm:Các món xào ngon,"Không nên ướp thịt bò với nhiều gia vị mặn, thịt bò sẽ bị ra nước và dai khi xào.Cho bông so đũa vào cuối cùng khi xào để rau giữ độ giòn.",Thịt bò xào bông so đũa,6.25,105.0,11.25,2.0,1.5,22.5,0.125,0.75,12.5,1.25,30.0,87.5,15.0,2.0,175.0,150.0
https://monngonmoingay.com/ca-trung-chien-gion/,https://monngonmoingay.com/wp-content/smush-webp/2023/04/ca-trung-chien-gion.jpg.webp,https://www.youtube.com/channel/UC-2EWHDbHnx5JOeyWfLdIxQ,Cá trứng chiên giòn,"Cá trứng chiên giòn hấp dẫn đầy màu sắc với màu cá chiên vàng sáng kết hợp màu sắc các loại rau. Món cá có vị ngọt, thơm mùi húng lũi, béo nhẹ của Xốt Mayonnaise Aji-mayo® Vị Nguyên Bản và mè đen. Cùng vào bếp làm ngay món cá mới thơm ngon cho cả gia đình thưởng thức ngay nào!",4 người,15 Phút,Dễ,"Chiên, Cá, Thực đơn hàng ngày, Món Á","Cá trứng: 200g, Bột chiên giòn AjiQuick: 1 gói, Rau húng lủi, Ớt sừng cắt sợi: 1 trái, Mè đen rang: 1m, Chanh: 1 trái, ĂN KÈM: rau mầm 3 màu, Gia vị: dầu ăn, tương ớt, Xốt Mayonnaise Aji-mayo® Vị Nguyên Bản, Aji-Quick® Bột Chiên Giòn, Cá trứng: 200g, Bột chiên giòn AjiQuick: 1 gói, Rau húng lủi, Ớt sừng cắt sợi: 1 trái, Mè đen rang: 1m, Chanh: 1 trái, ĂN KÈM: rau mầm 3 màu, Gia vị: dầu ăn, tương ớt, Xốt Mayonnaise Aji-mayo® Vị Nguyên Bản, Aji-Quick® Bột Chiên Giòn","Cá tẩm 2M Gia vị nêm sẵn Aji-Quick® Bột Chiên Giòn, phần bột còn lại pha với nước theo tỉ lệ trên bao bì, cho thêm ít mè đen rang. Rau húng lũi lặt lấy lá to","Chiên cá: Cho vào chảo 1/2 lít dầu, đun nóng cho lá húng lũi vào chiên cho xanh giòn và bóng vớt để ráo dầu, tiếp tục tẩm cá qua bột gia vị nêm sẵn Aji-Quick® Bột Chiên Giòn pha nước rồi chiên cá cho cá giòn và chín hẳn, vớt ra giấy thấm dầu.","Trình bày cá chiên, cùng với rau mầm 3 màu, lá húng lủi chiên, topping bằng Xốt Mayonnaise Aji-mayo® Vị Nguyên Bản, tương ớt theo tỉ lệ 2:1, rắc mè đen rang, ớt sợi lên và 1 miếng chanh. Món ăn ngon đi kèm:Canh bóng cuộn bí ngòi","Chiên lá húng lũi trước để dầu thơm, sau đó chiên cá sẽ ngon hơn.Món chiênnên ăn kèm với rau sống, rau thơm để thêm ngon miệng và cân bằng dinh dưỡng.",Cá trứng chiên giòn,8.75,137.5,8.75,1.25,0.5,3.75,0.0,0.5,37.5,0.5,37.5,75.0,5.0,2.0,100.0,200.0
https://monngonmoingay.com/canh-chua-ca-dua-1-nang/,https://monngonmoingay.com/wp-content/smush-webp/2023/04/canh-chua-ca-dua-mot-nang.jpg.webp,https://www.youtube.com/channel/UC-2EWHDbHnx5JOeyWfLdIxQ,Canh chua cá dứa 1 nắng,"Canh chua cá dứa 1 nắng hấp dẫn vợi sự kết hợp màu sắc tự nhiên của các loại rau quả. Vị vừa ăn, chua cay nhẹ. Chắc chắn công thức biến tấu món canh chua mới sẽ làm thay đổi hương vị của gia đình ngay nhé mẹ! * Cách chọn cá dứa một nắng: Cá dứa một nắng có đặc điểm màu trắng mỏng, trên lưng có chỉ lưng màu đen, vây cá nhỏ thon màu hồng nhạt. Cá dứa thật chỉ có một đường xương sống nhỏ dễ cắt bỏ, ít xương nhiều thịt. Bạn sẽ dễ nhầm lẫn với cá tra không có chỉ lưng và vây màu đen to hơn. ‍?Xem thêm công thức các món cá ngon",4 người,30 Phút,Dễ,"Canh/Súp, Cá, Thực đơn hàng ngày, Các món ăn kèm, món phụ, Nam, Mẹ, Cha","Cá dứa 1 nắng fillet: 500g (Mua đúng cá dứa 1 nắng), Bạc hà: 1/4 cây (Tước vỏ), Cà chua: 2 quả (Chín đỏ, cắt múi cau), Giá sống: 200g (Lặt gốc, rửa sạch), Thơm trái: 1/2 trái (Bỏ mắt), Tỏi băm: 1M, RAU NÊM: Ngò gai, rau om, ĂN KÈM: Cơm trắng, mắm mặn ớt xắt, Gia vị: Dầu ăn, nước mắm, Gia vị nêm sẵn Aji-Quick® Lẩu Thái, Cá dứa 1 nắng fillet: 500g (Mua đúng cá dứa 1 nắng), Bạc hà: 1/4 cây (Tước vỏ), Cà chua: 2 quả (Chín đỏ, cắt múi cau), Giá sống: 200g (Lặt gốc, rửa sạch), Thơm trái: 1/2 trái (Bỏ mắt), Tỏi băm: 1M, RAU NÊM: Ngò gai, rau om, ĂN KÈM: Cơm trắng, mắm mặn ớt xắt, Gia vị: Dầu ăn, nước mắm, Gia vị nêm sẵn Aji-Quick® Lẩu Thái","Ngâm cá qua nước lạnh với ít muối 10 phút. Vớt ra, rửa lại nước lạnh, để ráo. Cắt miếng cạnh 3cm ướp với 1m Gia vị nêm sẵn Aji-Quick® Lẩu Thái. Bạc hà cắt khúc xéo dài 4cm, cà chua cắt múi, thơm cắt miếng dày 1cm, bản 3cm.","Phi vàng tỏi, trút tỏi để riêng. Cho cá vào xào săn, trút ra để bên. Tiếp tục cho cà chua, thơm vào xào cho lên màu trút ra để riêng. Cho 1.5 lít nước vào, cho nốt gói Gia vị nêm sẵn Aji-Quick® Lẩu Thái vào, đun sôi. Cho tất cả thành phần ở trên và còn lại vào. Thêm 1m nước mắm, nếm vị vừa ăn.","Cho canh vào tô, thêm tỏi phi, rau nêm trên mặt. Dùng nóng với cơm. Chấm cá với nước mắm sống tùy vị. Món ngon đi kèm:Thịt ba chỉ kho cam,Rau củ xào thịt cua.","Ngâm cá qua nước lanh pha muối để cá thấm vị, không tanh. Giữ được độ tươi và kết cấu của thớ thịt.Xào sơ cá cũng như các loại rau để riêng để đảm bảo nguyên liệu có độ chín đồng đều, vừa ăn món canh thơm hơn.Thêm tỏi phi, nước mắm, ngò gai, rau om để tạo mùi canh chua đặc trưng miền Nam.",Canh chua cá dứa 1 nắng,10.0,187.5,17.5,3.75,1.75,7.5,0.0,0.125,25.0,0.5,37.5,125.0,12.5,2.5,200.0,300.0
https://monngonmoingay.com/canh-ca-chep-gion-nau-nghe/,https://monngonmoingay.com/wp-content/smush-webp/2023/02/canh-ca-chep-gion-nau-nghe.jpg.webp,https://www.youtube.com/channel/UC-2EWHDbHnx5JOeyWfLdIxQ,Canh cá chép giòn nấu nghệ,"Món canh cá chép giòn nấu nghệ thơm ngon với nước canh trong có vị chua dịu, cá chín giòn vị đậm vừa ăn. Màu sắc vàng nghệ của cá và màu tự nhiêu của rau củ hấp dẫn ngay cái nhìn đầu tiên. Cùng Món Ngon Mỗi Ngày vào bếp làm ngay món canh mới này cho cả nhà thưởng thức ngay nhé!",4 người,30 Phút,Dễ,"Canh/Súp, Cà chua, Cá, Thực đơn hàng ngày, Món Á, Cha, Mẹ, Người lớn tuổi, Trẻ em","Cá chép giòn: 1/2 con, Cà chua: 2 quả, Nghệ tươi xay: 1M, Hành tím băm: 1M, Tỏi băm: 1/2M, Thì là: 100g, Hành lá: 4 nhánh, ĂN KÈM: Nước mắm ớt lát, Gia vị: Dầu ăn, nước mắm, bột canh, ""AJINOMOTO"" Giấm gạo lên men, Cá chép giòn: 1/2 con, Cà chua: 2 quả, Nghệ tươi xay: 1M, Hành tím băm: 1M, Tỏi băm: 1/2M, Thì là: 100g, Hành lá: 4 nhánh, ĂN KÈM: Nước mắm ớt lát, Gia vị: Dầu ăn, nước mắm, bột canh, ""AJINOMOTO"" Giấm gạo lên men","Cá làm sạch sát muối giấm để 5 phút sau đó rửa sạch để ráo. Ướp cá với 1M nghệ xay,1m hành tím băm, 1m tỏi băm, 1m bột canh 15 phút. Cà chua cắt múi. Hành lá thì là cắt khúc 3cm.","Phi thơm hành tím và tỏi băm còn lại trong nồi, cho cà chua vào xào rám mặt trút ra để riêng. Thêm ít dầu ăn vào nồi, cho cá vào xào săn thêm 1,5 lít nước nóng, nêm 1M bột canh, 4m giấm gạo lên men nấu cho cá chín ( 10 phút). Nếm vị chua đậm vừa ăn. Thêm cà chua, hành lá, thì là nấu 2 phút. Sau cùng nêm 1m nước mắm, hoàn tất.",* Xem thêm:Các món cá ngon,"Ướp cá với nghệ tươi xay ngay từ đầu để cá thấm màu nghệ và thơm.Phi thơm hành tỏi rồi cho vào sau cùng để canh được thơm.Dùng nước nóng nấu canh để cá không tanh, săn chắc giòn",Canh cá chép giòn nấu nghệ,3.75,87.5,10.0,1.75,0.75,7.5,0.0,0.5,25.0,0.5,30.0,75.0,6.25,1.25,100.0,150.0
https://monngonmoingay.com/suon-chien-la-lot/,https://monngonmoingay.com/wp-content/smush-webp/2023/01/suon-non-chien-la-lot.jpg.webp,https://www.youtube.com/channel/UC-2EWHDbHnx5JOeyWfLdIxQ,Sườn chiên lá lốt,"Món sườn chiên lá lốt với thịt sườn heo chín giòn, không bị khô. Món ăn hấp dẫn bắt mắt với màu vàng nâu của sườn, bột xù chiên màu trắng vàng, vị đậm đà, vừa ăn, có độ giòn. Cùng Món Ngon Mỗi Ngày vào bếp thực hiện ngay món mới cho cả nhà thưởng thức ngay nào!",4 người,30 Phút,Dễ,"Chiên, Thịt heo, Thực đơn hàng ngày, Món mặn, Món nhậu, Món Á","Sườn non: 600g, Lá lốt: 20g, Ớt sừng: 1 trái, Bột xù: 10g, Gia vị: Muối, dầu ăn, Aji-Quick® Bột Tẩm Khô Chiên Giòn, Sườn non: 600g, Lá lốt: 20g, Ớt sừng: 1 trái, Bột xù: 10g, Gia vị: Muối, dầu ăn, Aji-Quick® Bột Tẩm Khô Chiên Giòn","Lá lốt cắt nhuyễn, chiên giòn. Ớt cắt lát, chiên nhanh, vớt ra để ráo. 10g bột xù và 2g muối rang chín vàng, sau đó xay nhuyễn.","Tẩm sườn với Aji-Quick bột tẩm khô chiên giòn, chiên chín vàng, vớt ra để ráo dầu.","Xếp sườn ra dĩa, rắc lá lốt, muối và ớt chiên lên trên, dùng nóng. Món ăn ngon đi kèm:Cà tím xào tôm thịt",Chọn sườn non khichiênxong sẽ không bị dai và khô.,Sườn chiên lá lốt,1.5,165.0,6.5,0.2,0.1,0.5,0.0,0.1,3.0,0.3,15.0,50.0,1.0,3.0,40.0,80.0
https://monngonmoingay.com/heo-kho-tau/,https://monngonmoingay.com/wp-content/smush-webp/2023/01/heo-kho-tau.jpg.webp,https://www.youtube.com/channel/UC-2EWHDbHnx5JOeyWfLdIxQ,Heo kho tàu,"Miếng thịt kho mềm rục, vị ngọt sắc của thịt hầm nhừ. Trứng gà lòng đào, béo mịn, quyện đều vào nước kho sóng sánh, hương vị khó quên. Vị ngon truyền thống với công thức món kho cực dễ dàng từ Món Ngon Mỗi Ngày. Vào bếp làm ngay!",4 người,45 Phút,Dễ,"Kho, Thịt heo, Trứng, Thực đơn hàng ngày, Món mặn, Bắc, Trung, Nam, Cha, Người lớn tuổi, Trẻ em, Mẹ","Thịt ba rọi: 600g (chọn miếng thịt mỡ đều), Nước dừa xiêm: 1 quả, Tỏi lột vỏ: 4 tép, Ớt sừng: 1 quả, Trứng gà: 4 quả, ĂN KÈM: Dưa giá hẹ hoặc dưa cải trộn, Gia vị: Nước mắm, Gia vị nêm sẵn Aji-Quick® Thịt Kho Tàu, Thịt ba rọi: 600g (chọn miếng thịt mỡ đều), Nước dừa xiêm: 1 quả, Tỏi lột vỏ: 4 tép, Ớt sừng: 1 quả, Trứng gà: 4 quả, ĂN KÈM: Dưa giá hẹ hoặc dưa cải trộn, Gia vị: Nước mắm, Gia vị nêm sẵn Aji-Quick® Thịt Kho Tàu","Luộc miếng thịt heo từ nước nguội cho thịt săn. Xả nước cho nguội bớt, ngâm vô nước đá cho lạnh. Cắt miếng cạnh 5cm. Tỏi đập giập ướp thịt với 2 gói gia vị nêm sẵn Aji-Quick® Thịt Kho tàu 15 phút, 1m nước mắm. Ớt sừng bỏ hạt, cắt khúc 3cm.","Hòa nước dừa với nước lọc đủ 600ml, cho thịt đã ướp vào kho nhỏ lửa (không để sôi) đến khi thịt chín rục (45 phút) thêm ớt sừng, tắt lửa giữ nóng. Trứng gà luộc từ nước nguội 10 phút, vớt ra ngâm nước đá làm lạnh nhanh, lột vỏ. Ngâm trứng trong nước kho 1h, hoàn tất.",Dùng nóng với cơm dưa giá hoặc dưa cải trộn. Món ăn ngon đi kèm:Tim heo xào măng tây,Luộc thịt rồi cắt miếng sau khi kho miếng thịt sẽ vuông vức đẹp măt hơn.Luộc lòng đào trứng gà rồi ngâm trong nước kho để trứng thấm vị nhưng còn giữ được nhiều dinh dưỡng.Dùng gia vị nêm sẵn Aji-Quick® Thịt Kho tàu việc chế biến món ăn sẽ dể dàng và ổn định chất cũng như hình thức hơn.,Heo kho tàu,3.75,625.0,25.0,2.5,0.5,2.0,0.5,0.25,20.0,2.0,200.0,200.0,12.5,20.0,150.0,375.0
https://monngonmoingay.com/mi-y-xot-cua/,https://monngonmoingay.com/wp-content/smush-webp/2023/04/mi-y-xot-cua.jpg.webp,https://www.youtube.com/channel/UC-2EWHDbHnx5JOeyWfLdIxQ,Mì Ý xốt cua,Mì Ý xốt cua chắc chắn sẽ là món ăn độc đáo vào buổi tiệc hay các buổi họp mặt cuối tuần tụ tập bạn bè và người thân.,4 người,15 Phút,Dễ,"Khác, Hải sản khác, Cuối tuần, Món Âu","Cua gạch: 2 con (Có thể mua cua thịt tươi & gạch cua đóng hộp), Mì Ý: 350g, Bơ lạt: 50g, Sốt cà chua đậm đặc (tomato paste): 50g, Hành tỏi băm: 100g, Nước luộc cua: 1 chén (Có thể thay thế bằng nước dùng), Lá oregano: 10g, Heavy cream: 1 chén (Nếu không có heavy cream có thể thay bằng cooking cream), Phô mai parmesan: 20g, Gia vị: Muối, tiêu, Hạt nêm Aji-ngon® Heo, Cua gạch: 2 con (Có thể mua cua thịt tươi & gạch cua đóng hộp), Mì Ý: 350g, Bơ lạt: 50g, Sốt cà chua đậm đặc (tomato paste): 50g, Hành tỏi băm: 100g, Nước luộc cua: 1 chén (Có thể thay thế bằng nước dùng), Lá oregano: 10g, Heavy cream: 1 chén (Nếu không có heavy cream có thể thay bằng cooking cream), Phô mai parmesan: 20g, Gia vị: Muối, tiêu, Hạt nêm Aji-ngon® Heo","Tách riêng phần gạch và thịt cua. Luộc cua chín vừa, giữ lại phần nước luộc. Mỳ Ý ngâm nước cho mềm sợi rồi luộc chín.","Cho 30g bơ lên chảo nóng, chờ bơ tan hết thì cho hành và tỏi băm vào phi thơm. Sau đó cho phần gạch cua đã tách vào, xào săn lại. Nêm thêm 1m hạt nêm Hạt nêm Aji-ngon® Heo. Cho thêm một ít rượu vang trắng vào xào chung trong 2 phút để bay bớt mùi rượu. Sau đó cho lần lượt nước luộc cua, heavy cream, sốt cà chua đậm đặc, phô mai parmesan + 1m nước mắm khuấy tan. Đun nhỏ lửa đến khi phần nước hơi sệt lại. Nếu sử dụng cua gạch son (gạch màu đỏ) & quan sát thấy phần sốt hơi lợn cợn thì có thể dùng máy xay sinh tố xay nhuyễn. Phần thịt cua: Phi thơm tỏi băm với 20g bơ, cho thịt cua vào xào săn lại. Giữ lại 1/2 để trang trí. 1/2 còn lại trộn chung với hỗn hợp nước xốt vừa xay nhuyễn","Cho mì Ý vào trộn đều với nước sốt. Chừa lại một ít nước sốt để trang trí khi bày ra đĩa. Rắc phần thịt cua xào thơm lên mì, rưới thêm nước xốt, bột phô mai parmesan và lá oregano khô để dậy mùi.",Dùng thịt cua tươi và gạch cua đóng hộp để tiết kiệm thời gian.Thêm lá oregano để giúp món ăn dậy mùi hương đặc trưng đồng thời hạn chế mùi tanh của cua.,Mì Ý xốt cua,21.25,212.5,11.25,2.5,1.25,1.25,0.25,0.75,37.5,1.0,45.0,87.5,7.5,7.5,100.0,200.0
https://monngonmoingay.com/ca-tram-kho-rieng/,https://monngonmoingay.com/wp-content/smush-webp/2022/11/ca-tram-kho-rieng.jpg.webp,https://www.youtube.com/channel/UC-2EWHDbHnx5JOeyWfLdIxQ,Cá trắm kho riềng,"Cá trắm kho riềng với màu nâu sậm bắt mắt, vị cá ngọt đậm đà thơm mùi riềng. Vào bếp làm ngay món ăn hàng ngày bắt cơm này thôi nào!",4 người,15 Phút,Dễ,"Kho, Cá, Thực đơn hàng ngày, Món mặn, Bắc, Trung, Nam, Cha, Mẹ","Cá trắm: 300g, Thịt ba chỉ ̣mua đầu ba chỉ ít thịt: 100g, Riềng bắc (non): 2 củ nhỏ, Ớt hiểm: 1 trái, Ớt sừng: 1 trái, Hành lá: 1 cây, ĂN KÈM: Cơm trắng, Gia vị: Hành tím băm, Gia vị nêm sẵn Aji-Quick® Cá Kho Riềng, Cá trắm: 300g, Thịt ba chỉ ̣mua đầu ba chỉ ít thịt: 100g, Riềng bắc (non): 2 củ nhỏ, Ớt hiểm: 1 trái, Ớt sừng: 1 trái, Hành lá: 1 cây, ĂN KÈM: Cơm trắng, Gia vị: Hành tím băm, Gia vị nêm sẵn Aji-Quick® Cá Kho Riềng","Thịt ba chỉ cắt con chì Riềng bắc 1 củ cắt lát, 1 củ giã nhỏ Ớt hiểm đập dập Ớt sừng cắt hình thoi Ướp cá với 1 gói Aji-Quick® cá kho riềng, 1 củ riềng giã nhỏ để thấm 15 phút. Ướp thịt ba chỉ với hành tím băm. Lần lượt xếp vào nồi đất 1 lớp riềng, 1 lóp thịt , 1 lớp cá, thêm 1 lớp riềng trên cùng, thêm ớt hiểm và 200ml nước.","Đun sôi với lửa lớn, sau đó hạ nhỏ lửa, kho tiếp khoảng 45 phút đến khi cá chín mềm, thấm gia vị. Tắt lửa, thêm hành lá, ớt sừng",Dùng nóng với cơm trắng. Món ăn ngon đi kèm:Đậu cove xào tim gan,"Xếp lần lượt riềng, thịt, cá để khi kho cá không bị sít nồi.Sử dụng thịt ba chỉ đểmón khođược thơm ngon và béo hơn",Cá trắm kho riềng,2.5,137.5,15.0,0.5,0.5,2.0,0.0,0.5,20.0,0.5,45.0,125.0,5.0,2.5,150.0,200.0
https://monngonmoingay.com/trung-hap-hai-san/,https://monngonmoingay.com/wp-content/smush-webp/2022/10/trung-hap-hai-san.jpg.webp,https://www.youtube.com/channel/UC-2EWHDbHnx5JOeyWfLdIxQ,Trứng hấp hải sản,"Nếu bạn là fan của các món ăn Nhật Bản thì món trứng hấp chắc chắn không hề xa lạ đúng không nào? Với một chút biến tấu, Món Ngon đã mang đến một hương vị thêm mới lạ cho món ăn quen thuộc này. Thịt nghêu ngọt kết hợp cùng tôm tươi mọng, nấm hương dai dai, tất cả hòa trong vị trứng beo béo, thơm thơm. Quả là một món ăn vừa nhiều dinh dưỡng lại vừa đẹp mắt. Cùng vào bếp với Món Ngon Mỗi Ngày làm ngay món trứng hấp hải sản ngon và mới lạ ngay thôi nào!",2 người,10 Phút,Dễ,"Hấp/Tiềm, Tôm, Trứng, Nấm, Thực đơn hàng ngày, Cuối tuần, Món Á, Cha, Mẹ, Người lớn tuổi, Trẻ em","Nghêu 0.5kg, Tôm sú 4 con, Nấm hương 4 tai, Thanh cá giả 1/2 thanh, Cải bó xôi 1 cây, Hạt nêm Aji-ngon® Heo, Nước tương ""Phú Sĩ"", Nghêu 0.5kg, Tôm sú 4 con, Nấm hương 4 tai, Thanh cá giả 1/2 thanh, Cải bó xôi 1 cây, Hạt nêm Aji-ngon® Heo, Nước tương ""Phú Sĩ""","Tôm tươi bóc bỏ đầu và vỏ, bỏ chỉ lưng, chẻ đôi phần lưng nhưng không đứt. Thanh cá giả cắt lát. Nấm hương ngâm mềm trong nước có pha ít bột năng cho trắng, rửa sạch, bỏ chân, cắt đôi. Cải bó xôi rửa sạch, cắt khúc ngắn. Chần sơ tôm, nấm và cải bó xôi rồi vớt ra ngâm qua nước lạnh, để ráo. Nghêu ngâm sạch cát, luộc chín, lây thịt, phần nước luộc nghêu chắt lấy nước dùng Nước luộc nghêu thêm nước rồi đong cho đủ 0,5 lít nước, nêm 1M nước tương Phú Sĩ và 2m hạt nêm Aji-ngon®. Trứng gà đánh tan, dùng rây lược trứng rồi cho vào tô nước gia vị đã nguội.","Đổ trứng pha nước gia vị vào khoảng 1/3 chén, cho vào nồi hấp khoảng 10 phút cho trứng hơi đặc lại. Lấy ra xếp tôm, cá giả, nghêu, nấm và cải bó xôi vào, đổ thêm trứng, cho vào nồi hấp thêm 15-20 phút nữa cho trứng chín.",Dùng nóng như món khai vị,Lược trứng qua rây sẽ làm cho hỗn hợp trứng mịn và không bị rỗ sau khi hấp.Hấp lửa nhỏ giúp trứng chín đều.,Trứng hấp hải sản,3.75,87.5,11.25,0.75,1.25,7.5,0.0,0.5,37.5,2.0,45.0,100.0,12.5,0.5,150.0,200.0
https://monngonmoingay.com/ga-chien-bap-pho-mai/,https://monngonmoingay.com/wp-content/smush-webp/2022/10/ga-chien-bap-pho-mai.jpg.webp,https://www.youtube.com/channel/UC-2EWHDbHnx5JOeyWfLdIxQ,Gà chiên bắp phô mai,"Món gà chiên bắp phô mai vàng giòn hấp dẫn hòa với màu phô mai thơm ngon. Món ngon cho bé với vị beo béo của phô mai và mayonnaise, miếng gà giòn giúp bé thích thú khi ăn.",4 người,30 Phút,Dễ,"Chiên, Thịt gà, Cuối tuần, Giáng sinh, Thực đơn hàng ngày, Sinh nhật, Ăn vặt, Món Á, Cha, Mẹ, Trẻ em","Má đùi gà rút xương: 300g, Bắp non: 100g, Bột pho mai, Gia vị: dầu ăn, Xốt Mayonnaise Aji-mayo® Vị Nguyên Bản, Aji-Quick® Bột Tẩm Khô Chiên Giòn, Má đùi gà rút xương: 300g, Bắp non: 100g, Bột pho mai, Gia vị: dầu ăn, Xốt Mayonnaise Aji-mayo® Vị Nguyên Bản, Aji-Quick® Bột Tẩm Khô Chiên Giòn","Gà cắt miếng vừa ăn, để ráo, tấm Gia vị nêm sẵn Aji-Quick® Bột tẩm khô chiên giòn (300g gà tẩm 21g bột). Bắp non cắt miếng nhỏ vừa ăn, tấm Gia vị nêm sẵn Aji-Quick® Bột tẩm khô chiên giòn.","Đun nóng dầu ăn, chiên lần lượt gà và bắp chín vàng giòn, vớt ra để ráo dầu. Cho 2M phô mai vào gà và bắp, xóc đều cho phô mai thấm vào gà.","Cho gà chiên ra dĩa, topping với xốt mayonnaise Aji-mayo. Dùng nóng",Sử dụng má đùi gà khi chiênthịt gàkhông bị khô đồng thời phần da gà giúp món ăn giòn thơm hơn.Nếu dùng cay có thể rắc thêm ớt bột giúp món ăn có vị cay hấp dẫn hơn.,Gà chiên bắp phô mai,6.25,162.5,11.25,1.25,0.75,2.0,0.0,0.125,20.0,0.5,37.5,75.0,3.75,2.0,100.0,200.0
https://monngonmoingay.com/salad-rong-nho/,https://monngonmoingay.com/wp-content/smush-webp/2015/08/salad-rong-nho-880.jpg.webp,https://www.youtube.com/channel/UC-2EWHDbHnx5JOeyWfLdIxQ,Salad rong nho,"Món salad rong nho này có nguyên liệu chính là rong nho- một loài rong biển quý, hiếm và có giá trị dinh dưỡng cao, có tác dụng kháng khuẩn, nhuận trường và bổ máu, giúp phòng chống và cải thiện các bệnh nguy hiểm như ung thư, tiểu đường, tim mạch, cao huyết áp, béo phì và bướu cổ, kết hợp với mayonnaise tạo nên món ăn có vị rất lạ nhưng rất hài hòa với xốt chua béo từ mayonnaise Aji-mayo và hương ớt hơi nồng, vô cùng ngon miệng.",4 người,25 Phút,Dễ,"Gỏi/Trộn, Rau củ quả khác, Bữa trưa, Bữa tối, Món chay, Các món ăn kèm, món phụ, Bắc, Trung, Nam, Món Á, Món Âu, Cha, Người lớn tuổi, Trẻ em, Mẹ","Rong nho: 100g, Cà chua bi: 80g, Bắp cải tím: 50g, Bơ: 1 trái, Thanh cua: 4 cây, Xà lách giòn: 1 cây, Mù tạt xanh: 1m, Ngò tây: 1 nhánh, Gia vị: Tương cà, tương ớt, ớt bột paprika, Xốt Mayonnaise Aji-mayo® Vị Nguyên Bản, ""AJINOMOTO"" Giấm gạo lên men, Rong nho: 100g, Cà chua bi: 80g, Bắp cải tím: 50g, Bơ: 1 trái, Thanh cua: 4 cây, Xà lách giòn: 1 cây, Mù tạt xanh: 1m, Ngò tây: 1 nhánh, Gia vị: Tương cà, tương ớt, ớt bột paprika, Xốt Mayonnaise Aji-mayo® Vị Nguyên Bản, ""AJINOMOTO"" Giấm gạo lên men","Bơ gọt vỏ, cắt hạt lựu 1cm. Thanh cua xé sợi. Cà chua bi cắt đôi. Bắp cải tím cắt sợi. Xà lách giòn cắt khúc rửa sạch, để ráo. Pha xốt : trộn đều 1M tương ớt, 1/2M tương cà, 1m mù tạt và 3M xốt Mayonnaise Aji-Mayo®, 1M giấm.","Trộnđều và nhẹ tay bơ, cà chua bi, bắp cải tím với xốt, thêm thanh cua","Cho món salad trộn ra dĩa, rong nho, ngò tây và ớt bột lên trên.","Chọn rong nho còn xanh tươi và dùng trong ngày, không nên bảo quản trong tủ lạnh.Không trộn rong nho vì sẽ làm mất nước trong rong nho.Cho giấm vào xốt để xốt cân bằng vị, hài hòa với các nguyên liệu hơn.",Salad rong nho,6.25,87.5,3.0,2.0,1.75,11.25,0.25,0.125,20.0,0.5,7.5,25.0,12.5,1.75,100.0,87.5
https://monngonmoingay.com/canh-suon-bo-cu-sen/,https://monngonmoingay.com/wp-content/smush-webp/2022/03/canh-suon-bo-cu-sen-880.jpg.webp,https://www.youtube.com/channel/UC-2EWHDbHnx5JOeyWfLdIxQ,Canh sườn bò củ sen,"Canh sườn bò thơm ngon với sườn bò chín mềm, thấm vị. Màu nước canh trong, nước canh thơm nhẹ mùi bò, ngọt thanh vị củ sen dễ ăn. Cùng Món Ngon Mỗi Ngày vào bếp thực hiện ngay món canh dễ làm lại rất bổ dưỡng này nha! ? Sườn bò là phần thịt nằm ở phần ức của con bò, đặc trưng của thịt là có độ béo ngậy bởi lớp mỡ chạy dọc dẻ sườn cùng phần thịt nạc chắc",4 người,30 Phút,Dễ,"Canh/Súp, Thịt bò, Rau củ quả khác, Bữa trưa, Bữa tối, Thực đơn hàng ngày, Các món ăn kèm, món phụ, Cha, Mẹ, Người lớn tuổi, Trẻ em","Sườn bò: 600g, Củ sen: 150g, Táo đỏ: 50g, Kỷ tử: 20g, Đảng sâm: 20g, Tiêu xanh: 20g, RAU NÊM: Ngò gai, cần tàu., ĂN KÈM: Cơm trắng hoặc bún tươi, nước tương ớt cắt lát., Gia vị: Dầu ăn., Gia vị nêm sẵn Aji-Quick® Phở Bò, Sườn bò: 600g, Củ sen: 150g, Táo đỏ: 50g, Kỷ tử: 20g, Đảng sâm: 20g, Tiêu xanh: 20g, RAU NÊM: Ngò gai, cần tàu., ĂN KÈM: Cơm trắng hoặc bún tươi, nước tương ớt cắt lát., Gia vị: Dầu ăn., Gia vị nêm sẵn Aji-Quick® Phở Bò","Sườn bò chặt miếng vừa ăn, củ sen cắt lát dầy 0,5cm, táo đỏ, kỷ tử rửa sạch để ráo, đảng sâm rửa sạch cắt khúc 2cm.","Ướp sườn bò : Khuấy đều 1M dầu ăn, 1M Gia vị nêm sẵn Aji-Quick® Phở Bò cho sườn vào vào trộn đều để 15 phút cho sườn bò thấm gia vị. Nấu canh : Nấu sôi 1,7 lít nước trong nồi áp suất cho gói Gia vị nêm sẵn Aji-Quick® Phở Bò còn lại vào, cho vào sườn bò, củ sen, đảng sâm, táo đỏ vào nấu sôi vớt sạch bọt, cho tiêu xanh vào đậy nắp nấu 20 phút, tắt lửa, hạ nhiệt mở nắp cho kỷ tử,vào khuấy đều mở lửa nấu thêm 10 phút cho kỷ tử, tiêu xanh chín thấm vị tắt lửa cho ngò gai, cần tàu vào.","Múc canh ra tô dùng nóng kèm cơm trắng, nước tương và ớt cắt lát. Món ăn ngon đi kèm:Bông thiên lý xào tôm","Ướp sườn bò trước với Gia vị nêm sẵn Aji-Quick® Phở Bò để sườn bò thấm gia vị, trước khi nấu.Vớt sạch bọt trước khi đậy nắp nồi áp suất để nước canh trong và thơm.Cho kỷ từ vào sau cùng để không bị quá chua.",Canh sườn bò củ sen,8.75,187.5,12.5,2.5,1.25,1.25,0.0,0.5,12.5,1.25,37.5,62.5,3.75,5.0,125.0,200.0
https://monngonmoingay.com/mi-y-xot-nam/,https://monngonmoingay.com/wp-content/smush-webp/2015/08/mi-y-xot-nam-880.jpg.webp,https://www.youtube.com/channel/UC-2EWHDbHnx5JOeyWfLdIxQ,Mì ý xốt nấm,"Mì ý xốt nấm là món ăn ngon, trong đó mùi thơm của thịt hun khói quyện với vị chua béo hài hòa của xốt Mayonnaise và vị ngọt của các loại nấm tạo hương vị rất lạ miệng, chứa đầy đủ thành phần dinh dưỡng cho cơ thể, lại rất dễ làm. Dầu oliu : Có 1 loại dùng để chiên, 1 loại ép lạnh để ăn cùng salad.",4 người,25 Phút,Dễ,"Khác, Nấm, Rau củ quả khác, Tinh bột khác, Thịt heo, Cuối tuần, Giáng sinh, Lễ hội hóa trang, Sinh nhật, Ngày hè, Tết, Thực đơn hàng ngày, Món mặn, Món Âu, Cha, Mẹ, Người lớn tuổi, Trẻ em","Mì Ý: 80g, Ba rọi xông khói: 60g, Nấm đông cô tươi, nấm kim châm, nấm rơm: 200g, Đậu hà lan: 50g, Ngò rí: 4 nhánh, Rượu vang trắng: 1M, Tỏi băm nhuyễn, ớt cắt sợi, Dầu OLIU, tiêu xay, Nước tương ""Phú Sĩ"", Xốt Mayonnaise Aji-mayo® Vị Nguyên Bản, Hạt nêm Aji-ngon® Heo, Mì Ý: 80g, Ba rọi xông khói: 60g, Nấm đông cô tươi, nấm kim châm, nấm rơm: 200g, Đậu hà lan: 50g, Ngò rí: 4 nhánh, Rượu vang trắng: 1M, Tỏi băm nhuyễn, ớt cắt sợi, Dầu OLIU, tiêu xay, Nước tương ""Phú Sĩ"", Xốt Mayonnaise Aji-mayo® Vị Nguyên Bản, Hạt nêm Aji-ngon® Heo","Luộc mì Ý cho mềm với nước sôi có thêm chút muối và dầu khoảng 7- 8 phút, vớt ra trộn với 1m dầu oliu cho mì không bị khô. Nấm kim châm cắt đôi, tách sợi nhỏ. Nấm rơm, nấm đông cô cắt lát mỏng. Ba rọi xông khói cắt 1cm. Đậu hà lan cắt đôi. Ngò rí băm nhỏ. Ớt 1/2 cắt nhuyễn, 1/2 cắt sợi. Pha xốt : trộn đều 2M xốt Mayonnaise Aji-mayo® với 2m nước tương “Phú Sĩ”, 1M rượu vang trắng, 1/2m hạt nêm Aji-ngon® Heo, 1/3m tiêu, 1m ớt băm.","Phi thơm tỏi với dầu oliu, cho ba rọi xông khói vào xào cho săn, cho tiếp các loại nấm vào, cho tiếp 2M rượu vào nấu lại cho chín. Cho tiếp đậu hà lan, hỗn hợp xốt Mayonnaise Aji-mayo® vào xào cùng 2M nước luộc mỳ ý, cho mì Ý vào xào thấm, tắt lửa.","Cho món ăn ra dĩa, cho phần xốt còn lại lên mặt, trang trí với đậu hà lan và ớt cắt sợi, bắt thêm Xốt Mayonnaise Aji-mayo®. Món ăn ngon đi kèm:Cá chẽm chiên hạnh nhân",Nên luộc mì trong khoảng từ 7-8 phút là sợi mì vừa chín tới.Dùng rượu vang hoặc rượu trắng để tăng hương vị cho món ăn.Không nên xào xốt Mayonnaise quá lâu để giữ hương vị của xốt.Dùng nước luộc mỳ ý giúp mỳ dễ thấm gia vị hơn.,Mì ý xốt nấm,16.25,112.5,6.25,1.25,1.75,2.5,0.0,0.125,7.5,0.5,10.0,50.0,7.5,2.0,100.0,150.0
https://monngonmoingay.com/canh-ca-hong/,https://monngonmoingay.com/wp-content/smush-webp/2022/01/canh-ca-hong-880.jpg.webp,https://www.youtube.com/channel/UC-2EWHDbHnx5JOeyWfLdIxQ,Canh cá hồng,"Cá hồng là nguyên liệu rất được ưa chuộng hày ngày trong các món chiên , nướng, kho. Chương trình Món Ngon Mỗi Ngày hôm nay xin giới thiệu thêm món canh cá hồng đảm bảo thơm ngon thêm hương vị mới cho bữa cơm gia đình bạn nha! Dạng canh ít nước ( nấu ngót ) với cách trinh bày vị mới lạ dành cho những ai muốn thưởnng thức món Việt nhưng không dùng được nước mắm có thể dùng xà lách xoong nhật để màu sắc món ăn bắt mắt.",4 người,15 Phút,Dễ,"Canh/Súp, Cá, Thực đơn hàng ngày, Các món ăn kèm, món phụ, Cha, Mẹ, Người lớn tuổi, Trẻ em","Cá hồng: 1con (700g), Thit heo xay: 100g, Hành lá cắt nhỏ: 2 nhánh, Ớt sừng hạt lựu: 2M, Gừng băm: 1m, Bắp Mỹ luộc tách hạt: 4M, Nấm đông cô tươi to: 8 cái, Xà lách soong: 300g, Hành tây tím: 1 củ, Bột bắp: 1M, Gia vị: Dầu ăn, Nước tương ""Phú Sĩ"", ""AJINOMOTO"" Giấm gạo lên men, Bột canh, Cá hồng: 1con (700g), Thit heo xay: 100g, Hành lá cắt nhỏ: 2 nhánh, Ớt sừng hạt lựu: 2M, Gừng băm: 1m, Bắp Mỹ luộc tách hạt: 4M, Nấm đông cô tươi to: 8 cái, Xà lách soong: 300g, Hành tây tím: 1 củ, Bột bắp: 1M, Gia vị: Dầu ăn, Nước tương ""Phú Sĩ"", ""AJINOMOTO"" Giấm gạo lên men, Bột canh",Có thể bạn quan tâm:Món cá muốn ngon thì làm theo cách này Mẹ nhé!,"Dầu nóng, cho hành tím vào xào thơm cho cá vào lăn nhanh săn mình cá. Cho 1 lít nước sôi, cho nấm vào, nêm 1M Bột canh Ajinomoto, 1M Nước tương “Phú Sĩ”, 1/2M giấm gạo lên men ajinomoto nấu khoảng 20 phút. Nếm vừa ăn và nấu đến khi cá chín.","Xúc cá ra tô oval, cho xà lách xoong xung quanh, rưới nước canh lên, cho bắp, nấm, hành lá, ớt sừng cắt sợi còn lại trên cùng. Dùng nóng cùng nước mắm và ớt cắt lát Món ăn ngon đi kèm:Nấm kho tộ",Cho bôt năng vào cá để nhân dính chặt vào cá hơn.Khứa nghiêng dao để tạo nhiều khoảng trống cho nhân vào nhiều hơn.,Canh cá hồng,15.0,212.5,25.0,3.75,3.75,20.0,0.5,0.75,37.5,1.25,50.0,200.0,12.5,3.75,300.0,200.0
https://monngonmoingay.com/ca-com-chien-gion/,https://monngonmoingay.com/wp-content/smush-webp/2022/01/ca-com-chien-gion-880.jpg.webp,https://www.youtube.com/channel/UC-2EWHDbHnx5JOeyWfLdIxQ,Cá cơm chiên giòn,"Cá cơm chiên giòn và hành thấm vị, ngon ngọt hấp dẫn. Cải xanh giòn nhẹ sẽ làm tăng hương vị cho cá, cá ngọt thịt. Bé kén ăn cá cũng sẽ thích mê món cá chiên giòn này nha mẹ!",4 người,15 Phút,Dễ,"Chiên, Cá, Thực đơn hàng ngày, Cuối tuần, Giáng sinh, Khác, Lễ hội hóa trang, Ngày hè, Sinh nhật, Tết, Cha, Mẹ, Người lớn tuổi, Trẻ em","Cá cơm: 300g, Hành tây to: 1 củ nhỏ, Cải bẹ xanh to (chỉ lấy lá): 2 cây, Nước tỏi: 1M, Nước chanh: 1M, Gia vị: Dầu ăn, tiêu, tương xí muội, ớt hiểm băm, Xốt Mayonnaise Aji-mayo® Vị Nguyên Bản, Aji-Quick® Bột Chiên Giòn, Cá cơm: 300g, Hành tây to: 1 củ nhỏ, Cải bẹ xanh to (chỉ lấy lá): 2 cây, Nước tỏi: 1M, Nước chanh: 1M, Gia vị: Dầu ăn, tiêu, tương xí muội, ớt hiểm băm, Xốt Mayonnaise Aji-mayo® Vị Nguyên Bản, Aji-Quick® Bột Chiên Giòn","Cá cơm : Đã cắt bỏ đầu. Hành tây to : Cắt khoanh tròn. Cải bẹ xanh : Cắt sợi ngang nhỏ, dầy 0,7cm. Ướp cá : Ướp cá với nước chanh và nước tỏi 10 phút. Sau đó, trộn cá với 2M Aji-Quick® Bột chiên giòn. Bột còn lại pha với nước, nhúng cá qua bột ướt. Hành tây cũng tẩm bột như cá.","Cho dầu vào chảo đun nóng cho lá cải bẹ xanh chiên vừa chín vớt ra, để ráo cho giòn. Chiên hành tây cho chín giòn. Tiếp tục chiên cá cho chín giòn. Lót cải xanh chiên giòn bên dưới. Đặt cá và hành chiên lên trên. Nước chấm : 2M Xốt Mayonnaise Aji-mayo® + 1M Tương xí muội, 1m ớt hiểm băm.","Dùng nóng, đây là món có thể ăn chơi. Món ăn ngon đi kèm:Lưỡi heo trộn kiệu chua","Ướp nước chanh, nước tỏi vào cá vừa khử mùi cá, vừa giup cá dễ bám bột.Chiên nhanh lá cải bẹ xanh giúp chín vừa sẽ giữ được dinh dưỡng và màu sắc.Chọn cải bẹ xanh có lá dầy, khi chiên sẽ ngon hơn.",Cá cơm chiên giòn,6.25,175.0,12.5,2.0,1.25,10.0,0.0,0.5,37.5,1.0,37.5,125.0,12.5,2.0,150.0,200.0
https://monngonmoingay.com/canh-sun-bo-cu-cai/,https://monngonmoingay.com/wp-content/smush-webp/2022/01/canh-sun-bo-cu-cai-880.jpg.webp,https://www.youtube.com/channel/UC-2EWHDbHnx5JOeyWfLdIxQ,Canh sụn bò củ cải,"Món canh có vị chua cay vừa, thơm ngọt từ sườn bò và củ cải ram răm. Thịt sườn chính mền, sụn thì thì sựt sựt, mẹo nấu củ cải chính rục ngon nhưng không nát. Cùng Món Ngon Mỗi Ngày vào bếp thực hiện ngay món canh sụn bò củ cải mới lạ, thơm ngon thôi nào!",4 người,45 Phút,Dễ,"Canh/Súp, Thịt bò, Cà chua, Thực đơn hàng ngày, Cuối tuần, Ngày hè, Sinh nhật, Tết, Khác, Giáng sinh, Các món ăn kèm, món phụ, Cha, Mẹ, Người lớn tuổi, Trẻ em","Sườn sụn bò nội địa: 0,5kg, Củ cải trắng gọt vỏ: 1 củ to, Cà chua: 2 quả, Cần tàu: 3 cây, Gừng cắt lát: 2 lát, RAU NÊM: Rau răm, Gia vị: Rượu trắng, muối, Gia vị nêm sẵn Aji-Quick® Lẩu Thái, Sườn sụn bò nội địa: 0,5kg, Củ cải trắng gọt vỏ: 1 củ to, Cà chua: 2 quả, Cần tàu: 3 cây, Gừng cắt lát: 2 lát, RAU NÊM: Rau răm, Gia vị: Rượu trắng, muối, Gia vị nêm sẵn Aji-Quick® Lẩu Thái","Sườn sụn bò : Chặt miếng càng nhỏ càng tốt, ngâm phai tiết. Sát muối, rượu vô sườn dể 10′ rửa sạch để ráo. Củ cải trắng cắt thanh dài 3cm cạnh 2cm. Cà chua cắt muối cau, cần tàu cắt khúc 3cm. Rau răm cắt nhỏ.","Cho sườn, củ cải vào nồi áp suất với 1,6 lít nước, 2 lát gừng, 1 gói Gia vị nêm sẵn Aji-Quick® Lẩu Thái nấu 30 phút. Sườn mềm vớt sườn lóc lấy thịt bỏ xương, bỏ gừng. Thêm cà chua, cần nấu chính. Nếm vị vừa ăn .",Múc ra tô nêm rau răm trước khi dùng. Món ăn ngon đi kèm:Cá trê kho gừng nghệ,Ngâm (Sườn sụn) phai tiết đểnước canhtrong.Sát muối rượu và nấu sườn với gừng để sườn thơm hơn.Nấu sườn cùng Gia vị nêm sẵn Aji-Quick® Lẩu Thái ngay từ đầu để sườn thấm vị.,Canh sụn bò củ cải,6.25,237.5,15.0,2.5,1.25,7.5,0.0,0.625,20.0,1.5,37.5,100.0,7.5,6.25,175.0,300.0
https://monngonmoingay.com/khoai-tay-vien-chien-xu/,https://monngonmoingay.com/wp-content/smush-webp/2021/12/khoai-tay-vien-chien-xu-880.jpg.webp,https://www.youtube.com/channel/UC-2EWHDbHnx5JOeyWfLdIxQ,Khoai tây viên chiên xù,"Mang phong cách Nhật Bản, món này có hương vị rất đậm đà, là món ngon bổ dưỡng dành cho cả gia đình.",4 người,30 Phút,Dễ,"Chiên, Thịt heo, Rau củ quả khác, Trứng, Thực đơn hàng ngày, Cuối tuần, Khác, Sinh nhật, Giáng sinh, Lễ hội hóa trang, Ăn vặt, Món Âu, Cha, Mẹ, Người lớn tuổi, Trẻ em","Thịt heo xay: 80g, Khoai tây: 150g, Hành tây: 60g, Trứng gà: 2 quả, Bột mì, bột xù, Tiêu, tương cà, tỏi băm, dầu ăn, Hạt nêm Aji-ngon® Heo, Xốt Mayonnaise Aji-mayo® Vị Nguyên Bản, Thịt heo xay: 80g, Khoai tây: 150g, Hành tây: 60g, Trứng gà: 2 quả, Bột mì, bột xù, Tiêu, tương cà, tỏi băm, dầu ăn, Hạt nêm Aji-ngon® Heo, Xốt Mayonnaise Aji-mayo® Vị Nguyên Bản","Khoai tây gọt vỏ, cắt khúc, luộc chín trong nước thêm 1/2m muối, tán nhuyễn. Hành tây cắt nhỏ. Phi thơm hành tây và tỏi băm, cho thịt heo vào xào, nêm 1m hạt nêm Aji-ngon® và 1/2m tiêu, xào thịt chín thì tắt bếp, trút thịt ra đĩa để nguội. Trứng gà đập ra tô đánh tan.","Trộn đều thịt heo đã xào và khoai tây với 2M xốt Mayonnaise Aji-Mayo®, viên thành từng viên nhỏ vừa ăn. Lăn khoai tây viên qua bột mì, nhúng qua trứng rồi tẩm qua bột xù, cho vào chảo dầu nóng chiên chín vàng, vớt ra để ráo dầu. Pha xốt : Trộn đều 2M xốt Mayonnaise Aji-Mayo® với 1M tương cà.","Xếp khoai tây viên chiên xù ra đĩa, khi ăn chấm với hỗn hợp xốt vừa trộn. Món ăn ngon đi kèm:Tôm xào bông cải","Nên giữ lạnh xốt trước khi ăn, xốt sẽ ngon và hấp dẫn hơn.Thêm mayonnaise vào hỗn hợp khoai tây giúpmón ănthơm ngon hơn.",Khoai tây viên chiên xù,8.75,112.5,6.25,1.25,1.0,3.75,0.25,0.2,12.5,0.625,67.5,62.5,7.5,1.5,125.0,100.0
https://monngonmoingay.com/canh-chua-suon/,https://monngonmoingay.com/wp-content/smush-webp/2021/11/canh-chua-suon-800.jpg.webp,https://www.youtube.com/channel/UC-2EWHDbHnx5JOeyWfLdIxQ,Canh chua sườn,"Cũng là món canh chua nhưng thêm chút biến tấu cho hương vị lạ và hấp dẫn hơn. Vị chua cay từ cà chua và gói Gia vị nêm sẵn Lẩu Thái đậm đà, quyện cùng những miếng sườn chín mềm và rau muống, rau bắp cải giòn giòn. Một lựa chọn tuyệt vời cho những ai thích ăn canh chua cùng cơm nóng!",4 người,30 Phút,Dễ,"Canh/Súp, Khác, Hầm, Thịt heo, Cà chua, Rau củ quả khác, Các loại rau, Thực đơn hàng ngày, Bữa tối, Bữa trưa, Nam, Cha, Mẹ, Người lớn tuổi, Trẻ em","Sườn non: 200g, Cà chua: 2 quả, Rau muống cọng: 200g, Bắp cải trắng: 100g, Hành tỏi băm: 2M, Tỏi phi dầu: 1M, Ngò gai, ngò om, ĂN KÈM: Cơm trắng, Gia vị: dầu ăn, Hạt nêm Aji-ngon® Heo, Gia vị nêm sẵn Aji-Quick® Lẩu Thái, Sườn non: 200g, Cà chua: 2 quả, Rau muống cọng: 200g, Bắp cải trắng: 100g, Hành tỏi băm: 2M, Tỏi phi dầu: 1M, Ngò gai, ngò om, ĂN KÈM: Cơm trắng, Gia vị: dầu ăn, Hạt nêm Aji-ngon® Heo, Gia vị nêm sẵn Aji-Quick® Lẩu Thái","Sườn non chặt khúc vừa ăn, ướp với 1M hành tỏi băm, 1m Aji-Quick® Gia vị nêm sẵn Lẩu Thái , 1/2m hạt nêm Aji-ngon®, để thấm 15 phút. Cà chua cắt múi cau. Rau muống cọng cắt khúc 3cm. Bắp cải cắt miếng vuông. Ngò gai, ngò om cắt khúc 1cm.","Nấu canh: Phi thơm 1M hành tỏi băm với 2M dầu ăn, cho 1/2 lượng cà chua và sườn non vào xào săn, thêm 1.5l nước vào, đun sôi 20 phút, nấu cho sườn chín mềm, rồi lần lượt cho cà chua còn lại, bắp cải trắng , nêm phần còn lại của góiAji-Quick® Gia vị nêm sẵn Lẩu Thái, thêm rau muống vào nấu sôi cho rau vừa chín tới, cuối cùng cho rau om, ngò gai, 1M dầu phi tỏi vào. Tắt lửa.","Múc canh ra tô, cho 1M tỏi phi, dùng nóng với cơm trắng. Món ăn ngon đi kèm:Cồi sò điệp xào hoa thiên lý",Ướp sườn với gói Aji-Quick® Gia vị nêm sẵn Lẩu Thái giúp sườn thấm vị chua cay và có hương vị đặc trưng.,Canh chua sườn,11.25,137.5,8.75,2.5,1.25,12.5,0.0,0.125,20.0,0.75,20.0,62.5,7.5,2.5,150.0,300.0
https://monngonmoingay.com/hu-tieu-xao-so-huyet/,https://monngonmoingay.com/wp-content/smush-webp/2021/11/hu-tieu-xao-so-huyet-880.jpg.webp,https://www.youtube.com/channel/UC-2EWHDbHnx5JOeyWfLdIxQ,Hủ tiếu xào sò huyết,"Món hủ tiếu xào được chế biến theo kiểu người Hoa nhưng lại phảng phất hương vị Việt, rất ngon và hấp dẫn.",4 người,30 Phút,Dễ,"Món Xào, Trứng, Phở / bún / hủ tiếu / miến, Thực đơn hàng ngày, Món nhậu, Cha, Mẹ, Người lớn tuổi, Trẻ em","Hủ tiếu sợi lớn: 500g, Sò huyết: 500g, Lạp xưởng: 1 cây, Giá: 150g, Hẹ: 60g, Trứng gà: 2 quả, Tỏi băm, Rau nêm: Hành lá, ngò rí, ớt cắt sợi, Gia vị: Hắc xì dầu, nước mắm, dầu ăn, Nước tương ""Phú Sĩ"", Hạt nêm Aji-ngon® Heo, Hủ tiếu sợi lớn: 500g, Sò huyết: 500g, Lạp xưởng: 1 cây, Giá: 150g, Hẹ: 60g, Trứng gà: 2 quả, Tỏi băm, Rau nêm: Hành lá, ngò rí, ớt cắt sợi, Gia vị: Hắc xì dầu, nước mắm, dầu ăn, Nước tương ""Phú Sĩ"", Hạt nêm Aji-ngon® Heo","Sò huyết rửa sạch, luộc trong nước sôi khoảng 3p, gỡ lấy thịt rửa sạch, để ráo. Lạp xưởng chần sơ, cắt lát xéo mỏng. Hẹ cắt khúc vừa ăn. Hủ tiếu trộn đều với 2M hắc xì dầu. Trứng gà đánh tan. Giá rửa sạch. Hành lá, ngò rí cắt nhỏ.","Phi thơm tỏi, cho trứng vào đảo đều, thêm giá, hẹ, lạp xưởng và hủ tiếu vào xào nhanh vói lửa lớn đến khi sợi hủ tiếu se mặt. Giảm lửa, nêm 1M hạt nêm Aji-ngon® heo, 2M nước tương “Phú Sĩ”, xóc đều. Sau cùng cho sò huyết vào xào nhanh trên lửa lớn để sò thấm gia vị.","Cho hủ tiếu ra dĩa, trang trí với ngò rí, hành lá và ớt. Dùng kèm nước tương “Phú Sĩ” và ớt cắt lát. Món ăn ngon đi kèm:Chả giò ngũ vị","Nên luộc sò huyết với ít nước, khi sò vừa hé miệng là vừa chín tới.Xào hủ tiếu chung với trứng, giá, hẹ thì các sợi hủ tiếu sẽ không bị bết vào nhau.",Hủ tiếu xào sò huyết,22.5,187.5,13.75,1.25,2.0,6.25,0.5,1.0,37.5,3.0,62.5,125.0,15.0,3.75,150.0,375.0
https://monngonmoingay.com/salad-trai-thom-mayo/,https://monngonmoingay.com/wp-content/smush-webp/2021/08/salad-trai-thom-mayo-880.jpg.webp,https://www.youtube.com/channel/UC-2EWHDbHnx5JOeyWfLdIxQ,Salad trái thơm mayo,"Món khai vị mà tất cả các thực khách đều sẽ thích mê vì vừa tươi ngon, vừa đẹp mắt đây mẹ ơi! Ghi chú ngay công thức của Món Ngon Mỗi Ngày mẹ nhé!",4 người,10 Phút,Dễ,"Gỏi/Trộn, Thịt bò, Các loại rau, Thực đơn hàng ngày, Cuối tuần, Các món ăn kèm, món phụ, Cha, Mẹ, Trẻ em","Thơm 1/2 trái, Thịt bò 150g, Cà chua bi 50g, Dưa leo trái nhỏ 50g, Xà lách lá giòn (ice berg) 50g, Xà lách Romaine 30g, Xà lách tím 30g, Hành tây 30g, Gia vị: Dầu ăn, tương cà, tương ớt, tiêu, tỏi băm, Nước tương ""Phú Sĩ"", Xốt Mayonnaise Aji-mayo® Vị Nguyên Bản, Thơm 1/2 trái, Thịt bò 150g, Cà chua bi 50g, Dưa leo trái nhỏ 50g, Xà lách lá giòn (ice berg) 50g, Xà lách Romaine 30g, Xà lách tím 30g, Hành tây 30g, Gia vị: Dầu ăn, tương cà, tương ớt, tiêu, tỏi băm, Nước tương ""Phú Sĩ"", Xốt Mayonnaise Aji-mayo® Vị Nguyên Bản","Thơm cắt lát mỏng, áp chảo vàng thơm, chừa lại 1 ít thơm để băm nhỏ khoảng 1M. Thịt bò cắt lát mỏng, ướp thịt bò với 1m tỏi băm, 1m Nước tương “Phú Sĩ”, tiêu & dầu ăn, để thấm. Cà chua cắt đôi. Dưa leo cắt lát mỏng. Hành tây cắt múi cau. Các loại xà lách cắt khúc vừa ăn.","Làm nóng dầu ăn, xào thơm thịt bò với tỏi và hành tây. Pha xốt trộn: Trộn đều 2M Xốt Mayonnaise Aji-mayo®, 1/2M tương ớt, 1/2M tương cà và 1M thơm băm.",Món ăn ngon đi kèm:Cá hồi áp chảo xốt tiêu,Thơm áp chảo nhanh và khi chảo đủ nóng sẽ giúp thơm ngon và có mùi vị đặc trưng.Đây là dạng warm (ấm) của salad.Ướp thêm dầu ăn để thịt bò bóng bẩy và không bị khô.,Salad trái thơm mayo,6.25,87.5,6.25,3.75,1.0,10.0,0.0,0.25,7.5,0.75,17.5,50.0,10.0,1.25,100.0,125.0
https://monngonmoingay.com/lau-bo-chua-cay/,https://monngonmoingay.com/wp-content/uploads/2021/07/lau-bo-chua-cay-880.webp,https://www.youtube.com/channel/UC-2EWHDbHnx5JOeyWfLdIxQ,Lẩu bò chua cay,"Lẩu bò chua cay hương vị lẩu Thái ngọt đậm đà với bắp bò hoa mềm ngọt, gân bò lại sựt sựt bảo đảm mang mùi vị mới cho cả gia đình ngay!",4 người,25 Phút,Dễ,"Lẩu, Thịt bò, Nấm, Phở / bún / hủ tiếu / miến, Bữa sáng, Bữa trưa, Bữa tối, Cuối tuần, Thực đơn hàng ngày, Món nhậu, Cha, Mẹ, Người lớn tuổi","Bắp bò hoa loại ăn tái 200g, Khăn lông bò 300g, Gân bò lạng (Lấy ra từ thăn phi lê bò) 200g, Sả cây 3 cây, Hành tím+ tỏi củ 100g, Ớt hiểm trái khô (loại màu đỏ đẹp) 10 trái, Thơm 1/2 trái, Nấm rơm 100g, Nước 1.5l, RAU NÊM: Ngò gai, rau quế, cắt khúc., ĂN KÈM: Bún tươi, ( hoặc mì gói) đậu hũ trứng non, cải con, rau tần ô, nấm bàu ngư nâu, nấm kim châm, Gia vị: Dầu ăn, nước mắm, bột canh 1m, màu dầu điều 1M. tương cà 1M., Gia vị nêm sẵn Aji-Quick® Lẩu Thái, Bắp bò hoa loại ăn tái 200g, Khăn lông bò 300g, Gân bò lạng (Lấy ra từ thăn phi lê bò) 200g, Sả cây 3 cây, Hành tím+ tỏi củ 100g, Ớt hiểm trái khô (loại màu đỏ đẹp) 10 trái, Thơm 1/2 trái, Nấm rơm 100g, Nước 1.5l, RAU NÊM: Ngò gai, rau quế, cắt khúc., ĂN KÈM: Bún tươi, ( hoặc mì gói) đậu hũ trứng non, cải con, rau tần ô, nấm bàu ngư nâu, nấm kim châm, Gia vị: Dầu ăn, nước mắm, bột canh 1m, màu dầu điều 1M. tương cà 1M., Gia vị nêm sẵn Aji-Quick® Lẩu Thái","Sả cây đập dập, cắt khúc. Hành tím, tỏi củ đập dập. Thơm một nửa băm nhỏ, phần còn lại cắt rẽ quạt. Nấm rửa sạch cắt đôi theo chiều dọc. Khăn lông bò chần 15 phút trong nước có rượu, gừng, muối vá nước cốt chanh, rửa sạch để ráo. Cắt bắp bò miếng mỏng. Cắt khăn lông bò, gân bò lạn miếng vừa ăn. Ướp gân bò : Cho 2M Gia vị nêm sẵn Aji-Quick® Lẩu Thái, thơm băm nhỏ vào gân bò, khăn lông bò trộn đều để 15 phút cho thấm gia vị.","Làm nóng dầu, cho sả cây, hành tím, tỏi, ớt khô vào xào thơm, cho gân bò, khăn lông bò, thêm 1m dầu màu điều, 1M tương cà chua, 1m bột canh vào xào săn. Nêm vào 1M nước mắm, cho tiếp nấm rơm, thơm vào đảo đều cho nước dùng vào nấu sôi vớt bọt. Cho hết phần Gia vị nêm sẵn Aji-Quick® Lẩu Thái vào khuấy đều để nhỏ lửa, nấu khoảng 20 phút cho gân bò, khăn lông bò chín mềm, tắt lửa cho ngò gai, rau quế vào.","Đặt nồi lẩu lên bếp gas nhỏ, cho nấm vào, thịt bắp bò, đậu hũ, các loại rau vào và thưởng thức.","Ướp Gia vị nêm sẵn Aji-Quick® Lẩu Thái vào gân bò và khăn lông bò để tạo mùi thơm và thấm vị.Ướp thơm băm nhỏ vào gân bò, khăn lông bò để nguyên liệu mau chín mềm hơn.Chần khăn lông bò với nước sôi có rượu gừng chanh để khử bớt mùi đặc trưng của khăn lông bò.",Lẩu bò chua cay,13.75,187.5,17.5,3.75,2.0,7.5,0.125,0.75,20.0,2.0,45.0,87.5,10.0,3.75,200.0,375.0
https://monngonmoingay.com/lau-bo-chua-cay/,https://monngonmoingay.com/wp-content/uploads/2021/07/lau-bo-chua-cay-880.webp,https://www.youtube.com/channel/UC-2EWHDbHnx5JOeyWfLdIxQ,Lẩu bò chua cay,"Lẩu bò chua cay hương vị lẩu Thái ngọt đậm đà với bắp bò hoa mềm ngọt, gân bò lại sựt sựt bảo đảm mang mùi vị mới cho cả gia đình ngay!",4 người,25 Phút,Dễ,"Lẩu, Thịt bò, Nấm, Phở / bún / hủ tiếu / miến, Bữa sáng, Bữa trưa, Bữa tối, Cuối tuần, Thực đơn hàng ngày, Món nhậu, Cha, Mẹ, Người lớn tuổi","Bắp bò hoa loại ăn tái 200g, Khăn lông bò 300g, Gân bò lạng (Lấy ra từ thăn phi lê bò) 200g, Sả cây 3 cây, Hành tím+ tỏi củ 100g, Ớt hiểm trái khô (loại màu đỏ đẹp) 10 trái, Thơm 1/2 trái, Nấm rơm 100g, Nước 1.5l, RAU NÊM: Ngò gai, rau quế, cắt khúc., ĂN KÈM: Bún tươi, ( hoặc mì gói) đậu hũ trứng non, cải con, rau tần ô, nấm bàu ngư nâu, nấm kim châm, Gia vị: Dầu ăn, nước mắm, bột canh 1m, màu dầu điều 1M. tương cà 1M., Gia vị nêm sẵn Aji-Quick® Lẩu Thái, Bắp bò hoa loại ăn tái 200g, Khăn lông bò 300g, Gân bò lạng (Lấy ra từ thăn phi lê bò) 200g, Sả cây 3 cây, Hành tím+ tỏi củ 100g, Ớt hiểm trái khô (loại màu đỏ đẹp) 10 trái, Thơm 1/2 trái, Nấm rơm 100g, Nước 1.5l, RAU NÊM: Ngò gai, rau quế, cắt khúc., ĂN KÈM: Bún tươi, ( hoặc mì gói) đậu hũ trứng non, cải con, rau tần ô, nấm bàu ngư nâu, nấm kim châm, Gia vị: Dầu ăn, nước mắm, bột canh 1m, màu dầu điều 1M. tương cà 1M., Gia vị nêm sẵn Aji-Quick® Lẩu Thái","Sả cây đập dập, cắt khúc. Hành tím, tỏi củ đập dập. Thơm một nửa băm nhỏ, phần còn lại cắt rẽ quạt. Nấm rửa sạch cắt đôi theo chiều dọc. Khăn lông bò chần 15 phút trong nước có rượu, gừng, muối vá nước cốt chanh, rửa sạch để ráo. Cắt bắp bò miếng mỏng. Cắt khăn lông bò, gân bò lạn miếng vừa ăn. Ướp gân bò : Cho 2M Gia vị nêm sẵn Aji-Quick® Lẩu Thái, thơm băm nhỏ vào gân bò, khăn lông bò trộn đều để 15 phút cho thấm gia vị.","Làm nóng dầu, cho sả cây, hành tím, tỏi, ớt khô vào xào thơm, cho gân bò, khăn lông bò, thêm 1m dầu màu điều, 1M tương cà chua, 1m bột canh vào xào săn. Nêm vào 1M nước mắm, cho tiếp nấm rơm, thơm vào đảo đều cho nước dùng vào nấu sôi vớt bọt. Cho hết phần Gia vị nêm sẵn Aji-Quick® Lẩu Thái vào khuấy đều để nhỏ lửa, nấu khoảng 20 phút cho gân bò, khăn lông bò chín mềm, tắt lửa cho ngò gai, rau quế vào.","Đặt nồi lẩu lên bếp gas nhỏ, cho nấm vào, thịt bắp bò, đậu hũ, các loại rau vào và thưởng thức.","Ướp Gia vị nêm sẵn Aji-Quick® Lẩu Thái vào gân bò và khăn lông bò để tạo mùi thơm và thấm vị.Ướp thơm băm nhỏ vào gân bò, khăn lông bò để nguyên liệu mau chín mềm hơn.Chần khăn lông bò với nước sôi có rượu gừng chanh để khử bớt mùi đặc trưng của khăn lông bò.",Lẩu bò chua cay,13.75,187.5,17.5,3.75,2.0,7.5,0.125,0.75,20.0,2.0,45.0,87.5,10.0,3.75,200.0,375.0
https://monngonmoingay.com/tom-thit-boc-trung-cut/,https://monngonmoingay.com/wp-content/uploads/2021/06/tom-thit-boc-trung-cut-880.webp,https://www.youtube.com/channel/UC-2EWHDbHnx5JOeyWfLdIxQ,Tôm thịt bọc trứng cút,"Viên thịt tròn đều, vàng ươm, vị vừa ăn, thanh ngọt của tôm thịt, bùi bùi của bắp, dậy mùi của vỏ chanh. Món ngon hết nhanh, cả nhà tấm tắc khen!",4 người,15 Phút,Dễ,"Chiên, Thịt heo, Tôm, Cà rốt, Trứng, Thực đơn hàng ngày, Sinh nhật, Ngày hè, Cuối tuần, Giáng sinh, Ăn vặt, Các món ăn kèm, món phụ, Cha, Mẹ, Người lớn tuổi, Trẻ em","Thịt nạc dăm xay 50g, Tôm hấp đông lạnh 100g, Giò sống 150g, Bắp Mỹ hạt 50g, Cà rốt băm nhỏ 30g, Cọng ngò rí băm 1M, Lòng trắng trứng gà 1 cái, Trứng cút 12 trứng, Vỏ chanh giấy 1m, Gia vị: tiêu, tương ớt, dầu ăn, Xốt Mayonnaise Aji-mayo® Vị Nguyên Bản, Aji-Quick® Bột Tẩm Khô Chiên Giòn, Thịt nạc dăm xay 50g, Tôm hấp đông lạnh 100g, Giò sống 150g, Bắp Mỹ hạt 50g, Cà rốt băm nhỏ 30g, Cọng ngò rí băm 1M, Lòng trắng trứng gà 1 cái, Trứng cút 12 trứng, Vỏ chanh giấy 1m, Gia vị: tiêu, tương ớt, dầu ăn, Xốt Mayonnaise Aji-mayo® Vị Nguyên Bản, Aji-Quick® Bột Tẩm Khô Chiên Giòn","Bắp Mỹ băm nhỏ. Tôm đông lạnh cắt hạt lựu. Trứng cút luộc chín, bóc vỏ. Trộn thịt nạc dăm xay với 1M Gia vị nêm sẵn Aji-Quick® Bột Tẩm Khô Chiên Giòn, thêm giò sống, tôm, bắp, cà rốt, cọng ngò rí băm, lòng trắng trứng gà, 1m tiêu và 1/2m vỏ chanh. Quết cho dai, để trong tủ mát 15 phút.","Lần lượt bọc hỗn hợp tôm thịt quanh trứng cút, sau đó tẩm qua Gia vị nêm sẵn Aji-Quick® Bột Tẩm Khô Chiên Giòn. Đun nóng dầu ăn, chiên ngập dầu viên tôm thịt bọc trứng cút đến khi chín đều, vớt ra để ráo dầu. Pha xốt chấm : Trộn đều 2M Xốt Mayonnaise Aji-mayo®, 1M tương ớt và 1/2m vỏ chanh.",Món ăn ngon đi kèm:Súp cồi điệp rau củ,Nêm 1 ít Gia vị nêm sẵn Aji-Quick® Bột Tẩm Khô Chiên Giòn vào nhân giúp tạo vị và cả độ kết dính.Trộn thêm lòng trắng trứng giúp viên thịt không bị khô sau khi chiên.Giữ thịt trong tủ lạnh giúp việc tạo hình dễ dàng hơn.,Tôm thịt bọc trứng cút,7.5,112.5,10.0,1.25,0.75,0.5,0.25,0.375,20.0,0.75,75.0,75.0,7.5,2.0,100.0,200.0
https://monngonmoingay.com/canh-dau-ca-bop/,https://monngonmoingay.com/wp-content/uploads/2021/06/canh-dau-ca-bop-880.webp,https://www.youtube.com/channel/UC-2EWHDbHnx5JOeyWfLdIxQ,Canh đầu cá bớp,"Đầu cá bớp tươi ngon, nước canh thì hấp dẫn với vị lẩu thái chua chua cay cay – hòa với vị chát nhẹ của chuối, giòn ngọt của khóm thật đã miệng, ăn cùng bún hay cơm là tuyệt cú mèo luôn. Thử sức với món Canh Đầu Cá Bớp hôm nay, các bạn có thể chiêu đãi cả gia đình để đổi vị mới lạ nhé",4 người,15 Phút,Dễ,"Canh/Súp, Cá, Cà chua, Thực đơn hàng ngày, Cuối tuần, Các món ăn kèm, món phụ, Mẹ, Cha, Người lớn tuổi, Trẻ em","Đầu cá bớp 600g, Cà chua 1 Trái, Khóm 1/4 Trái, Chuối chát 2 Trái, Hành tím bào 20g, Đầu hành lá 15g, Ớt tươi 5 trái nhỏ, RAU NÊM: Rau răm, ngò gai, rau om, thơm, tất cả cắt khúc., ĂN KÈM: Bún tươi, nước mắm và ớt cắt lát., Gia vị: Dầu tỏi phi, tỏi phi, nước mắm, Gia vị nêm sẵn Aji-Quick® Lẩu Thái, Đầu cá bớp 600g, Cà chua 1 Trái, Khóm 1/4 Trái, Chuối chát 2 Trái, Hành tím bào 20g, Đầu hành lá 15g, Ớt tươi 5 trái nhỏ, RAU NÊM: Rau răm, ngò gai, rau om, thơm, tất cả cắt khúc., ĂN KÈM: Bún tươi, nước mắm và ớt cắt lát., Gia vị: Dầu tỏi phi, tỏi phi, nước mắm, Gia vị nêm sẵn Aji-Quick® Lẩu Thái","Đầu cá bớp rửa sạch, để ráo, cắt miếng vừa ăn. Khuấy đều 2M dầu tỏi với 1/2 gói Gia vị nêm sẵn Aji-Quick® Lẩu Thái cho đầu cá bớp vào trộn đều để 10 phút, cho thấm gia vị. Cà chua cắt làm tư. Khóm cắt hình rẽ quạt. Chuối chát cắt lát tròn dày 0.5cm, ngâm với nước ngâm chút chanh. Đầu hành lá đập dập, cắt khúc. Ớt đập dập 3 trái.","Làm nóng dầu tỏi cho hành tím bào, đầu hành lá, ớt tươi và cà chua vào xào thơm. Cho tiếp đầu cá vào đảo nhanh tay, thêm 1.5L nước vào nấu sôi, vớt bọt. Nêm 1/2 gói Gia vị nêm sẵn Aji-Quick® Lẩu Thái còn lại vào khuấy đều, cho chuối chát, khóm vào nấu 10 phút với lửa vừa cho cá chín, tắt lửa. Thêm 1/2M nước mắm khuấy đều cùng rau răm, ngò gai, rau om, thơm vào.",Món ăn ngon đi kèm:Canh đầu cá bớp,Khuấy dầu tỏi và Gia vị nêm sẵn Aji-Quick® Lẩu Thái ướp đầu cá để đầu cá dễ dàng thấm gia vị.Cho nước mắm vào sau khi tắt lửa để tạo thêm vị đâm đà cho món canh.Cho chuối chát vào món canh để tạo sự mới lạ cho món canh.,Canh đầu cá bớp,8.75,112.5,7.5,2.5,1.25,7.5,0.0,0.25,20.0,0.5,25.0,62.5,7.5,1.25,150.0,300.0
https://monngonmoingay.com/bun-bo-gan/,https://monngonmoingay.com/wp-content/uploads/2021/05/bun-bo-gan-880.webp,https://www.youtube.com/channel/UC-2EWHDbHnx5JOeyWfLdIxQ,Bún bò gân,"Khi có nhiều thời gian như dịp cuối tuần, đãi cả gia đình một món hoành tráng như ‘Bún bò gân’ thì sao nào các mẹ ơi! Gân bò chín mềm nhưng vẫn giòn sần sật, ngập trong nước dùng bún bò đặc trưng màu nâu nhạt.",4 người,30 Phút,Dễ,"Khác, Thịt bò, Thực đơn hàng ngày, Bữa sáng, Cha, Mẹ, Người lớn tuổi, Trẻ em","Bắp bò 500g, Gân bò luộc sẵn 500g, Sả cây 10 cây, Sợi bún bò 1kg, Gừng 1 củ, RAU NÊM: Rau răm, ớt sừng, ớt hiểm xanh đỏ, hành tây, ĂN KÈM: Ngò gai, húng cây, húng quế, giá sống, bắp chuối bào, rau muống chẻ, chanh, tương ớt Quảng Nam, hành tím ngâm giấm, nước mắm, Gia vị nêm sẵn Aji-Quick® Bún Bò Huế, Bắp bò 500g, Gân bò luộc sẵn 500g, Sả cây 10 cây, Sợi bún bò 1kg, Gừng 1 củ, RAU NÊM: Rau răm, ớt sừng, ớt hiểm xanh đỏ, hành tây, ĂN KÈM: Ngò gai, húng cây, húng quế, giá sống, bắp chuối bào, rau muống chẻ, chanh, tương ớt Quảng Nam, hành tím ngâm giấm, nước mắm, Gia vị nêm sẵn Aji-Quick® Bún Bò Huế","Bắp bò quấn chỉ định hình. Trụng bắp bò và gân bò trong nước sôi có gừng. Sau đó vớt ra, gân bò cắt khúc vừa ăn, khoảng 4cm. Ướp với 1M Gia vị nêm sẵn Aji-Quick® Bún Bò Huế. Sả cây đập dập, bó lại. Chần sơ bún. Rau răm cắt rối. Hành tây cắt lát mỏng.","Đun sôi 3 lít nước, cho bắp bò vào nấu khoảng 15 phút thì cho tiếp gân bò, sả nêm 2 gói Gia vị nêm sẵn Aji-Quick® Bún Bò Huế, đậy vung nấu cho thịt mềm, vớt bắp bò ra cắt lát.","Cho bún vào tô, xếp thịt và gân bò lên trên, thêm hành tây, rau răm cắt rối, chang nước dùng. Dùng nóng, dọn kèm với dĩa rau giá các loại, hành tím ngâm giấm, ớt, sa tế, chanh, nước mắm.",Dùng chỉ cotton quấn định hình bắp bò để khi cắt sẽ đẹp hơn.Ướp gân bò với Gia vị nêm sẵn Aji-Quick® Bún Bò Huế để gân thấm vị và ngon hơn.Dùng Gia vị nêm sẵn Aji-Quick® Bún Bò Huế giúp tiết kiệm thời gian mà vẫn có món ăn ngon cho gia đình.,Bún bò gân,30.0,300.0,20.0,2.5,3.75,5.0,0.0,0.75,20.0,2.0,37.5,75.0,12.5,5.0,150.0,375.0
https://monngonmoingay.com/de-xao-tia-to-ca-bat/,https://monngonmoingay.com/wp-content/uploads/2021/05/de-xao-tia-to-ca-bat-880.webp,https://www.youtube.com/channel/UC-2EWHDbHnx5JOeyWfLdIxQ,Dê xào tía tô cà bát,"Ai đang đau đầu không biết nấu món gì lạ miệng cho bữa cơm nhà mình thì hãy để món ‘Dê xào tía tô cà bát’ giải quyết cho. Thịt dê nướng thơm lừng mùi thịt và tía tô, lá lốt, gói trọn trong trái cà bát. Ăn vào một phát ngấy ngây luôn á. Món này bảo đảm hao cơm nha cả nhà mình ơi!",4 người,15 Phút,Dễ,"Món Xào, Các loại thịt khác, Thực đơn hàng ngày, Các món ăn kèm, món phụ, Cha, Mẹ, Người lớn tuổi","Thịt đùi dê 400g, Cà bát 2 quả, Ớt sừng 1 quả, Hành tím lột vỏ 4 củ, Gừng băm 1m, Tỏi băm 1M, Nước cốt dừa 1/2 chén, Bột năng 1m, Bột xù 2M, RAU NÊM: 10 lá tía tô, 10 lá lốt, ĂN KÈM: Cơm trắng, Gia vị: Dầu ăn, Xốt Mayonnaise Aji-mayo® Vị Nguyên Bản, Gia vị nêm sẵn Aji-Quick® Lẩu Thái, Thịt đùi dê 400g, Cà bát 2 quả, Ớt sừng 1 quả, Hành tím lột vỏ 4 củ, Gừng băm 1m, Tỏi băm 1M, Nước cốt dừa 1/2 chén, Bột năng 1m, Bột xù 2M, RAU NÊM: 10 lá tía tô, 10 lá lốt, ĂN KÈM: Cơm trắng, Gia vị: Dầu ăn, Xốt Mayonnaise Aji-mayo® Vị Nguyên Bản, Gia vị nêm sẵn Aji-Quick® Lẩu Thái","Thịt dê cắt lát dày 3mm, ướp 1M Gia vị nêm sẵn Aji-Quick® Lẩu Thái, 1m bột năng pha loãng, để thấm 5 phút. Cà bát cát ngang đôi khoét bỏ ruột ngâm nước muối. Ớt sừng cắt hình thoi 2cm. Hành tím cắt dọc 1/4. Tía tô, lá lốt cắt sợi bản 5mm.","Đun nóng dầu ăn, chiên ngập dầu cà bát đến khi vừa chín, để ráo. Phi thơm hành tím, gừng, tỏi ớt với ít dầu ăn, xào săn thịt dê, thêm nước cốt dừa, nấu lửa lớn 2 phút. Cuối cùng cho tía tô, lá lốt vào xốc đều. Cho thịt xào vào phần cà bát đã khoét, bắt Xốt Mayonnaise Aji-mayo® lên trên, thêm bột xù lên và nướng lửa trên nhiệt độ 200°C khoảng 1 phút.",Món ăn ngon đi kèm:Gỏi bốn mùa,Ướp thịt dê với ít bột năng để thịt không khô sau khi xào.Ngâm nước muối cà bát để cà trắng và có vị.Nướng lửa trên để nước thịt thấm xuống miếng cà và mặt trên vàng đẹp mắt.,Dê xào tía tô cà bát,11.25,212.5,13.75,2.5,1.25,3.75,0.0,0.5,12.5,1.25,37.5,100.0,7.5,7.5,150.0,200.0
https://monngonmoingay.com/salad-bi-do/,https://monngonmoingay.com/wp-content/uploads/2021/04/salad-bi-do-880.webp,https://www.youtube.com/channel/UC-2EWHDbHnx5JOeyWfLdIxQ,Salad bí đỏ,"Món ăn bổ dưỡng, giàu năng lượng cho sĩ tử trước khi bước vào mùa thi căng thẳng. Lưu ngay công thức nào các mẹ ơi!",4 người,15 Phút,Dễ,"Gỏi/Trộn, Thịt gà, Cà chua, Cuối tuần, Các món ăn kèm, món phụ, Món Âu, Cha, Mẹ, Người lớn tuổi, Trẻ em","Đùi gà 300g, Bí đỏ baby 150g, Xà lách carol 100g, Cà chua bi 50g, Xà lách tím 50g, Hành tây 1/4 củ, Nước cốt chanh 3M, Vỏ chanh mài 1M, Bơ lạt 20g, RAU NÊM: lá húng lủi cắt rối, Gia vị: mật ong, mù tạt vàng, muối, tiêu, dầu ôliu, xốt ớt Tabasco, Hạt nêm Aji-ngon® Gà, Xốt Mayonnaise Aji-mayo® Vị Nguyên Bản, Đùi gà 300g, Bí đỏ baby 150g, Xà lách carol 100g, Cà chua bi 50g, Xà lách tím 50g, Hành tây 1/4 củ, Nước cốt chanh 3M, Vỏ chanh mài 1M, Bơ lạt 20g, RAU NÊM: lá húng lủi cắt rối, Gia vị: mật ong, mù tạt vàng, muối, tiêu, dầu ôliu, xốt ớt Tabasco, Hạt nêm Aji-ngon® Gà, Xốt Mayonnaise Aji-mayo® Vị Nguyên Bản","Thịt đùi gà lóc bỏ xương, ướp 1m Hạt nêm Aji-ngon® Gà, 1m nước cốt chanh, để thấm 5 đến 10 phút sau đó áp chảo vàng 2 mặt với 1 ít dầu ăn. Để nguội, cắt lát vừa ăn. Các loại xà lách cắt khúc vừa ăn. Bí đỏ cắt làm tư, sau đó cắt lát mỏng. Cà chua bi cắt đôi. Hành tây cắt khoanh tròn mỏng. Lá húng lủi cắt rối. Pha xốt: trộn đều 3M mật ong, 2M nước cốt chanh, 2M dầu ôliu, 1/4m muối, 1/4m tiêu, 1M vỏ chanh mài, 1/2M xốt ớt Tabasco, trộn đều.","Nướng áp chảo bí đỏ với bơ và ít muối đến khi xém cạnh cùng với cà chua bi. Để nguội. Trộn salad: Cho bí đỏ, hành tây, xà lách carol, xà lách tím, cà chua bi, húng lủi vào tô, rưới xốt đã pha vào rồi trộn đều.",Món ăn ngon đi kèm:Mực nhồi tôm xốt tiêu xanh,Ướp nước chanh vào trong thịt gà giúp hương vị món ăn hài hoà hơn.Nướng áp chảo cà chua bi và bí đỏ với bơ giúp tăng mùi thơm và giảm vị chua của cà chua.,Salad bí đỏ,6.25,137.5,11.25,2.5,1.25,6.25,0.125,0.1,10.0,0.625,37.5,75.0,7.5,2.5,125.0,100.0
https://monngonmoingay.com/ba-roi-tam-trung-chien-gion/,https://monngonmoingay.com/wp-content/uploads/2021/04/ba-roi-tam-trung-chien-gion-880.webp,https://www.youtube.com/channel/UC-2EWHDbHnx5JOeyWfLdIxQ,Ba rọi tẩm trứng chiên giòn,"Ba rọi giòn tan, beo béo vị trứng sẵn sàng lên bàn chỉ trong vài phút. Món ăn vặt cho bé, nhâm nhi cho mẹ, ba cũng ké phần chính là đây. Vào bếp trổ tài để kiếm chứng lời mình nói đi nào!",4 người,10 Phút,Dễ,"Chiên, Thịt heo, Trứng, Thực đơn hàng ngày, Món nhậu, Cha, Mẹ, Trẻ em","Thịt ba chỉ 250g, Trứng gà 2 quả, Ngò rí 1m, Mù tạt vàng 1m, ĂN KÈM: Xà lách, dưa leo, rau thơm các loại, Gia vị: Dầu ăn, tương ớt, Xốt Mayonnaise Aji-mayo® Vị Nguyên Bản, Aji-Quick® Bột Tẩm Khô Chiên Giòn, Thịt ba chỉ 250g, Trứng gà 2 quả, Ngò rí 1m, Mù tạt vàng 1m, ĂN KÈM: Xà lách, dưa leo, rau thơm các loại, Gia vị: Dầu ăn, tương ớt, Xốt Mayonnaise Aji-mayo® Vị Nguyên Bản, Aji-Quick® Bột Tẩm Khô Chiên Giòn","Thịt ba chỉ lạng bỏ da, sau đó để ngăn đông khoảng 2 tiếng, lấy ra cắt lát mỏng. Trứng gà đánh tan. Ngò rí băm nhỏ.","Đun nóng dầu ăn, nhúng thịt ba chỉ qua trứng, sau đó lăn qua Gia vị nêm sẵn Aji-Quick® Bột Tẩm Khô Chiên Giòn, đem chiên chín vàng, vớt ra để ráo dầu. Pha xốt chấm: Trộn đều 3M Xốt Mayonnaise Aji-mayo®, 1m mù tạt vàng, 1/3m tiêu, 1m ngò rí băm.",Món ăn ngon đi kèm:Salad su su,"Cấp đông thịt ba chỉ, khi cắt lát mỏng sẽ dễ dàng và đẹp hơn.Chọn miếng thịt có bảng to giúp tạo hình đẹp.Lạng bỏ da giúp thịt sau khi chiên được giòn và ngon hơn.",Ba rọi tẩm trứng chiên giòn,3.75,237.5,11.25,0.75,0.75,1.25,0.5,0.25,12.5,0.75,87.5,75.0,7.5,7.5,100.0,200.0
https://monngonmoingay.com/chuoi-dau-kho-tuong-sa/,https://monngonmoingay.com/wp-content/uploads/2021/02/chuoi-dau-kho-tuong-sa-880.webp,https://www.youtube.com/channel/UC-2EWHDbHnx5JOeyWfLdIxQ,Chuối đậu kho tương sả,"Với hương vị rất đặc trưng của tương hột, sả cây, ngọt thanh từ nước dừa hòa quyện vị ngọt chát của chuối già tươi – đây chính là món chay vô cùng hấp dẫn cho bữa cơm thanh đạm. Cùng vào bếp nhé!",4 người,15 Phút,Dễ,"Kho, Đậu hũ, Nấm, Tết, Thực đơn hàng ngày, Món mặn, Bắc, Trung, Nam, Cha, Mẹ","Chuối già xanh tươi 4 quả, Đậu hũ mơ 5 miếng, Tương hột ngon 1/2 chén, Nấm hương Sapa 10 tai, Hành tây 1/2 củ, Boaro 1 cây, Sả cây 4 cây, Nước dừa tươi 1 chén, Sả ớt băm 2M, Gia vị: dầu ăn, dầu điều, dầu mè, ớt sừng, Nước tương ""Phú Sĩ"", Hạt nêm Aji-ngon® Nấm, Chuối già xanh tươi 4 quả, Đậu hũ mơ 5 miếng, Tương hột ngon 1/2 chén, Nấm hương Sapa 10 tai, Hành tây 1/2 củ, Boaro 1 cây, Sả cây 4 cây, Nước dừa tươi 1 chén, Sả ớt băm 2M, Gia vị: dầu ăn, dầu điều, dầu mè, ớt sừng, Nước tương ""Phú Sĩ"", Hạt nêm Aji-ngon® Nấm","Chuối tước vỏ, cắt lát dày 1cm rửa qua nước muối, luộc nhanh trong 2 phút, ướp gia vị gồm 1m hạt nêm Hạt nêm Aji-ngon® Nấm và 1M màu dầu điều. Đậu hũ cắt miếng vuông 2 cm, chiên vàng. Tương hột xay mịn. Nấm hương ngâm nở. Hành Boaro cắt lát. Sả cây đập đập, cắt khúc. Hành tây cắt múi cau.","Phi thơm sả cây, boaro và 2M sả ớt băm với 2M dầu ăn, cho tương vào trộn đều. Tiếp theo xào chuối xanh khoảng 1 phút, rồi thêm nấm hương, nêm 1/2M Hạt nêm Aji-ngon® Nấm, 1m Nước tương “Phú Sĩ”. Thêm đậu hũ, nước dừa và 1 chén nước lọc vào kho lửa nhẹ để đậu và chuối thấm vị. Cho ớt sừng, hành tây kho đến khi nước sanh sánh. Tắt lửa và thêm ít dầu mè, lá boaro.",Món ăn ngon đi kèm:Canh bạch quả bí đỏ,"Chiên vàng non đậu hũ giúp thấm vị, khi kho không bị bể.Nếu không mua được nấm hương Sapa có thể dùng loại nấm hương khác.Tùy theo độ mặn của tương hột, có thể gia giảm chút gia vị để cân bằng vị cho món ăn.",Chuối đậu kho tương sả,30.0,212.5,13.75,10.0,6.25,8.75,0.0,0.0,75.0,2.0,0.0,125.0,20.0,2.0,375.0,200.0
https://monngonmoingay.com/ca-chien-xoc-toi/,https://monngonmoingay.com/wp-content/uploads/2021/02/ca-chien-xoc-toi-880.webp,https://www.youtube.com/channel/UC-2EWHDbHnx5JOeyWfLdIxQ,Cá chiên xóc tỏi,"Chỉ cần vài nguyên liệu, thêm cách chế biến “hảo hạng” từ đầu bếp của Món Ngon Mỗi Ngày là có ngay món Cá Chiên Xóc Tỏi thơm thơm, cay cay ăn là ghiền. Thử ngay nha Mẹ ơi!",4 người,10 Phút,Dễ,"Chiên, Cá, Thực đơn hàng ngày, Món mặn, Bắc, Nam, Trung, Cha, Mẹ","Cá basa phi lê 300g, Lá quế 1 ít, Ớt hiểm 1 trái, Tỏi 40g, Hành tím 10g, RAU NÊM: Rau quế, Gia vị: Dầu ăn, tương ớt, tiêu, nước cốt chanh, Xốt Mayonnaise Aji-mayo® Vị Nguyên Bản, Aji-Quick® Bột Tẩm Khô Chiên Giòn, Cá basa phi lê 300g, Lá quế 1 ít, Ớt hiểm 1 trái, Tỏi 40g, Hành tím 10g, RAU NÊM: Rau quế, Gia vị: Dầu ăn, tương ớt, tiêu, nước cốt chanh, Xốt Mayonnaise Aji-mayo® Vị Nguyên Bản, Aji-Quick® Bột Tẩm Khô Chiên Giòn","Cá basa làm sạch, cắt miếng vừa ăn. Ướp cá với 1M nước cốt tỏi, 1/2M nước cốt chanh, 1/3m tiêu, để thấm. Băm nhỏ tỏi, vắt nước để riêng. Băm nhỏ ớt và hành tím.","Tẩm cá với 1/2 gói Gia vị nêm sẵn Aji-Quick® Bột tẩm khô chiên giòn. Đun nóng dầu ăn, chiên lá quế rồi vớt ra để riêng, sau đó chiên cá chín vàng, vớt ra để ráo dầu. Phi thơm hành tím, tỏi và ớt băm, trút cá vào xóc đều và nhanh tay. Tắt lửa. Pha xốt chấm: Trộn đều 2M Xốt Mayonnaise Aji-mayo® và 1M tương ớt.",Món ăn ngon đi kèm:Salad trộn thịt bò,"Chiên lá quế trước, sau đó chiên cá sẽ thơm ngon hơn.Để ráo cá trước khi chiên giúp tiết kiệm thời gian chiên và cá chiên xong giòn lâu hơn.Sau khi tẩm bột nên chiên cá ngay để cá không bị bám quá nhiều bột sẽ không ngon.",Cá chiên xóc tỏi,3.75,162.5,11.25,1.25,0.5,1.25,0.0,0.25,12.5,0.375,30.0,100.0,2.5,2.0,125.0,200.0
https://monngonmoingay.com/bi-do-hap-hat-sen/,https://monngonmoingay.com/wp-content/uploads/2021/02/bi-do-hap-hat-sen-880.webp,https://www.youtube.com/channel/UC-2EWHDbHnx5JOeyWfLdIxQ,Bí đỏ hấp hạt sen,"Một món chay vừa ngon, lại vừa giàu dinh dưỡng bởi sự kết hợp của bí đỏ, hạt sen, đậu bi, nấm đông cô,… cực kỳ thích hợp cho những ngày chuyển mùa. Cùng thực hiện ngay nha Mẹ ơi!",4 người,30 Phút,Dễ,"Hấp/Tiềm, Đậu hũ, Cà rốt, Thực đơn hàng ngày, Tết, Món chay, Bắc, Nam, Trung, Cha, Mẹ, Người lớn tuổi, Trẻ em","Bí đỏ non 4 trái, Hạt sen 100g, Đậu bi 30g, Đậu hũ chiên 50g, Cà rốt 40g, Boaro 1 cây, Nấm đông cô tươi 40g, RAU NÊM: Lá boaro, cọng ngò, ớt sừng cắt sợi, Gia vị: dầu ăn, Nước tương ""Phú Sĩ"", Hạt nêm Aji-ngon® Nấm, Bí đỏ non 4 trái, Hạt sen 100g, Đậu bi 30g, Đậu hũ chiên 50g, Cà rốt 40g, Boaro 1 cây, Nấm đông cô tươi 40g, RAU NÊM: Lá boaro, cọng ngò, ớt sừng cắt sợi, Gia vị: dầu ăn, Nước tương ""Phú Sĩ"", Hạt nêm Aji-ngon® Nấm","Bí đỏ cắt chóp, nạo bỏ phần hạt, giữ lại phần nắp, hấp bí đỏ 10 phút. Hạt sen lấy tim sen, luộc chín hạt sen và đậu bi. Đậu hũ, cà rốt và nấm đông cô tươi cắt hạt lựu. Hành boaro cắt mỏng phần cọng, phần lá cắt nhuyễn.","Phi thơm hành boaro, cho nấm và cà rốt vào xào, thêm 2M nước, cho hạt sen, đậu bi, đậu hũ vào xào sơ, nêm 1m Hạt nêm Aji-ngon® Nấm Hương và Hạt Sen, 1/3m tiêu. Tắt lửa. Thêm lá boaro. Cho rau củ đã xào vào bí, đậy nắp, hấp thêm 25 phút đến khi bí đỏ và rau củ chín mềm. Rắc ít lá boaro và ớt sừng cắt sợi cùng cọng ngò lên trên.",Món ăn ngon đi kèm:Súp bát trân chay,"Hấp sơ bí giúp món ăn chín đều sau khi hoàn thành.Xào nấm chín kĩ để giảm mùi hăng của nấm.Chọn quả bí tròn đều, đáy bằng, vỏ đậm màu, sau khi hấp sẽ đẹp hơn.",Bí đỏ hấp hạt sen,10.0,87.5,3.75,2.5,2.0,5.0,0.0,0.0,20.0,0.75,0.0,50.0,12.5,0.75,125.0,75.0
https://monngonmoingay.com/ga-xot-mat-ong-mu-tat/,https://monngonmoingay.com/wp-content/uploads/2021/01/ga-xot-mat-ong-mu-tat-880.webp,https://www.youtube.com/channel/UC-2EWHDbHnx5JOeyWfLdIxQ,Gà xốt mật ong mù tạt,"Cùng trổ tài thực hiện món Gà Xốt Mật Ong Mù Tạt cho những bữa tiệc cuối năm với gia đình nha Mẹ ơi! Sự kết hợp hài hòa giữa các gia vị, đặc biệt có xốt mù tạt vàng, mật ong làm món ăn siêu hấp dẫn nha!",4 người,10 Phút,Dễ,"Khác, Chiên, Thịt gà, Trứng, Thực đơn hàng ngày, Món mặn, Bắc, Nam, Trung, Cha, Mẹ","Đùi gà 400g, Hành tây 1/2 củ, Ớt sừng 1 trái, Hành lá 1 M, Mè đen rang 1M, Tỏi băm 1m, Trứng gà ta 2 trứng, RAU NÊM: ngò, ĂN KÈM: salad, cà chua, Gia vị: mù tạt vàng, mật ong, tiêu, muối, dầu ăn, Hạt nêm Aji-ngon® Gà, Aji-Quick® Bột Chiên Giòn, Xốt Mayonnaise Aji-mayo® Vị Nguyên Bản, Đùi gà 400g, Hành tây 1/2 củ, Ớt sừng 1 trái, Hành lá 1 M, Mè đen rang 1M, Tỏi băm 1m, Trứng gà ta 2 trứng, RAU NÊM: ngò, ĂN KÈM: salad, cà chua, Gia vị: mù tạt vàng, mật ong, tiêu, muối, dầu ăn, Hạt nêm Aji-ngon® Gà, Aji-Quick® Bột Chiên Giòn, Xốt Mayonnaise Aji-mayo® Vị Nguyên Bản","Đùi gà lọc bỏ da và xương. Thịt gà cắt vuông cờ sau đó nêm 1m Hạt nêm Aji-ngon® Gà, 1/4 m tiêu, để thấm. Hành tây cắt múi cau. Ớt sừng bỏ hạt, cắt xéo. Hành lá cắt nhỏ. Pha xốt: trộn đều 1M mù tạt vàng, 2M mật ong, 1M nước, 1/2m tiêu và 1/4 muối.","Trộn đều thịt gà cùng với 2 quả trứng gà ta, cho 1/2 gói Gia vị nêm sẵn Aji-Quick® Bột chiên giòn và trộn đều. Đun nóng dầu ăn, chiên gà vàng giòn, vớt ra để ráo dầu. Phi thơm tỏi, cho nước xốt đã pha vào, xóc đều xốt với thịt gà, hành tây và ớt sừng. Tắt lửa.",Món ăn ngon đi kèm:Rau càng cua trộn dầu giấm,Trộn bột với trứng để tăng vị béo và xốp cho món ăn.Thêm muối vào trong sốt mật ong giúp cân bằng vị cho món ăn.Chiên với Gia vị nêm sẵn Aji-Quick® Bột chiên giòn giúp món ăn có độ giòn lâu hơn.,Gà xốt mật ong mù tạt,6.25,187.5,15.0,2.0,0.75,3.75,0.5,0.375,12.5,0.75,62.5,100.0,7.5,3.75,125.0,200.0
https://monngonmoingay.com/ca-keo-chien-xot-chanh-day/,https://monngonmoingay.com/wp-content/uploads/2021/01/ca-keo-chien-xot-chanh-day-880.webp,https://www.youtube.com/channel/UC-2EWHDbHnx5JOeyWfLdIxQ,Cá kèo chiên xốt chanh dây,"Cá kèo nhỏ nhỏ mà có vị hấp dẫn rất đặc trưng nếu biết chế biến, kết hợp các nguyên liệu nha! Cùng xem đầu bếp Món Ngon Mỗi Ngày hướng dẫn cách làm món cá kèo đầy mới lạ với xốt chanh dây nhé!",4 người,10 Phút,Dễ,"Chiên, Cá, Thực đơn hàng ngày, Món mặn, Bắc, Nam, Trung, Cha, Mẹ","Cá kèo 300g, Rau răm 1 ít, Ớt sừng 1 quả, Nước cốt chanh dây 1m, ĂN KÈM: Xà lách, dưa leo, rau thơm, đồ chua, Gia vị: Dầu ăn, Xốt Mayonnaise Aji-mayo® Vị Nguyên Bản, Aji-Quick® Bột Tẩm Khô Chiên Giòn, Cá kèo 300g, Rau răm 1 ít, Ớt sừng 1 quả, Nước cốt chanh dây 1m, ĂN KÈM: Xà lách, dưa leo, rau thơm, đồ chua, Gia vị: Dầu ăn, Xốt Mayonnaise Aji-mayo® Vị Nguyên Bản, Aji-Quick® Bột Tẩm Khô Chiên Giòn","Cá kèo rửa sạch nhớt, để ráo. Ngâm xiên tre trong dầu. Xiên thẳng cá từ trên xuống. Rau răm, ớt sừng băm nhuyễn, trộn với Gia vị nêm sẵn Aji-Quick® Bột tẩm khô chiên giòn.","Tẩm xiên cá qua hỗn hợp Gia vị nêm sẵn Aji-Quick® Bột tẩm khô chiên giòn để 10 phút. Đun nóng dầu ăn, cho xiên cá vào chiên chín vàng các mặt. Vớt ra để ráo dầu. Pha xốt chanh dây: Hòa 4M Xốt Mayonnaise Aji-mayo® với 1m cốt chanh dây.","Cho cá ra đĩa, bắt xốt chanh dây lên trên. Dùng kèm với đồ chua rau thơm.",Sau khi tẩm xiên cá qua Gia vị nêm sẵn Aji-Quick® Bột tẩm khô chiên giòn để 10 phút giúp cho bột có thời gian nở và bám chặt vào cá.Chiên cá với lớp mỏng dầu để cá được giòn hơn.Ngâm xiên tre trong dầu để sau khi chiên rút cây ra dễ dàng hơn.,Cá kèo chiên xốt chanh dây,3.75,162.5,10.0,1.25,1.25,5.0,0.0,0.25,37.5,0.5,30.0,75.0,7.5,2.0,100.0,125.0
https://monngonmoingay.com/chao-nguu-bang-hai-san/,https://monngonmoingay.com/wp-content/uploads/2020/12/chao-nguu-bang-hai-san-880.webp,https://www.youtube.com/channel/UC-2EWHDbHnx5JOeyWfLdIxQ,Cháo ngưu bàng hải sản,"Ngưu bàng được biết đến không chỉ là một vị thuốc tốt cho sức khỏe, mà còn là một nguyên liệu giúp món ăn trở nên lạ miệng, độc đáo hơn. Thử ngay công thức của Món Ngon Mỗi Ngày mẹ nhé!",4 người,25 Phút,Dễ,"Khác, Mực/Bạch tuộc, Tôm, Cá, Cà rốt, Gạo, Giáng sinh, Bắc, Nam, Trung, Cha, Mẹ, Người lớn tuổi, Trẻ em","Tôm sú 150g, Mực lá 100g, Cá lóc filet (hoặc cá điêu hồng) 100g, Ngưu bàng tươi 200g, Cà rốt 50g, Gạo thơm 1/2 chén, Nếp 2M, Nước dùng gà 1.5L, RAU NÊM: Hành lá, ngò rí, ĂN KÈM: chanh, ớt, Gia vị: Tiêu, muối, hành tím cắt lát, hành phi, nước mắm, dầu ăn, Hạt nêm Aji-ngon® Gà, Tôm sú 150g, Mực lá 100g, Cá lóc filet (hoặc cá điêu hồng) 100g, Ngưu bàng tươi 200g, Cà rốt 50g, Gạo thơm 1/2 chén, Nếp 2M, Nước dùng gà 1.5L, RAU NÊM: Hành lá, ngò rí, ĂN KÈM: chanh, ớt, Gia vị: Tiêu, muối, hành tím cắt lát, hành phi, nước mắm, dầu ăn, Hạt nêm Aji-ngon® Gà","Tôm bóc vỏ, chẻ lưng. Mực khứa ca rô, cắt miếng vừa ăn. Cá lóc cắt miếng vừa ăn. Ướp hải sản với 1m Hạt nêm Aji-ngon® Gà, 1m hành tím, 1m hành phi. Rang sơ gạo và nếp. Nấu cháo gạo, nếp với nước dùng gà cho nở mềm. Ngưu bàng cắt lát xéo. Cà rốt cắt miếng hình thoi.","Dùng chảo cho hành tím cắt lát phi vàng thơm, tắt lửa, vớt hành ra. Cho hải sản vào chảo đảo đều. Trộn cho hải sản thấm gia vị trong chảo đã phi hành. Cho cà rốt và ngưu bàng vào nồi cháo nấu chín. Nêm 1M Hạt nêm Aji-ngon® Gà, 1m muối, 1M nước mắm. Trút hải sản vào, đảo đều nhanh tay.","Múc cháo ra thố, rắc hành ngò tiêu, hành phi. Dọn kèm chanh, ớt, nước mắm, ớt băm.",Trộn nhanh hải sản với hành tím phi để hải sản thơm và giòn.,Cháo ngưu bàng hải sản,12.5,137.5,15.0,1.25,1.25,1.25,0.0,0.25,18.75,0.75,50.0,75.0,7.5,1.25,125.0,200.0
https://monngonmoingay.com/ca-dieu-hong-cuon-dua-kieu/,https://monngonmoingay.com/wp-content/uploads/2020/12/ca-dieu-hong-cuon-dua-kieu-880.webp,https://www.youtube.com/channel/UC-2EWHDbHnx5JOeyWfLdIxQ,Cá điêu hồng cuộn dưa kiệu,"Hương vị của củ kiệu luôn gợi nhớ đến những món ăn hấp dẫn ngày Tết. Khám phá ngay cách thực hiện một món ăn được kết hợp từ Cá Điêu hồng, Bacon hun khói & Dưa kiệu Mẹ nhé!",4 người,10 Phút,Dễ,"Chiên, Cá, Thực đơn hàng ngày, Các món ăn kèm, món phụ, Bắc, Trung, Nam, Cha, Mẹ","Phi lê cá điêu hồng 300g, Bacon hun khói 30g, Dưa kiệu 50g, Gừng 50g, Que xiên 6 cây, Giò sống 100g, ĂN KÈM: Rau mầm, Gia vị: ớt hiểm, hương thảo tươi, tương ớt, dầu ăn, Xốt Mayonnaise Aji-mayo® Vị Nguyên Bản, Aji-Quick® Bột Tẩm Khô Chiên Giòn, Phi lê cá điêu hồng 300g, Bacon hun khói 30g, Dưa kiệu 50g, Gừng 50g, Que xiên 6 cây, Giò sống 100g, ĂN KÈM: Rau mầm, Gia vị: ớt hiểm, hương thảo tươi, tương ớt, dầu ăn, Xốt Mayonnaise Aji-mayo® Vị Nguyên Bản, Aji-Quick® Bột Tẩm Khô Chiên Giòn","Cá diêu hồng cắt dày 2-3mm, kích thước 4x5cm. lấy 8 miếng cá, phần còn lại băm nhỏ. Chiên giòn bacon, cắt nhỏ. Cắt sợi dưa kiệu và gừng. Cắt nhỏ hương thảo. Ớt hiểm băm nhỏ. Trộn giò sống với dưa kiệu băm, 1M hương thảo cắt nhỏ, 1 trái ớt hiểm băm, cá băm, bacon đã chiên cắt nhỏ.","Cá phi lê phết một lớp mỏng hỗn hợp giò sống, thêm miếng kiệu, gừng cuộn tròn lại. Lần lượt dùng 2 que xiên, xiên qua 2 cuộn cá sao cho hai phần rìa miếng cá áp vào nhau. Lăn qua bột Gia vị nêm sẵn Aji-Quick® Bột tẩm khô chiên giòn. Pha xốt chấm: trộn đều 3M Xốt Mayonnaise Aji-mayo® và 1M tương ớt. Đun nóng chảo dầu. Chiên cuốn cá ngập dầu đến chín vàng giòn.","Trình bày que cá ra dĩa, thêm xốt chấm. Ăn nóng kèm rau mầm.","Chiên cuốn cá vàng vừa là được, không chiên lâu cá sẽ bị khô.Khi xiên cá vào que, áp 2 phần rìa miếng cá vào nhau để cuốn cá không bị bung ra.",Cá điêu hồng cuộn dưa kiệu,3.75,187.5,16.25,1.25,0.5,1.25,0.0,0.25,12.5,0.5,37.5,125.0,2.5,3.75,150.0,200.0
https://monngonmoingay.com/lau-chao-ca-am-mien-bac/,https://monngonmoingay.com/wp-content/uploads/2020/11/lau-chao-ca-am-mien-bac-880.webp,https://www.youtube.com/channel/UC-2EWHDbHnx5JOeyWfLdIxQ,Lẩu cháo cá ám miền bắc,"Những ngày trời se lạnh, cả nhà cùng thưởng thức móng lẩu cháo cá ám là “cực phẩm” mùa đông nha! Nguyên liệu ít, cách nấu đơn giản – còn chờ gì nữa Mẹ ơi?",4 người,25 Phút,Dễ,"Khác, Cá, Thịt heo, Thực đơn hàng ngày, Món nhậu, Bắc, Cha, Mẹ, Người lớn tuổi, Trẻ em","Phi lê cá lóc bông (bản to) 300g, Thịt ba chỉ ngon (bản to) 150g, Gạo tấm thơm 1/2 chén, Gạo nếp 2M, RAU NÊM: Hành tím phi, hành lá, thì là, gừng sợi, ĂN KÈM: Rau cần nước, cải tần ô (loại lá nhỏ), ớt sừng cắt sợi, Gia vị: Tiêu, muối, nước mắm, chanh, ớt, ớt băm, thì là, Hạt nêm Aji-ngon® Heo, Phi lê cá lóc bông (bản to) 300g, Thịt ba chỉ ngon (bản to) 150g, Gạo tấm thơm 1/2 chén, Gạo nếp 2M, RAU NÊM: Hành tím phi, hành lá, thì là, gừng sợi, ĂN KÈM: Rau cần nước, cải tần ô (loại lá nhỏ), ớt sừng cắt sợi, Gia vị: Tiêu, muối, nước mắm, chanh, ớt, ớt băm, thì là, Hạt nêm Aji-ngon® Heo","Phi lê cá lóc cắt dày 2mm, cạnh 4x6cm. Ướp cá với 2m Hạt nêm Aji-ngon® Heo, 1/2m tiêu, 2m cọng thì là băm. Nấu cháo gạo tấm, nếp: Luộc thịt ba chỉ, vớt thịt ba chỉ ra ngâm vào nước lạnh, rồi thêm nước vào đủ 2 lít để nấu cháo gạo tấm và gạo nếp, cho thêm gốc hành lá vào. Cắt thịt ba chỉ thành lát mỏng 1-2 ly. Ướp thịt với 1m Hạt nêm Aji-ngon® Heo. Hành lá chọn những lá dài chần sơ, phần còn lại cắt nhỏ cùng thì là. Xếp các loại rau cần nước, tần ô, ớt, gừng ra dĩa.","Đặt miếng cá xuống thớt, đặt miếng thịt chồng lên trên, đặt thêm cọng thì là, sợi gừng, sợi ớt, dùng cọng hành chần cột cuốn cá lại. Xếp ra dĩa, bày thêm thì là, gừng sợi, ớt sợi lên. Nêm lại nồi cháo: 1M Hạt nêm Aji-ngon® Heo, 1m muối, 1M nước mắm, cho thêm đầu hành, hành phi, tiêu, gừng, hành ngò lên.","Múc cháo ra thố. Khi ăn đặt thố lên bếp nóng, nhúng các cuốn cá và rau ăn kèm.","Khi cắt phi lê cá nên cắt thành hai lát dính phần da để có miếng cá to.Nấu cháo với gạo tấm và thêm nếp giúp cháo rền, có độ dẻo và thơm.Luộc thịt trong nước lạnh để giúp thịt được trắng.",Lẩu cháo cá ám miền bắc,15.0,187.5,16.25,0.5,1.25,3.75,0.0,0.375,20.0,1.0,45.0,125.0,7.5,3.75,150.0,200.0
https://monngonmoingay.com/than-heo-chien-gion-rau-que/,https://monngonmoingay.com/wp-content/uploads/2020/10/than-heo-chien-gion-rau-que-880.webp,https://www.youtube.com/channel/UC-2EWHDbHnx5JOeyWfLdIxQ,Thăn heo chiên giòn rau quế,"Món thăn heo chiên giòn quen thuộc, nay có thêm vị rau quế thơm đặc trưng, chấm kèm xốt Mayonnaise Aji-mayo® “bao” ngon miệng. Vào bếp ngay Mẹ nhé!",4 người,10 Phút,Dễ,"Thịt heo, Bữa sáng, Thực đơn hàng ngày, Món mặn, Món Á, Nam, Cha, Mẹ, Trẻ em","Thịt thăn ngoại 300g, Rau quế 20 lá, Ăn kèm : xà lách, cà chua bi, Gia vị : Dầu ăn, tỏi băm, Xốt Mayonnaise Aji-mayo® Vị Nguyên Bản, Aji-Quick® Bột Tẩm Khô Chiên Giòn, Thịt thăn ngoại 300g, Rau quế 20 lá, Ăn kèm : xà lách, cà chua bi, Gia vị : Dầu ăn, tỏi băm, Xốt Mayonnaise Aji-mayo® Vị Nguyên Bản, Aji-Quick® Bột Tẩm Khô Chiên Giòn","Thăn heo cắt lát mỏng 5mm vừa ăn, đập dập, khứa vảy rồng 2 mặt. Rau quế lấy 10 lá cắt sợi nhuyễn, phần còn lại để riêng.","Đun nóng dầu ăn, chiên giòn lá quế, vớt ra để ráo. Tẩm thịt heo với 1 gói Gia vị nêm sẵn Aji-Quick® Bột Tẩm Khô Chiên Giòn, đem chiên chín vàng, vớt thịt ra để nghỉ ít phút rồi cho thịt vào chiên lần 2, đến khi thịt chín vàng, vớt ra để ráo dầu. Pha xốt: Trộn đều 2M Xốt Mayonnaise Aji-mayo®, 1M rau quế và 1m tỏi băm.","Xếp thịt ra dĩa, khi ăn chấm kèm xốt pha.",Khứa vẩy rồng 2 mặt để thịt thấm đều gia vị.Rau quế dễ bị xuống màu nên pha xốt ngay khi cắt.Chiên thịt 2 lần để thịt không bị khô.,Thăn heo chiên giòn rau quế,6.25,212.5,16.25,1.25,0.75,3.75,0.0,0.625,7.5,1.0,37.5,75.0,5.0,3.75,125.0,200.0
https://monngonmoingay.com/com-chanh-an-do/,https://monngonmoingay.com/wp-content/uploads/2020/10/com-chanh-an-do-880.webp,https://www.youtube.com/channel/UC-2EWHDbHnx5JOeyWfLdIxQ,Cơm chanh ấn độ,"Các món ăn Ấn Độ luôn có nhiều gia vị siêu hấp dẫn, nhưng không phải dễ để tìm một công thức “chuẩn vị” đâu nha. Để Món Ngon Mỗi Ngày hướng dẫn bạn cách làm món Cơm Chanh Ấn Độ vừa dễ, mà vừa ngon đúng vị nhé!",4 người,15 Phút,Dễ,"Chiên, Thịt gà, Thực đơn hàng ngày, Bữa sáng, Món mặn, Món Á, Cha, Mẹ, Người lớn tuổi, Trẻ em","Thịt gà: 150g, Cơm nguội: 2 chén, Đậu phộng khô: 50g, Hạt mù tạt: 1m, Chanh vàng: 1 quả, Hành tây tím: 1/2 củ, RAU NÊM: Lá chanh tươi, lá cà ri tươi, ớt sừng xanh đỏ, ngò rí, Gia vị: Bột nghệ, muối, dầu ăn, Hạt nêm Aji-ngon® Gà, Thịt gà: 150g, Cơm nguội: 2 chén, Đậu phộng khô: 50g, Hạt mù tạt: 1m, Chanh vàng: 1 quả, Hành tây tím: 1/2 củ, RAU NÊM: Lá chanh tươi, lá cà ri tươi, ớt sừng xanh đỏ, ngò rí, Gia vị: Bột nghệ, muối, dầu ăn, Hạt nêm Aji-ngon® Gà","Thịt gà cắt hạt lựu. Ướp thịt gà với 1m bột nghệ, 1m Hạt nêm Aji-ngon® Gà. Lá chanh băm nhỏ. Lá cà ri xé nhỏ (để nguyên vài lá chiên trang trí). Ớt xanh đỏ cắt hình thoi. Chanh vàng mài vỏ, sau đó vắt lấy nước cốt.","Đun nóng 1/2 chén dầu, chiên lá cà ri, vớt ra và bớt dầu chừa lại 2M. Tiếp tục cho đậu phộng vào xào với lửa nhỏ đến khi đậu phộng chín, thêm 1m hạt mù tạt, hành tím, 1M lá cà ri, cho thịt gà vào xào thơm. Khi tất cả nguyên liệu vừa chín thì tắt lửa, thêm 2M nước cốt chanh và 1M vỏ chanh vào. Múc nhân ra dĩa. Phi thơm hành tím với 1M dầu ăn, cho cơm vào đảo đều, nêm 2/3m Hạt nêm Aji-ngon® Gà, cho nhân vào trộn đều, xào với lửa nhẹ. Tắt lửa cho lá chanh băm nhỏ vào.","Múc cơm ra dĩa, trang trí ngò rí, ớt và lá cà ri chiên lên mặt, dùng nóng.","Xào đậu phộng với lửa nhỏ và ít dầu để đậu phộng chín bên trong.Chiên riêng phần nhân và cơm, sau mới trộn chung để hạt cơm săn, có độ tơi, ráo sẽ ngon hơn.Sau khi tắt lửa thì mới cho nước cốt chanh, vỏ chanh mài, lá chanh để giữ được mùi thơm của gia vị.",Cơm chanh ấn độ,20.0,187.5,11.25,1.25,2.0,5.0,0.0,0.125,12.5,0.75,20.0,87.5,7.5,1.25,100.0,150.0
https://monngonmoingay.com/ca-hoi-sake-chien-gion/,https://monngonmoingay.com/wp-content/uploads/2020/09/ca-hoi-sake-chien-gion-880.webp,https://www.youtube.com/channel/UC-2EWHDbHnx5JOeyWfLdIxQ,Cá hồi sake chiên giòn,"Cá hồi giàu protein và amino acid tốt cho hệ tiêu hóa, giảm nguy cơ đột quỵ, bệnh tim, cung cấp nhiều vitamin & khoáng chất – nhưng Mẹ không biết chế biến như thế nào cho đa dạng món và hấp dẫn? Cùng xem một gợi ý công thức đơn giản với cá hồi từ Món Ngon Mỗi Ngày nhé!",4 người,10 Phút,Dễ,"Chiên, Cá, Lễ hội hóa trang, Sinh nhật, Ăn vặt, Món Á, Cha, Mẹ, Người lớn tuổi, Trẻ em","Fillet cá hồi: 200g, Sake: 1/6 trái, Chanh vàng: 1 trái, Thì là băm: 1m, Gia vị: Tương ớt, tiêu, dầu ăn, Hạt nêm Aji-ngon® Gà, Aji-Quick® Bột Chiên Giòn, Xốt Mayonnaise Aji-mayo® Vị Nguyên Bản, Fillet cá hồi: 200g, Sake: 1/6 trái, Chanh vàng: 1 trái, Thì là băm: 1m, Gia vị: Tương ớt, tiêu, dầu ăn, Hạt nêm Aji-ngon® Gà, Aji-Quick® Bột Chiên Giòn, Xốt Mayonnaise Aji-mayo® Vị Nguyên Bản","Cá hồi cắt que dày 7mm. Ướp cá với 1/2M vỏ chanh mài, 1/2m tiêu, 1/2m Hạt nêm Aji-ngon® Gà, 1/2m thì là băm. Sake cắt miếng hình tam giác, dày 5mm, sau đó cắt đôi hình chiếc kẹp. Chanh vàng mài vỏ, sau đó vắt nước để riêng. Pha 1 gói Gia vị nêm sẵn Aji-Quick® Bột chiên giòn theo hướng dẫn trên bao bì. Để lại 1M bột khô.","Đun nóng dầu ăn, lăn cá qua bột khô, dùng miếng sake kẹp cá vào giữa tẩm qua bột đã pha và chiên giòn chín tới. Vớt ra để ráo dầu. Pha xốt: trộn đều 2M Xốt Mayonnaise Aji-mayo®, 1M tương ớt và 1/2m thì là băm.","Xếp cá ra dĩa, dùng nóng chấm kèm xốt đã pha.","Chiên với lửa vừa, chỉ cần bột bên ngoài vàng giòn, sake chín tới, riêng cá hồi vừa chín tái mới ngon.Ướp cá hồi với vỏ chanh mài và thì là băm giúp món ăn thơm mùi đặc trưng.",Cá hồi sake chiên giòn,3.75,150.0,10.0,1.25,0.25,5.0,2.5,0.75,7.5,0.25,30.0,100.0,3.75,2.0,125.0,150.0
https://monngonmoingay.com/jambon-cuon-thanh-cua/,https://monngonmoingay.com/wp-content/uploads/2020/09/jambon-cuon-thanh-cua-880.webp,https://www.youtube.com/channel/UC-2EWHDbHnx5JOeyWfLdIxQ,Jambon cuộn thanh cua,"Một món lạ miệng kết hợp nhiều nguyên liệu hấp dẫn, phù hợp cho những bữa tiệc cuối tuần. Cùng thực hiện ngay nhé!",4 người,15 Phút,Dễ,"Hấp/Tiềm, Tôm, Thực đơn hàng ngày, Các món ăn kèm, món phụ, Món Á, Trẻ em, Mẹ, Cha, Người lớn tuổi","Tôm hấp đông lạnh: 150g, Giò sống: 150g, Jambon lát: 4 lá, Gốc hành lá băm: 1M, Ớt sừng băm: 1M, Tiêu xanh: 2 nhánh, Thanh cua: 16 cây, ĂN KÈM: xà lách, cà chua, dưa chuột ngâm giấm, kiệu chua, dưa leo, Gia vị: tiêu, tương ớt, Xốt Mayonnaise Aji-mayo® Vị Nguyên Bản, Tôm hấp đông lạnh: 150g, Giò sống: 150g, Jambon lát: 4 lá, Gốc hành lá băm: 1M, Ớt sừng băm: 1M, Tiêu xanh: 2 nhánh, Thanh cua: 16 cây, ĂN KÈM: xà lách, cà chua, dưa chuột ngâm giấm, kiệu chua, dưa leo, Gia vị: tiêu, tương ớt, Xốt Mayonnaise Aji-mayo® Vị Nguyên Bản","Tôm cắt hạt lựu. Cho tôm, giò sống vào tô cùng 1M gốc hành lá băm, 1M ớt sừng băm và 1/2m tiêu sau đó trộn đều và dùng tay quết cho nhân có độ dai.","Trải giấy bạc ra, cho miếng jambon lên trên, tiếp theo trải đều nhân tôm lên mặt, xếp 4 miếng thanh cua theo chiều dài của jambon, cuối cùng là cho tiêu xanh trải đều theo chiều dài và cuộn jambon lại cùng với giấy bạc để định hình. Lần lượt làm cho đến khi hết nhân. Cho jambon cuộn vào xửng hấp 12 – 15 phút, sau đó để nguội và cho vào tủ lạnh.","Cắt khoanh jambon thành miếng vừa ăn, trang trí cùng xà lách, kiệu chua, dưa chuột ngâm giấm, cà chua và dưa leo. Khi ăn chấm kèm Xốt Mayonnaise Aji-mayo® và tương ớt.",Sử dụng tôm hấp động lạnh và cắt hạt lựu để tạo độ giòn cho món ăn.Cuộn jambon bằng giấy bạc giúp định hình thanh cua được dễ dàng hơn.Sau khi hấp món ăn xong nên để nguội và cho vào tủ lạnh để định hình món ăn.,Jambon cuộn thanh cua,6.25,162.5,11.25,1.25,0.5,1.25,0.125,0.375,20.0,0.5,50.0,87.5,5.0,3.75,100.0,300.0
https://monngonmoingay.com/ech-chien-bo-toi/,https://monngonmoingay.com/wp-content/uploads/2020/08/ech-chien-bo-toi-880.webp,https://www.youtube.com/channel/UC-2EWHDbHnx5JOeyWfLdIxQ,Ếch chiên bơ tỏi,"Thịt ếch chứa nhiều dưỡng chất giúp cơ thể luôn khỏe mạnh, nhưng chế biến thịt ếch thì có đa dạng được món ngon như heo-bò-gà? Đầu bếp Món Ngon Mỗi Ngày gợi ý món Ếch chiên bơ tỏi với nguyên liệu dễ tìm, cách làm đơn giản cho Mẹ thêm nhiều lựa chọn món ngon với thịt ếch rồi đây!",4 người,15 Phút,Dễ,"Ếch, Thực đơn hàng ngày","Thịt ếch: 400g, Sả: 6 cây, Bơ lạt: 3M, Hành tỏi băm: 1.5M, Lá húng quế, ĂN KÈM: Xà lách, cà chua bi, Gia vị: Dầu ăn, tương ớt, ớt đỏ, quế, ớt bột paprika, Xốt Mayonnaise Aji-mayo® Vị Nguyên Bản, Aji-Quick® Bột Tẩm Khô Chiên Giòn, Thịt ếch: 400g, Sả: 6 cây, Bơ lạt: 3M, Hành tỏi băm: 1.5M, Lá húng quế, ĂN KÈM: Xà lách, cà chua bi, Gia vị: Dầu ăn, tương ớt, ớt đỏ, quế, ớt bột paprika, Xốt Mayonnaise Aji-mayo® Vị Nguyên Bản, Aji-Quick® Bột Tẩm Khô Chiên Giòn","Ếch làm sạch, chặt làm tư, ướp với 1m ớt bột paprika khoảng 5 phút. Sả lấy phần non, đập dập, xé tơi.","Lấy 1M Gia vị nêm sẵn Aji-Quick® Bột Tẩm Khô Chiên Giòn để tẩm với sả, 1 phần sả chiên tổ chim, 1 ít sả còn lại để chiên riêng, vớt ra để ráo dầu. Đun nóng dầu ăn, chiên giòn lá húng quế, vớt ra để riêng, tẩm ếch với Gia vị nêm sẵn Aji-Quick® Bột Tẩm Khô Chiên Giòn, chiên chín vàng, vớt ra để ráo dầu. Phi thơm hành tỏi băm với ít dầu ăn, thêm 2M bơ nấu tan rồi cho ếch vào xóc đều. Tắt lửa.","Xếp tổ chim ra dĩa, xếp ếch lên trên, tiếp đến phủ phần sả chiên còn lại. Dùng kèm xà lách, cà chua bi, chấm Xốt Mayonnaise Aji-mayo® pha tương ớt (Tỷ lệ 2:1).",Ướp thịt ếch với 1 ít ớt bột parika để ếch thấm vị và thơm hơn.Xóc bơ tỏi vào sau khi chiên ếch để tạo hương vị đặc trưng.Trộn Gia vị nêm sẵn Aji-Quick® Bột Tẩm Khô Chiên Giòn với sả để tạo độ kết dính và dễ tạo hình.,Ếch chiên bơ tỏi,6.25,187.5,17.5,1.25,0.75,3.75,0.0,0.25,20.0,1.25,37.5,175.0,5.0,3.75,150.0,200.0
https://monngonmoingay.com/cang-cua-chien-me-xot-mayo/,https://monngonmoingay.com/wp-content/uploads/2020/08/cang-cua-chien-me-xot-mayo-880.webp,https://www.youtube.com/channel/UC-2EWHDbHnx5JOeyWfLdIxQ,Càng cua chiên mè xốt Mayo,"Càng cua chiên đã ngon, kết hợp với mè đen thêm lạ & chấm xốt Mayonnaise Aji-mayo® béo ngậy càng ăn càng nghiện. Cùng đãi tiệc cuối tuần với món ngon siêu hấp dẫn này nhé!",4 người,10 Phút,Dễ,"Chiên, Hải sản khác, Thực đơn hàng ngày, Cuối tuần, Bữa tối, Giáng sinh, Sinh nhật, Món mặn, Các món ăn kèm, món phụ, Ăn vặt, Cha, Mẹ, Người lớn tuổi, Trẻ em","Càng cua 8 cái, Giò sống 150g, Hành tây 1/4 củ, Mè đen 1/2M, Ăn kèm : Salad, húng lủi, cà bi, Gia vị: Hành tỏi băm, tiêu, cọng ngò rí, ớt sừng băm, tương xí muội, rượu trắng, gừng, dầu ăn, Aji-Quick® Bột Chiên Giòn, Xốt Mayonnaise Aji-mayo® Vị Nguyên Bản, Càng cua 8 cái, Giò sống 150g, Hành tây 1/4 củ, Mè đen 1/2M, Ăn kèm : Salad, húng lủi, cà bi, Gia vị: Hành tỏi băm, tiêu, cọng ngò rí, ớt sừng băm, tương xí muội, rượu trắng, gừng, dầu ăn, Aji-Quick® Bột Chiên Giòn, Xốt Mayonnaise Aji-mayo® Vị Nguyên Bản","Chần càng cua qua nước sôi có pha 1M rượu trắng, gừng đập dập. Vớt ra để ráo, trộn với chút tiêu khi càng cua còn nóng. Hành tây cắt hạt lựu. Cọng ngò rí băm nhỏ. Trộn đều giò sống với 2M hành tây, 1/2M cọng ngò băm, 1/2m tiêu và 1M ớt sừng băm. Tạo hình: Bọc giò sống quanh càng cua, chừa càng que nhọn. Lấy 2M Gia vị nêm sẵn Aji-Quick® Bột Chiên Giòn để riêng. Phần bột còn lại pha với nước theo tỷ lệ trên bao bì, trộn thêm 1/2M mè.","Đun nóng dầu ăn, chiên lá húng lủi với dầu, vớt ra để ráo. Lần lượt tẩm càng cua qua bột khô, nhúng vào hỗn hợp bột chiên giòn, chừa 2 que nhọn của càng cua ra, chiên càng cua chín vàng, vớt ra để ráo dầu. Pha xốt: Trộn đều 2M Xốt Mayonnaise Aji-mayo® và 1M tương xí muội.","Xếp càng cua chiên mè ra dĩa, dùng nóng với rau ăn kèm, chấm xốt đã pha.","Nếu mua càng cua lột sẵn thì nên xử lý như trên hướng dẫn, còn càng cua tự luộc bóc vỏ thì không cần xử lý.Pha bột Gia vị nêm sẵn Aji-Quick® Bột Chiên Giòn với nước lạnh để giúp món ăn giòn lâu sau khi chiên.Chiên lá húng lủi để trình bày, ăn kèm và giúp dầu chiên có mùi thơm.",Càng cua chiên mè xốt Mayo,6.25,112.5,7.0,1.25,0.5,2.0,0.0,0.3,20.0,0.625,30.0,62.5,3.75,2.0,75.0,162.5
https://monngonmoingay.com/canh-hen-kim-chi/,https://monngonmoingay.com/wp-content/uploads/2020/06/canh-hen-kim-chi.webp,https://www.youtube.com/channel/UC-2EWHDbHnx5JOeyWfLdIxQ,Canh hến kim chi,"Một món canh có vị ngon hoàn hảo chỉ với 2 nguyên liệu chính là Hến & Kim Chi, cách làm đã có Món Ngon Mỗi Ngày còn nêm nếm đã có Aji-Quick® Lẩu Kim Chi lo – Làm ngay hôm nay nha Mẹ ơi!",4 người,15 Phút,Dễ,"Canh/Súp, Hải sản khác, Rau củ quả khác, Cuối tuần, Thực đơn hàng ngày, Bữa tối, Bữa trưa, Món mặn, Cha, Mẹ, Người lớn tuổi, Trẻ em","Hến đã luộc bóc vỏ 150g, Kim chi 250g, Hành tây 1/2 củ, Húng quế thái rối 1 chén, Tỏi tép 5 tép, Gia vị: Dầu ăn, Gia vị nêm sẵn Aji-Quick® Lẩu Kim Chi, Hến đã luộc bóc vỏ 150g, Kim chi 250g, Hành tây 1/2 củ, Húng quế thái rối 1 chén, Tỏi tép 5 tép, Gia vị: Dầu ăn, Gia vị nêm sẵn Aji-Quick® Lẩu Kim Chi",Hến rửa sạch cát. Kim chi cắt khúc ngắn. Hành tây cắt múi cau. Tỏi tép đập dập.,"Phi thơm tỏi tép với 2M dầu ăn, tắt lửa, cho hến vào, nêm 1/2M Gia vị nêm sẵn Aji-Quick® Lẩu Kim Chi, xóc đều để gia vị ngấm vào thịt hến, trút ra tô. Đun sôi 1 lít nước, nêm 1/2 gói Gia vị nêm sẵn Aji-Quick® Lẩu Kim Chi, cho kim chi và hành tây vào nấu sôi trở lại, cho hến vào và nêm thêm húng quế, nếm vị vừa ăn rồi tắt lửa.","Múc canh hến kim chi ra tô, dùng nóng với cơm hoặc bún.","Xốc hến với dầu phi tỏi giúp thịt hến có mùi thơm hơn.Kiểm tra vị chua của kim chi để khi nấu với Gia vị nêm sẵn Aji-Quick® Lẩu Kim Chi có hương vị phù hợp.Chọn kim chi có vị chua vừa, còn giòn nhẹ giúp món canh ngon hơn.",Canh hến kim chi,6.25,70.0,5.5,2.0,1.5,8.75,0.0,1.0,37.5,2.0,20.0,62.5,12.5,0.75,150.0,300.0
https://monngonmoingay.com/muc-que-chien-gion-xot-cam/,https://monngonmoingay.com/wp-content/uploads/2020/05/muc-que-chien-gion-xot-cam-880.webp,https://www.youtube.com/channel/UC-2EWHDbHnx5JOeyWfLdIxQ,Mực que chiên giòn xốt cam,"Cùng biến tấu món mực chiên giòn với Món Ngon Mỗi Ngày nhé Mẹ ơi! Chỉ cần điểm thêm chút xốt cam là có ngay một món ngon lạ vị, càng ăn càng ghiền. Công thức & cách làm đều được đầu bếp Món Ngon Mỗi Ngày hướng dẫn chi tiết – Mẹ chỉ cần xắn tay vào bếp thôi nha!",4 người,45 Phút,Dễ,"Chiên, Mực/Bạch tuộc, Các loại rau, Củ quả, Cuối tuần, Thực đơn hàng ngày, Bữa tối, Bữa trưa, Giáng sinh, Lễ hội hóa trang, Sinh nhật, Nam, Cha, Mẹ, Người lớn tuổi, Trẻ em","Mực lá 500g, Cam 1 quả, Cải xoong baby 100g, Ngò tây 1 nhánh, Gia vị: Tiêu, dầu ăn, rượu trắng, Hạt nêm Aji-ngon® Heo, Xốt Mayonnaise Aji-mayo® Vị Nguyên Bản, Aji-Quick® Bột Chiên Giòn, Mực lá 500g, Cam 1 quả, Cải xoong baby 100g, Ngò tây 1 nhánh, Gia vị: Tiêu, dầu ăn, rượu trắng, Hạt nêm Aji-ngon® Heo, Xốt Mayonnaise Aji-mayo® Vị Nguyên Bản, Aji-Quick® Bột Chiên Giòn","Cam tách ra lấy 1M tép cam, phần còn lại vắt lấy 3M nước cam. Ngò tây băm nhỏ lấy 1m. Cải xoong để ráo. Ướp mực : Mực lá rửa sạch, khứa caro và cắt que sợi dài 7cm. Ướp mực với 1M rượu trắng, 1/2m tiêu, 1m Hạt nêm Aji-ngon® (Heo) trộn đều, để thấm.","Pha bột : Múc ra 1M Gia vị nêm sẵn Aji-Quick® Bột chiên giòn khô, phần còn lại pha với nước thành hỗn hợp sánh sệt, thêm vào 1M nước cam và 1m ngò tây băm, khuấy đều. Tẩm bột : tẩm mực que và cải xoong qua phần Gia vị nêm sẵn Aji-Quick® Bột chiên giòn khô. Chiên mực : Đun nóng dầu, lần lượt nhúng mực và cải xoong vào hỗn hợp bột chiên giòn rồi cho vào chảo chiên chín vàng, vớt ra để ráo dầu. Pha xốt chấm : Trộn đều 3M Xốt Mayonnaise Aji-mayo® với 2M nước cam và 1M tép cam.","Xếp mực và cải xoong chiên giòn ra dĩa, khi ăn chấm với Xốt Mayonnaise Aji-mayo® trộn cam.",Thêm nước cam vào hỗn hợp bột chiên giòn để tăng hương vị cho món ăn.Khứa mực caro để mực dễ tẩm bột.,Mực que chiên giòn xốt cam,8.75,187.5,15.0,3.75,0.75,15.0,0.0,0.0,12.5,0.75,75.0,125.0,5.0,2.5,100.0,200.0
https://monngonmoingay.com/ot-chuong-hai-san-pho-mai/,https://monngonmoingay.com/wp-content/uploads/2020/05/ot-chuong-hai-san-pho-mai.webp,https://www.youtube.com/channel/UC-2EWHDbHnx5JOeyWfLdIxQ,Ớt chuông hải sản phô mai,"Vị thơm đặc trưng của ớt chuông, beo béo của phô mai & bơ, khi kết hợp với các loại hải sản đem đến vị ngon thật hoàn hảo. Đổi vị với một món Tây cuối tuần này nhé Mẹ ơi!",4 người,10 Phút,Dễ,"Món Xào, Nướng, Gỏi/Trộn, Quay/Rôti, Mực/Bạch tuộc, Tôm, Củ quả, Tinh bột khác, Cuối tuần, Giáng sinh, Sinh nhật, Thực đơn hàng ngày, Nam, Trung, Bắc, Bữa tối, Bữa trưa, Món mặn, Nam, Cha, Mẹ","Tôm sú (nhỏ): 200g, Mực lá: 100g, Bột mì: 2M, Bơ lạt: 1M, Ớt chuông xanh (nhỏ): 1 trái, Ớt chuông đỏ (nhỏ): 1 trái, Ớt chuông vàng (nhỏ): 1 trái, Hành tây: 1/4 củ nhỏ, Húng tây: 20g, Phô mai sợi Mozarella: 50g, Gia vị: tiêu, ớt bột paprika, dầu ăn, Hạt nêm Aji-ngon® Heo, Xốt Mayonnaise Aji-mayo® Vị Nguyên Bản, Tôm sú (nhỏ): 200g, Mực lá: 100g, Bột mì: 2M, Bơ lạt: 1M, Ớt chuông xanh (nhỏ): 1 trái, Ớt chuông đỏ (nhỏ): 1 trái, Ớt chuông vàng (nhỏ): 1 trái, Hành tây: 1/4 củ nhỏ, Húng tây: 20g, Phô mai sợi Mozarella: 50g, Gia vị: tiêu, ớt bột paprika, dầu ăn, Hạt nêm Aji-ngon® Heo, Xốt Mayonnaise Aji-mayo® Vị Nguyên Bản","Tôm sú 1/2 bóc vỏ cắt hạt lựu, 1/2 để nguyên con bóc vỏ chừa đuôi. Mực lá cắt nhỏ. Ướp tôm mực với 2m Hạt nêm Aji-ngon® (Heo), 1/2m tiêu, 1/3m ớt bột paprika, để thấm. Ớt chuông cắt ngang ở khoảng 1cm phần đầu cuống, lấy 1 phần cắt hạt lựu. Hành tây cắt hạt lựu. Húng tây cắt nhỏ.","Làm Roux : Rang bột mì với bơ cho đến khi hỗn hợp khô lại để cho bột mì không còn mùi bột. Xào rau củ : Phi thơm tỏi băm, cho hành tây, các loại ớt chuông vào xào thơm, trút ra để nguội. Trộn nhân : Cho rau củ xào vào phần tôm mực, để nguội và thêm 1M Xốt Mayonnaise Aji-mayo®, Roux và húng tây vào, trộn đều. Cho nhân vào các nửa quả ớt chuông, xếp tôm nguyên con lên trên, rắc phô mai sợi xung quanh con tôm. Nướng : Bật lò nóng 180 độ, xếp ớt chuông vào, nướng 2 lửa khoảng 15-20 phút để món ăn chín đều. Sau đó chỉnh lò chỉ nướng lửa trên, nướng thêm 5 phút đến khi phô mai tan chảy vàng thơm là được. Lấy ớt chuông ra khỏi lò.","Xếp ớt chuông nhồi hải sản ra dĩa, trang trí với Xốt Mayonnaise Aji-mayo® và tương cà, ngọn húng tây. Dùng nóng.",Xào hành tây và ớt chuông trước khi trộn nhân để giảm độ hăng sẽ ngon hơn.Nướng lửa trên 5 phút để phô mai tan chảy vàng thơm và giữ được độ cứng của ớt chuông.,Ớt chuông hải sản phô mai,5.0,112.5,12.5,2.0,1.0,20.0,0.0,0.375,37.5,0.75,62.5,100.0,7.5,3.75,150.0,175.0
https://monngonmoingay.com/cha-ca-thac-lac-boc-cu-qua-chien/,https://monngonmoingay.com/wp-content/uploads/2020/04/cha-ca-thac-lac-boc-cu-qua-chien.webp,https://www.youtube.com/channel/UC-2EWHDbHnx5JOeyWfLdIxQ,Chả cá thác lác bọc củ quả chiên,"Cá thác lác với cách “hô biến” dễ gây nghiện từ Món Ngon Mỗi Ngày: bọc với nhiều loại rau củ quả, “điểm xuyết” mùi thơm của lá chúc, chấm cùng với Xốt Mayonnaise Aji-mayo® beo béo thật hấp dẫn! Làm ngay nhé!",4 người,10 Phút,Dễ,"Chiên, Cá, Thịt heo, Cà rốt, Các loại rau, Củ quả, Cuối tuần, Thực đơn hàng ngày, Bữa tối, Bữa trưa, Sinh nhật, Nam, Cha, Mẹ, Trẻ em","Cá thác lác nạo: 150g, Giò sống: 80g, Lá chanh bắc/lá chúc băm nhỏ: 1/2m, Ớt sừng cắt nhỏ: 1/2M, Bắp non (trái nhỏ): 50g, Cà rốt: 50g, Bông cải xanh: 50g, Bột xù: 1M, Gia vị: tương ớt, dầu ăn, Xốt Mayonnaise Aji-mayo® Vị Nguyên Bản, Aji-Quick® Bột Chiên Giòn, Cá thác lác nạo: 150g, Giò sống: 80g, Lá chanh bắc/lá chúc băm nhỏ: 1/2m, Ớt sừng cắt nhỏ: 1/2M, Bắp non (trái nhỏ): 50g, Cà rốt: 50g, Bông cải xanh: 50g, Bột xù: 1M, Gia vị: tương ớt, dầu ăn, Xốt Mayonnaise Aji-mayo® Vị Nguyên Bản, Aji-Quick® Bột Chiên Giòn","Cà rốt cắt que. Bông cải xanh tách miếng vừa ăn. Luộc chín bắp non, cà rốt và bông cải xanh, vớt ra ngâm vào đá lạnh, để ráo.","Trộn chả : gồm giò sống, cá thác lác nạo, lá chanh băm và ớt sừng cắt nhỏ, thêm 1M Gia vị nêm sẵn Aji-Quick® Bột Chiên Giòn khô và 1M bột xù, trộn đều. Tạo hình : Lấy 1 ít chả bọc đầu to của củ quả, xếp vào dĩa rồi mang hấp vừa chín trong lò vi sóng, để nguội. Chiên : Lấy ra 2M Pha Gia vị nêm sẵn Aji-Quick® Bột Chiên Giòn để riêng rồi pha phần bột còn lại với nước thành hỗn hợp sánh sệt. Đun nóng dầu, áo chả qua 1 lớp Aji-Quick® Bột Chiên Giòn khô, sau đó nhúng vào hỗn hợp bột ướt rồi thả vào chảo dầu chiên chín vàng, vớt ra để ráo dầu. Pha xốt chấm : Pha Xốt Mayonnaise Aji-mayo® và tương ớt theo tỉ lệ 2:1.","Cắt dọc chả làm đôi, xếp ra dĩa, khi ăn chấm kèm với xốt mayonnaise pha.",Thêm lá chanh băm để tạo hương vị đặc trưng cho món ăn.Hấp chả bằng lò vi sóng giúp chín nhanh và giữ được màu sắc của rau củ.Thêm Gia vị nêm sẵn Aji-Quick® Bột Chiên Giòn vào hỗn hợp chả vừa giúp tạo vị vừa tạo độ kết dính.Hấp bằng lò vi sóng giúp cho chả cá nhanh chín và giữ màu cho rau củ.,Chả cá thác lác bọc củ quả chiên,6.25,87.5,7.0,1.25,1.0,6.25,0.0,0.125,20.0,0.5,20.0,62.5,7.5,1.25,87.5,112.5
https://monngonmoingay.com/dau-bap-nhoi-chien-gion/,https://monngonmoingay.com/wp-content/uploads/2020/03/dau-bap-nhoi-chien-gion.webp,https://www.youtube.com/channel/UC-2EWHDbHnx5JOeyWfLdIxQ,Đậu bắp nhồi chiên giòn,"Ăn chơi, ăn vặt cũng phải thật ngon và đủ dinh dưỡng, Món Ngon Mỗi Ngày giới thiệu ngay món Đậu Bắp Chiên Giòn cho Mẹ ngay đây! Công thức và cách làm đã có sẵn, Mẹ chỉ việc trổ tài thôi nha!",4 người,15 Phút,Dễ,"Chiên, Tôm, Thịt heo, Các loại rau, Cuối tuần, Thực đơn hàng ngày, Bữa tối, Bữa trưa, Sinh nhật, Món chay, Nam, Mẹ, Trẻ em, Người lớn tuổi","Tôm sú: 150g, Giò sống: 100g, Đậu bắp: 10 trái, Nước cốt chanh dây: 1M, Hành tỏi phi: 2M, ĂN KÈM: Rau mầm, cà bi, Gia vị: muối, tiêu, bột ớt paprika, dầu ăn, Hạt nêm Aji-ngon® Heo, Xốt Mayonnaise Aji-mayo® Vị Nguyên Bản, Aji-Quick® Bột Chiên Giòn, Tôm sú: 150g, Giò sống: 100g, Đậu bắp: 10 trái, Nước cốt chanh dây: 1M, Hành tỏi phi: 2M, ĂN KÈM: Rau mầm, cà bi, Gia vị: muối, tiêu, bột ớt paprika, dầu ăn, Hạt nêm Aji-ngon® Heo, Xốt Mayonnaise Aji-mayo® Vị Nguyên Bản, Aji-Quick® Bột Chiên Giòn","Tôm sú bóc vỏ, đập dập rồi băm nhỏ. Đậu bắp xẻ dọc trái, moi bỏ hạt.","Trộn nhân : Cho tôm vào tô, nêm 1 ít tiêu, 1/2m Hạt nêm Aji-ngon® (Heo), trộn đều, sau đó cho giò sống vào, nêm 1M hành tỏi phi, 1m nước cốt chanh dây, trộn đều. Nhồi nhân : thoa Gia vị nêm sẵn Aji-Quick® Bột chiên giòn khô vào bên trong đậu bắp. Dùng muỗng café nhồi nhân vào đậu bắp. Pha bột chiên giòn : cho 1/2 gói Gia vị nêm sẵn Aji-Quick® Bột chiên giòn vào tô theo tỉ lệ bao bì, thêm nước vào từ từ và khuấy đến khi bột có độ sánh sệt vừa, thêm 1m nước cốt chanh dây, khuấy đều. Chiên : Đun nóng dầu, nhúng đậu bắp nhồi tôm qua bột chiên giòn rồi cho vào chảo dầu chiên chín vàng, vớt ra để ráo dầu. Pha xốt chấm : 2M Xốt Mayonnaise Aji-mayo®, 1M nước cốt chanh dây, 1/2m ớt bột paprika, 1/4m muối, 1M hành tỏi phi.","Xếp đậu bắp nhồi tôm chiên giòn ra dĩa với rau mầm, cà bi, chấm kèm Xốt Mayonnaise Aji-mayo® chanh dây.",Thêm nước cốt chanh dây để tăng thêm hương vị cho món ăn.Thoa Gia vị nêm sẵn Aji-Quick® Bột chiên giòn khô vào bên trong đậu bắp để tăng độ dính cho nhân.Chiên lửa vừa để đậu bắp chín từ từ không bị ám dầu.,Đậu bắp nhồi chiên giòn,3.75,100.0,8.75,1.25,1.0,3.75,0.0,0.25,20.0,0.5,45.0,62.5,7.5,1.25,87.5,150.0
https://monngonmoingay.com/ga-cuon-xuc-xich-kho/,https://monngonmoingay.com/wp-content/uploads/2020/03/ga-cuon-xuc-xich-kho.webp,https://www.youtube.com/channel/UC-2EWHDbHnx5JOeyWfLdIxQ,Gà cuộn xúc xích khô,Xúc xích khô (Salami) là một nguyên liệu nổi tiếng trong các món Tây với vị thơm từ thịt lên men cùng các gia vị đặc trưng khác. Cùng theo dõi hướng dẫn của đầu bếp Món Ngon Mỗi Ngày hướng dẫn thực hiện món ngon “chuẩn vị Tây” này nghe nhé!,4 người,10 Phút,Dễ,"Khác, Chiên, Nướng, Quay/Rôti, Thịt gà, Củ quả, Rau củ quả khác, Các loại rau, Cuối tuần, Thực đơn hàng ngày, Bữa trưa, Bữa tối, Giáng sinh, Lễ hội hóa trang, Sinh nhật, Nam, Cha, Mẹ, Trẻ em","Ức gà phi lê lớn: 2 miếng, Xúc xích khô (salami): 1 cây (100g), Phô mai miếng: 8 miếng, Nước cốt hành, tỏi: 2M, Dưa chuột ngâm chua băm nhuyễn: 1M, ĂN KÈM: Salad trộn: salad dún xanh, tím, fizze, rau mầm, cà chua bi, Gia vị: Dầu ăn, tiêu, tương cà, mù tạt xanh, Aji-Quick® Bột Tẩm Khô Chiên Giòn, Xốt Mayonnaise Aji-mayo® Vị Nguyên Bản, Ức gà phi lê lớn: 2 miếng, Xúc xích khô (salami): 1 cây (100g), Phô mai miếng: 8 miếng, Nước cốt hành, tỏi: 2M, Dưa chuột ngâm chua băm nhuyễn: 1M, ĂN KÈM: Salad trộn: salad dún xanh, tím, fizze, rau mầm, cà chua bi, Gia vị: Dầu ăn, tiêu, tương cà, mù tạt xanh, Aji-Quick® Bột Tẩm Khô Chiên Giòn, Xốt Mayonnaise Aji-mayo® Vị Nguyên Bản","Gà lạng miếng mỏng, dùng búa đập thịt đập nhẹ cho miếng gà có bề mặt mỏng đều nhau, cho nước hành tỏi, 1m tiêu vào trộn đều. Xúc xích khô cắt lát dày 2 ly.","Tạo hình : Đặt miếng gà lên dĩa, rắc đều một ít Gia vị nêm sẵn Aji-Quick® Bột tẩm khô chiên giòn lên gà. Lần lượt xếp 1 miếng phô mai, 4 lát xúc xích khô lên miếng gà, cuộn tròn lại, dùng tăm để định hình. Chiên : tẩm cuốn gà qua Gia vị nêm sẵn Aji-Quick® Bột tẩm khô chiên giòn, cho vào chiên lửa vừa đến khi cuộn gà chín vàng đều, vớt ra để ráo dầu. Pha xốt : Khuấy đều 2M tương cà, 1M dưa chuột ngâm chua, 1m mù tạt xanh, 3M Xốt Mayonnaise Aji-mayo®.","Để cuộn gà nguội bớt, cắt lát xéo thành miếng dày 1,5cm, xếp ra dĩa, dùng kèm xốt pha và salad trộn.",Đập nhẹ để miếng gà có độ mỏng đều và không bị bể rách.Rắc một lớp mỏng Gia vị nêm sẵn Aji-Quick® Bột tẩm khô chiên giòn lên miếng gà để tạo vị và độ kết dính cho nhân.Sự kết hợp đơn giản giữa thịt gà và xúc xích khô tạo nên món ăn mới cho bữa cơm gia đình.,Gà cuộn xúc xích khô,6.25,300.0,30.0,2.5,1.25,3.75,0.5,0.375,75.0,0.75,62.5,150.0,7.5,10.0,125.0,375.0
https://monngonmoingay.com/ca-cuon-jambon-chien/,https://monngonmoingay.com/wp-content/uploads/2020/03/ca-cuon-jambon-chien.webp,https://www.youtube.com/channel/UC-2EWHDbHnx5JOeyWfLdIxQ,Cá cuộn Jambon chiên,"Thêm một công thức lạ miệng từ Món Ngon Mỗi Ngày với fillet cá ngọt vị, jambon thơm đặc trưng kết hợp cùng lá chanh thái càng thêm hấp dẫn. Món ngon “ăn là nghiện” – thử ngay nhé!",4 người,20 Phút,Dễ,"Chiên, Cá, Rau củ quả khác, Cuối tuần, Thực đơn hàng ngày, Bữa tối, Bữa trưa, Giáng sinh, Lễ hội hóa trang, Sinh nhật, Nam, Cha, Mẹ, Trẻ em","Fillet cá điêu hồng (bản to) 300g, Jambon lát 100g, Lá chanh thái 5 lá, Chanh vàng 1 trái, Tăm ghim, Gia vị: Tương xí muội, dầu ăn, Xốt Mayonnaise Aji-mayo® Vị Nguyên Bản, Aji-Quick® Bột Tẩm Khô Chiên Giòn, Fillet cá điêu hồng (bản to) 300g, Jambon lát 100g, Lá chanh thái 5 lá, Chanh vàng 1 trái, Tăm ghim, Gia vị: Tương xí muội, dầu ăn, Xốt Mayonnaise Aji-mayo® Vị Nguyên Bản, Aji-Quick® Bột Tẩm Khô Chiên Giòn","Phi lê cá cắt lát dày khoảng 3 ly, dài 4-5cm. Jambon cắt cỡ miếng cá, phần jambon dư cắt sợi. Lá chanh cắt sợi. Vỏ chanh vàng mài lấy 1M, vắt lấy nước cốt chanh để ướp cá.","Ướp : ướp cá với 1m nước cốt chanh, 1M Gia vị nêm sẵn Aji-Quick® Bột tẩm khô chiên giòn. Cuốn : Trải miếng cá ra, đặt jambon vào giữa, thêm 2 sợi lá chanh rồi cuốn tròn lại. Dùng tăm ghim dọc theo cuốn cá. Chiên : Tẩm qua Gia vị nêm sẵn Aji-Quick® Bột tẩm khô chiên giòn cho đều, chiên ngập dầu cho cuốn cá chín vàng, vớt ra để ráo dầu. Làm xốt : 2M Xốt Mayonnaise Aji-mayo®, 1M tương xí muội, 1m nước cốt chanh và 1M vỏ chanh mài.","Xếp cuốn cá chiên giòn ra dĩa, chấm kèm với Xốt Mayonnaise Aji-mayo® pha.","Ướp nước cốt chanh giúp thịt cá có mùi thơm, không tanh.Chiên cuộn cá khoảng 3-4 phút cho vừa chín tới, không chiên lâu vì cá sẽ bị khô.Khi cắt cá thì nghiêng dao để cắt được bản mỏng và giữ 1 lớp da dính với cá.",Cá cuộn Jambon chiên,3.75,162.5,15.0,1.25,0.25,3.75,0.0,0.25,12.5,0.5,37.5,100.0,2.5,2.0,150.0,200.0
https://monngonmoingay.com/sup-nam-hai-san-chua-cay/,https://monngonmoingay.com/wp-content/uploads/2020/03/sup-nam-hai-san-chua-cay.webp,https://www.youtube.com/channel/UC-2EWHDbHnx5JOeyWfLdIxQ,Súp nấm hải sản chua cay,Khai vị bằng món Súp Nấm Hải sản Chua cay là cách kích thích vị giác để thưởng thức các món chính hấp dẫn hơn! Cùng thực hiện ngay thôi!,4 người,15 Phút,Dễ,"Canh/Súp, Hầm, Tôm, Mực/Bạch tuộc, Nấm, Trứng, Các loại rau, Cuối tuần, Thực đơn hàng ngày, Bữa tối, Bữa trưa, Giáng sinh, Lễ hội hóa trang, Sinh nhật, Nam, Cha, Mẹ","Nghêu tươi: 1/2 kg, Tôm sú bóc vỏ: 100g, Mực: 100g, Nấm rơm búp: 50g, Nấm kim châm: 50g, Bột năng: 3M, Trứng gà: 1 quả, Sả cây: 2 cây, Hành tây bào mỏng, lá chúc, hành tím bào, RAU NÊM: ngò rí, Gia vị: dầu ăn, dầu mè, Nước tương ""Phú Sĩ"", Gia vị nêm sẵn Aji-Quick® Lẩu Thái, Nghêu tươi: 1/2 kg, Tôm sú bóc vỏ: 100g, Mực: 100g, Nấm rơm búp: 50g, Nấm kim châm: 50g, Bột năng: 3M, Trứng gà: 1 quả, Sả cây: 2 cây, Hành tây bào mỏng, lá chúc, hành tím bào, RAU NÊM: ngò rí, Gia vị: dầu ăn, dầu mè, Nước tương ""Phú Sĩ"", Gia vị nêm sẵn Aji-Quick® Lẩu Thái","Tôm sú bóc vỏ, cắt hạt lựu 1cm. Mực cắt vuông 1cm. Ướp tôm và mực với 1/2m tiêu. Nghêu rửa sạch. Trứng gà đâp ra tô, đánh tan. Nấm rơm cắt lát. Nấm kim châm cắt khúc 3cm. Sả cây đập dập, cắt khúc.","Đun nóng 2M dầu ăn, cho 2 cây sả đập dập vào xào thơm, cho nghêu vào xốc đều, thêm 2 chén nươc nóng, đậy nắp lại, nấu cho nghêu mở vỏ thì tắt lửa. Tách lấy thịt nghêu. Phần nước luộc nghêu lắng bỏ cặn, lấy nước nấu súp. Đun nóng 2M dầu ăn, cho phần sả đập dập còn lại, hành tím bào và lá chúc vào phi thơm, thêm 1,2 lít nước gồm nước luộc nghêu và nước lọc, nấu sôi, nêm 1/2 gói Gia vị nêm sẵn Aji-Quick® Lẩu Thái, cho nấm, mực, tôm vào nấu chín. Vớt sả và lá chúc ra. Thêm 3M bột năng hòa với nước cho vào súp. Tiếp tục thêm trứng gà vào từ từ, khuấy theo 1 chiều cho trứng tạo sợi. Nước súp sôi lại thì thêm thịt nghêu, hành tây bào vào rồi tắt lửa. Thêm 1m dầu mè.","Múc súp ra tô, rắc ngò rí và tiêu. Dọn kèm Nước tương “Phú Sĩ”.","Cho bột năng vào súp trước rồi mới cho trứng gà để trứng tạo thành sợi vân đẹp hơn.Cho thịt nghêu vào cuối cùng vì thịt nghêu đã chín, không cần nấu thêm.Dùng Gia vị nêm sẵn Aji-Quick® Lẩu Thái giúp nấu nhanh và tiện dụng.",Súp nấm hải sản chua cay,6.25,87.5,10.0,1.25,0.75,1.25,0.25,0.5,20.0,1.25,50.0,75.0,7.5,0.75,125.0,300.0
https://monngonmoingay.com/salad-cai-mam-tom-chien/,https://monngonmoingay.com/wp-content/uploads/2020/03/salad-cai-mam-tom-chien.webp,https://www.youtube.com/channel/UC-2EWHDbHnx5JOeyWfLdIxQ,Salad cải mầm tôm chiên,"Thời tiết đã vào những ngày nắng nóng khó chịu, cùng thực hiện ngay món Salad cải mầm tôm chiên giải nhiệt đi nào! Nguyên liệu đơn giản, vài phút chuẩn bị là có ngay đĩa salad hấp dẫn, vào bếp ngay thôi!",4 người,10 Phút,Dễ,"Gỏi/Trộn, Tôm, Cà rốt, Cà chua, Các loại rau, Củ quả, Cuối tuần, Sinh nhật, Thực đơn hàng ngày, Bữa tối, Bữa trưa, Nam, Cha, Mẹ, Người lớn tuổi, Trẻ em","Tôm sú: 400g, Hỗn hợp cải mầm: 150g, Hành tây: 1/2 củ, Cà rốt: 30g, Cà chua bi: 30g, Vỏ chanh mài: 1m, RAU NÊM: lá húng lủi 10g, mè trắng rang 2M, Gia vị: muối, mật ong, tiêu, dầu ăn, Aji-Quick® Bột Chiên Giòn, Xốt Mayonnaise Aji-mayo® Vị Nguyên Bản, Tôm sú: 400g, Hỗn hợp cải mầm: 150g, Hành tây: 1/2 củ, Cà rốt: 30g, Cà chua bi: 30g, Vỏ chanh mài: 1m, RAU NÊM: lá húng lủi 10g, mè trắng rang 2M, Gia vị: muối, mật ong, tiêu, dầu ăn, Aji-Quick® Bột Chiên Giòn, Xốt Mayonnaise Aji-mayo® Vị Nguyên Bản","Tôm sú bóc hết vỏ, chẻ lưng, ướp với 1/4 m muối, 1/2 m tiêu. Hỗn hợp cải mầm rửa sạch, để ráo nước. Hành tây thái lát mỏng, ngâm nước đá cho giòn và bớt hăng. Cà rốt thái chỉ. Cà chua bi cắt đôi.","Làm rau salad : cho tất cả các loại rau cải mầm, cà rốt, hành tây, lá húng lủi, cà chua bi trộn cùng với nhau, giữ trong tủ lạnh cho giòn. Pha xốt mayonnaise trộn : cho 2M Xốt Mayonnaise Aji-mayo® vào chén sau đó thêm 2M mật ong, 2M nước chanh, 1m vỏ chanh mài, 1/2m muối, khuấy đều, cho mè rang vào xốt. Chiên tôm : tẩm tôm qua Gia vị nêm sẵn Aji-Quick® Bột chiên giòn đã pha với tỉ lệ nước theo bao bì, thả chiên ngập dầu đến khi chín vàng giòn, vớt ra để ráo dầu.","Cho salad trộn ra dĩa, xếp tôm lên trên. Trang trí 1 lớp Xốt Mayonnaise Aji-mayo® lên mặt. Khi dùng rưới xốt mayonnaise trộn lên và trộn đều.",Hành tây ngâm nước đá để giảm mùi hăng.Xốt trộn sau khi pha để trong tủ lạnh trước khi trộn sẽ giúp món ăn ngon hơn.Sử dụng gia vị nêm sẵn Aji-quick® Bột Chiên Giòn mới giúp giữ độ giòn của tôm lâu hơn.,Salad cải mầm tôm chiên,6.25,137.5,12.5,2.5,1.25,3.75,0.0,0.25,25.0,0.5,62.5,75.0,12.5,1.25,100.0,175.0
https://monngonmoingay.com/ba-chi-xien-que-chien-gion/,https://monngonmoingay.com/wp-content/uploads/2020/02/ba-chi-xien-que-chien-gion.webp,https://www.youtube.com/channel/UC-2EWHDbHnx5JOeyWfLdIxQ,Ba chỉ xiên que chiên giòn,"Ướp thịt ba chỉ cùng nước dừa để vị thêm ngọt và mềm thịt, kết hợp sả cây, quế, hoa hồi đinh hương càng làm dậy vị hấp dẫn vô cùng! Cùng xem đầu bếp của Món Ngon Mỗi Ngày hướng dẫn thực hiện món Ba chỉ xiên que chiên giòn cực ngon nhé!",4 người,25 Phút,Dễ,"Chiên, Thịt heo, Củ quả, Các loại rau, Cuối tuần, Thực đơn hàng ngày, Bữa tối, Bữa trưa, Sinh nhật, Nam, Cha, Mẹ, Người lớn tuổi, Trẻ em","Thịt ba chỉ: 300g, Nước dừa tươi: 2 chén, Sả cây: 3 cây, Hành tây: 1 củ, Mè đen: 2M, 3 miếng quế nhỏ, 1 hoa hồi, 3 nụ đinh hương, Que xiên tre, RAU NÊM: Salad, rau thơm, cà chua bi, dưa leo, Gia vị: muối, mật ong, dầu ăn, Hạt nêm Aji-ngon® Heo, Nước tương ""Phú Sĩ"", Xốt Mayonnaise Aji-mayo® Vị Nguyên Bản, Thịt ba chỉ: 300g, Nước dừa tươi: 2 chén, Sả cây: 3 cây, Hành tây: 1 củ, Mè đen: 2M, 3 miếng quế nhỏ, 1 hoa hồi, 3 nụ đinh hương, Que xiên tre, RAU NÊM: Salad, rau thơm, cà chua bi, dưa leo, Gia vị: muối, mật ong, dầu ăn, Hạt nêm Aji-ngon® Heo, Nước tương ""Phú Sĩ"", Xốt Mayonnaise Aji-mayo® Vị Nguyên Bản","Hành tây cắt khoanh. Sả cây đập dập, cắt khúc 5cm. Gia vị thơm : Quế, hồi, đinh hương rang thơm, xay nhuyễn.","Luộc thịt : cho vào nồi nước dừa, sả cây, gia vị: 1M gia vị thơm, 1/2m muối, 1/2M mật ong, 2M Nước tương “Phú Sĩ”, 1M Hạt nêm Aji-ngon® (Heo). Cho thịt vào hỗn hợp này luộc từ nước lạnh trong 10 phút với lửa vừa đến khi thịt vừa chín tới. Vớt ráo, để nguội. Xiên que : Thịt luộc cắt khối vuông. Xiên thịt vào que tre có khoảng cách nhỏ. Pha bột : Chừa lại 2M bột khô Gia vị nêm sẵn Aji-Quick® Bột chiên giòn, bột còn lại pha với nước theo tỉ lệ hướng dẫn thành hỗn hợp sánh sệt, thêm vào 2M mè đen. Chiên : Tẩm que thịt xiên qua bột khô rồi nhúng qua bột nước. Cho vào chiên giòn với nhiều dầu. Vớt ra để ráo dầu. Hành tây tẩm qua bột khô và nhúng bột nước, chiên giòn.","Xếp hành tây và thịt xiên que chiên giòn ra dĩa, dùng kèm salad, dưa leo, rau thơm và Xốt Mayonnaise Aji-mayo®.","Chọn thịt ba chỉ hoặc thịt có lẫn mỡ để sau khi chiên thịt không bị khô.Luộc thịt chín trong nước dừa có gia vị giúp thịt mềm và có mùi thơm đặc trưng.Thêm mè vào bột chiên giúp tăng hương vị, dinh dưỡng và màu sắc cho món ăn.",Ba chỉ xiên que chiên giòn,6.25,212.5,8.75,3.75,1.25,2.0,0.0,0.125,10.0,0.75,30.0,62.5,5.0,6.25,100.0,150.0
https://monngonmoingay.com/ga-nuong-co-xa-huong/,https://monngonmoingay.com/wp-content/uploads/2020/02/ga-nuong-co-xa-huong.webp,https://www.youtube.com/channel/UC-2EWHDbHnx5JOeyWfLdIxQ,Gà nướng cỏ xạ hương,"Gà nướng đã hấp dẫn, ướp thêm chút cỏ xạ hương trở nên thơm ngon khó cưỡng! Cùng thử thực hiện món Gà Nướng vị Âu “nghe tên đã thèm” này cùng Món Ngon Mỗi Ngày nhé!",4 người,30 Phút,Dễ,"Nướng, Quay/Rôti, Thịt gà, Củ quả, Rau củ quả khác, Cuối tuần, Thực đơn hàng ngày, Sinh nhật, Giáng sinh, Bữa tối, Bữa trưa, Nam, Cha, Mẹ, Người lớn tuổi, Trẻ em","Má đùi gà rút xương: 4 miếng, Cỏ xạ hương tươi (thyme): 8 nhánh, Dầu olive: 4M, Tỏi: 1/2 củ, Mật ong: 1M, Húng lủi: 2M lá, Măng tây, cà rốt, hành tây: 80g mỗi loại, Gia vị: Muối hột, tiêu, tương ớt, Nước tương ""Phú Sĩ"", ""AJINOMOTO"" Giấm gạo lên men, Xốt Mayonnaise Aji-mayo® Vị Nguyên Bản, Má đùi gà rút xương: 4 miếng, Cỏ xạ hương tươi (thyme): 8 nhánh, Dầu olive: 4M, Tỏi: 1/2 củ, Mật ong: 1M, Húng lủi: 2M lá, Măng tây, cà rốt, hành tây: 80g mỗi loại, Gia vị: Muối hột, tiêu, tương ớt, Nước tương ""Phú Sĩ"", ""AJINOMOTO"" Giấm gạo lên men, Xốt Mayonnaise Aji-mayo® Vị Nguyên Bản","Cỏ xạ hương băm nhuyễn lấy 1m. Măng tây, cà rốt, hành tây cắt khúc, rắc chút muối tiêu, 1m cỏ xạ hương băm, 3M dầu olive, để thấm.","Làm sauce nướng : Giã 3 nhánh cỏ xạ hương, húng lủi với 1/2M muối hột, tỏi, giã nhuyễn rồi cho thêm 1m Nước tương “Phú Sĩ”, 1M Giấm gạo lên men LISA®, 1M mật ong, 1M dầu oliu thành hỗn hợp sauce nướng. Ướp : Ướp hỗn hợp sauce nướng vào thịt gà 10 phút. Đặt 1 nhánh cỏ xạ hương vào giữa miếng thịt, gập lại. Nướng : mở nóng lò 200 độ, sau đó đặt thịt và tất cả rau củ đã trộn vào nướng trong 30 phút.","Bày gà nướng cùng với rau củ ra dĩa, dùng kèm xốt gồm 4M Xốt Mayonnaise Aji-mayo®và 2M tương ớt.","Chọn phần thịt má đùi gà có nhiều thịt, ít xương, mỏng đều thì nướng dễ chín hơn.Sử dụng Giấm gạo lên men LISA® ướp để khử mùi cho nguyên liệu chính và tăng lượng hương vị cho món ăn.Nếu không có lá thyme tươi, có thể dùng lá khô với số lượng tương đương.",Gà nướng cỏ xạ hương,8.75,212.5,18.75,3.75,2.0,6.25,0.0,0.2,15.0,0.75,70.0,150.0,12.5,3.75,200.0,175.0
https://monngonmoingay.com/salad-dau-hu-chien/,https://monngonmoingay.com/wp-content/smush-webp/2020/01/salad-dau-hu-chien-500.jpg.webp,https://www.youtube.com/channel/UC-2EWHDbHnx5JOeyWfLdIxQ,Salad đậu hũ chiên,"“Salad đậu hũ chiên” có màu sắc tự nhiên của nguyên liệu, hấp dẫn, hương vị beo béo cộng với độ giòn của rau củ.",4 người,20 Phút,Dễ,"Chiên, Đậu hũ, Thịt heo, Cà rốt, Các loại rau, Củ quả, Cuối tuần, Thực đơn hàng ngày, Bữa tối, Bữa trưa, Sinh nhật, Các món ăn kèm, món phụ, Nam, Món Á, Cha, Mẹ, Người lớn tuổi","Đậu hũ trắng 1 miếng, Chà bông heo 5g, Xà lách ta 100g, Bắp cải bào 50g, Cà rốt 30g, Húng lủi 10g, Mè rang 1M, RAU NÊM: Tỏi phi, Gia vị: Tương cà, tương ớt, dầu ăn, Aji-Quick® Bột Tẩm Khô Chiên Giòn, Xốt Mayonnaise Aji-mayo® Vị Nguyên Bản, Đậu hũ trắng 1 miếng, Chà bông heo 5g, Xà lách ta 100g, Bắp cải bào 50g, Cà rốt 30g, Húng lủi 10g, Mè rang 1M, RAU NÊM: Tỏi phi, Gia vị: Tương cà, tương ớt, dầu ăn, Aji-Quick® Bột Tẩm Khô Chiên Giòn, Xốt Mayonnaise Aji-mayo® Vị Nguyên Bản","Xà lách rửa sạch, để ráo, cắt sợi. Bắp cải bào mỏng, rửa sạch, để ráo. Cà rốt cắt sợi. Húng lủi cắt nhỏ. Đậu hũ trắng cắt sợi nhỏ. Chà bông cắt ngắn.","Pha xốt : Trộn 3M Xốt Mayonnaise Aji-mayo® với 1M tương cà, 1M tương ớt. Chiên đậu hũ : Tẩm đậu hũ qua Gia vị nêm sẵn Aji-Quick® Bột tẩm khô chiên giòn, cho vào chảo dầu nóng chiên chín vàng, vớt ra để ráo dầu.","Trình bày: Cho xà lách, bắp cải, cà rốt, húng lủi ra dĩa, xếp đậu hũ chiên lên rồi rưới xốt lên trên, cuối cùng rắc chà bông, mè rang và tỏi phi lên trên cùng. Trước khi ăn trộn đều.",Bắp cải bào thật mỏng và ngâm đá để tăng độ giòn và giảm mùi hăng.Dùng Gia vị nêm sẵn Aji-Quick® Bột tẩm khô chiên giòn để chiên đậu hũ giúp đậu hũ có hương vị đậm đà và màu sắc đẹp.,Salad đậu hũ chiên,3.75,62.5,3.0,1.25,1.0,5.0,0.0,0.0,20.0,0.375,1.25,37.5,7.5,0.75,62.5,75.0
https://monngonmoingay.com/lau-ca-khoai-chua-cay/,https://monngonmoingay.com/wp-content/smush-webp/2019/12/lau-ca-khoai-chua-cay-500.jpg.webp,https://www.youtube.com/channel/UC-2EWHDbHnx5JOeyWfLdIxQ,Lẩu cá khoai chua cay,Vị chua cay đặc trưng của Gia vị nêm sẵn Aji-Quick® Lẩu Thái khi kết hợp với vị béo từ thịt viên cùng với vị ngọt thanh từ cá.,4 người,20 Phút,Dễ,"Lẩu, Cá, Thịt heo, Củ quả, Các loại rau, Phở / bún / hủ tiếu / miến, Cuối tuần, Thực đơn hàng ngày, Sinh nhật, Giáng sinh, Bữa tối, Bữa trưa, Trung, Cha, Mẹ","Cá khoai 500g, Thịt nạc dăm xay 200g, Cà chua 2 quả, Hành tây 1 củ nhỏ, Sả 2 cây, Lá chanh 3 lá, Nước dùng gà 1.5L, Ớt hiểm 3 trái, Hành tím thái lát 2M, Hành tím băm 1M, Nước cốt chanh 1M, RAU NÊM: lá húng quế, ĂN KÈM: bún, rau nhút, kèo nèo, rau muống, dầu ăn, Hạt nêm Aji-ngon® Heo, Gia vị nêm sẵn Aji-Quick® Lẩu Thái, Cá khoai 500g, Thịt nạc dăm xay 200g, Cà chua 2 quả, Hành tây 1 củ nhỏ, Sả 2 cây, Lá chanh 3 lá, Nước dùng gà 1.5L, Ớt hiểm 3 trái, Hành tím thái lát 2M, Hành tím băm 1M, Nước cốt chanh 1M, RAU NÊM: lá húng quế, ĂN KÈM: bún, rau nhút, kèo nèo, rau muống, dầu ăn, Hạt nêm Aji-ngon® Heo, Gia vị nêm sẵn Aji-Quick® Lẩu Thái","Ướp cá : ướp cá với 1M nước cốt chanh. Sả thái lát. Cà chua, hành tây cắt múi cau. Ớt hiểm đập dập.","Nấu nước dùng : phi thơm hành tím và sả với 2M dầu ăn, cho cà chua vào xào mềm rồi đổ nước dùng gà vào đun sôi, nêm 1 gói Gia vị nêm sẵn Aji-Quick® Lẩu Thái, tiếp theo cho lá chanh và ớt hiểm vào đun nhỏ lửa để lấy mùi thơm. Trộn nhân thịt : nêm vào thịt xay 1M hành tím băm, 2/3m Hạt nêm Aji-ngon® (Heo), trộn đều rồi vo thành viên tròn. Xếp cá khoai, thịt viên và hành tây ra dĩa.","Cho nước dùng ra nồi lẩu, nấu sôi rồi cho lá quế cắt khúc vào. Tiếp theo cho cá, thịt viên vào nấu chín cùng với hành tây, ăn kèm rau và bún với nước mắm ớt",Ướp cá với 1M nước cốt chanh để khử mùi và tăng hương vị.Nhúng cá khoai vừa chín tới thì vớt ra để không bị nát.,Lẩu cá khoai chua cay,6.25,112.5,10.0,2.0,1.25,5.0,0.0,0.375,20.0,1.0,25.0,75.0,6.25,1.25,150.0,200.0
https://monngonmoingay.com/ga-chien-sa-la-chanh/,https://monngonmoingay.com/wp-content/smush-webp/2019/12/ga-chien-sa-la-chanh-500.jpg.webp,https://www.youtube.com/channel/UC-2EWHDbHnx5JOeyWfLdIxQ,Gà chiên sả lá chanh,"Vị vừa ăn, kết hợp hài hòa giữa gà chiên bột và Xốt Mayonnaise Aji-mayo® pha có vị chua cay nhẹ. Thơm mùi sả, lá chanh.",4 người,30 Phút,Dễ,"Chiên, Thịt gà, Rau củ quả khác, Thực đơn hàng ngày, Cuối tuần, Bữa tối, Bữa trưa, Sinh nhật, Nam, Cha, Mẹ, Người lớn tuổi, Trẻ em","Thịt má đùi gà 250g, Sả cây 3 cây, Lá chanh Bắc nhỏ 10 lá, Nước cốt chanh 1m, Ăn kèm: xà lách, dưa leo, cà chua bi, Gia vị: tương ớt, tương cà, ớt bột, dầu ăn, Xốt Mayonnaise Aji-mayo® Vị Nguyên Bản, Aji-Quick® Bột Tẩm Khô Chiên Giòn, Thịt má đùi gà 250g, Sả cây 3 cây, Lá chanh Bắc nhỏ 10 lá, Nước cốt chanh 1m, Ăn kèm: xà lách, dưa leo, cà chua bi, Gia vị: tương ớt, tương cà, ớt bột, dầu ăn, Xốt Mayonnaise Aji-mayo® Vị Nguyên Bản, Aji-Quick® Bột Tẩm Khô Chiên Giòn","Thịt má đùi gà cắt que như ngón tay Sả cây bào mỏng. Lá chanh Bắc cắt nhỏ lấy 1M, còn lại để nguyên.","Ướp : gà với 1M lá chanh cắt nhỏ, 1/2m ớt bột, 1m nước cốt chanh. Tẩm bột : tẩm sả bào và ức gà qua Gia vị nêm sẵn Aji-Quick® Bột tẩm khô chiên giòn. Chiên : đun nóng dầu, cho lá chanh vào chao sơ cho thơm, vớt ra. Cho sả bào tẩm bột vào chiên vàng, vớt ra để ráo dầu. Cuối cùng thả thịt gà tẩm bột vào chiên chín vàng, vớt ra để ráo dầu. Làm xốt chấm : 1M Xốt Mayonnaise Aji-mayo®, 1m tương ớt, 1M tương cà.","Trình bày: cho gà, sả, lá chanh chiên giòn ra dĩa cùng với xà lách, dưa leo, cà bi, khi ăn chấm kèm với xốt.",Ướp thịt gà với lá chanh để tạo hương vị đặc trưng cho món ăn.Chiên lá chanh trước khi chiên để món ăn thơm.,Gà chiên sả lá chanh,5.0,162.5,11.25,1.25,0.75,3.75,0.125,0.2,7.5,0.5,37.5,75.0,2.5,2.0,100.0,150.0
https://monngonmoingay.com/canh-ga-huong-vi-thai/,https://monngonmoingay.com/wp-content/smush-webp/2019/12/canh-ga-huong-vi-thai-500.jpg.webp,https://www.youtube.com/channel/UC-2EWHDbHnx5JOeyWfLdIxQ,Canh gà hương vị thái,"Đổi vị mâm cơm hằng ngày với món Canh gà Hương Vị Thái chua cay thơm nức mũi! Chỉ vài nguyên liệu đơn giản, nêm với Gia vị nêm sẵn Aji-Quick ® Lẩu Thái là có ngay món ngon chuẩn vị. Thử ngay!",4 người,30 Phút,Dễ,"Canh/Súp, Hầm, Thịt gà, Nấm, Cà chua, Các loại rau, Củ quả, Gạo, Phở / bún / hủ tiếu / miến, Cuối tuần, Thực đơn hàng ngày, Bữa tối, Bữa trưa, Món Á, Nam, Cha, Mẹ, Người lớn tuổi","Cánh gà 3 cái, Lòng gà 1 bộ, Nấm rơm 50g, Cà chua bi (trái lớn) 5 trái, Bông điên điển 70g, Ớt xiêm xanh 3 trái, Hành tím bào 15g, Sả bằm 2M, RAU NÊM: Rau ngò gai, tỏi phi, ĂN KÈM: Bún tươi hoặc cơm trắng, nước mắm ớt, Gia vị: Dầu ăn, nước mắm, Gia vị nêm sẵn Aji-Quick® Lẩu Thái, Cánh gà 3 cái, Lòng gà 1 bộ, Nấm rơm 50g, Cà chua bi (trái lớn) 5 trái, Bông điên điển 70g, Ớt xiêm xanh 3 trái, Hành tím bào 15g, Sả bằm 2M, RAU NÊM: Rau ngò gai, tỏi phi, ĂN KÈM: Bún tươi hoặc cơm trắng, nước mắm ớt, Gia vị: Dầu ăn, nước mắm, Gia vị nêm sẵn Aji-Quick® Lẩu Thái","Cánh gà chặt miếng vừa ăn. Lòng gà cắt nhỏ. Ớt xiêm xanh đập dập. Nấm rơm, cà chua bi cắt đôi. Bông điên điển rửa sạch, để ráo.","Ướp gà : Ướp vào thịt gà và lòng gà 1M nước mắm, trộn đều, để 15 phút cho thấm gia vị. Nấu canh : Đun nóng dầu, cho hành tím, ớt xiêm, sả băm vào xào thơm, cho gà và lòng gà vào xào săn. Thêm nấm rơm, cà chua bi vào đảo nhanh, cho 1L nước lọc vào nấu sôi, nêm 1/2 gói Gia vị nêm sẵn Aji-Quick® Lẩu Thái vào đảo đều, để lửa vừa cho đến khi gà chín. Cho bông điên điển vào và tắt lửa.","Múc canh gà hương vị Thái ra tô, rắc thêm ngò gai và tỏi phi. Dùng nóng kèm bún tươi hoặc cơm trắng và nước mắm ớt.",Xào gà cho thật săn để thịt gà thấm vị giúp món ăn ngon hơn.Canh gà hương vị Thái nấu cùng bông điên điển tạo nên sự mới lạ cho món ăn.,Canh gà hương vị thái,15.0,450.0,40.0,5.0,3.0,25.0,0.5,0.8,40.0,3.0,200.0,250.0,30.0,8.0,400.0,800.0
https://monngonmoingay.com/ga-cuon-bacon-chien-la-huong-thao/,https://monngonmoingay.com/wp-content/smush-webp/2019/12/ga-cuon-bacon-chien-la-huong-thao-500.jpg.webp,https://www.youtube.com/channel/UC-2EWHDbHnx5JOeyWfLdIxQ,Gà cuộn bacon chiên lá hương thảo,"Một gợi ý thú vị cho Mẹ trổ tài vào bếp mùa cuối năm! Gà cuộn cùng bacon và lá hương thảo mang vị Âu rất đặc trưng, thêm chút beo béo của bơ tươi, vị chua nhẹ của chanh vàng khiến cho món ăn càng hoàn hảo.",0 người,20 Phút,Dễ,"Chiên, Khác, Thịt gà, Thịt heo, Rau củ quả khác, Thực đơn hàng ngày, Cuối tuần, Sinh nhật, Bữa tối, Bữa trưa, Nam, Cha, Mẹ, Người lớn tuổi, Trẻ em","Má đùi gà rút xương 4 cái, Thịt xông khói (bacon) 8 lát, Hương thảo 6 nhánh, Tỏi giã 1M, Hành tím giã nhuyễn 1/2M, Hành tím phi băm nhuyễn 1/2M, Lá hương thảo băm 1M, Vỏ chanh mài 1m, Chanh vàng 1 trái, Nước cốt chanh 1/2M, Dụng cụ: Chỉ cotton, Gia vị: bơ tươi, mật ong, muối, tiêu, tương ớt, Xốt Mayonnaise Aji-mayo® Vị Nguyên Bản, Hạt nêm Aji-ngon® Gà, Má đùi gà rút xương 4 cái, Thịt xông khói (bacon) 8 lát, Hương thảo 6 nhánh, Tỏi giã 1M, Hành tím giã nhuyễn 1/2M, Hành tím phi băm nhuyễn 1/2M, Lá hương thảo băm 1M, Vỏ chanh mài 1m, Chanh vàng 1 trái, Nước cốt chanh 1/2M, Dụng cụ: Chỉ cotton, Gia vị: bơ tươi, mật ong, muối, tiêu, tương ớt, Xốt Mayonnaise Aji-mayo® Vị Nguyên Bản, Hạt nêm Aji-ngon® Gà","Chanh vàng mài lấy 1m vỏ chanh, vắt lấy 1/2M nước cốt chanh. Ướp gà : Má đùi gà lạng mỏng đều, ướp với 1/2m tiêu, 1/2m Hạt nêm Aji-ngon® (Gà), 1m mật ong, 1m vỏ chanh mài, 1/2M hành phi băm nhuyễn, 1/2M nước cốt chanh, 1M hành tỏi, 1M hương thảo băm, để thấm 20 phút. Thịt xông khói cắt miếng có chiều dài bằng miếng thịt gà.","Cuốn : Trải thịt gà ra, đặt lên 1 miếng thịt xông khói, 1 nhánh hương thảo, cuốn lại cho chặt tay, dùng chỉ cotton cuốn chặt lại. Chiên : đun nóng ít dầu, cho cuốn gà vào áp chảo với lửa nhỏ, thêm 2 cọng hương thảo vào cho dầu thơm, múc dầu chế lên cuốn thịt gà. Chiên đến khi cuốn thịt gà chín vàng. Đun chảy 1M bơ tươi, cho vào chảo xốc cho thơm rồi vớt cuốn gà ra khỏi chảo, để ráo. Pha xốt : 2M xốt Mayonnaise Aji-mayo® và 1M tương ớt.","Cắt cuốn gà thành miếng vừa ăn, xếp ra dĩa. Khi ăn chấm với xốt Mayonnaise pha.",Lạng mỏng má đùi gà khi cuốn lại sẽ tạo hình đẹp hơn.Chiên ít hương thảo tạo thêm mùi thơm đặc trưng cho món ăn.Thêm bơ tươi vào cuối cùng để cuốn gà có mùi thơm của bơ.,Gà cuộn bacon chiên lá hương thảo,1.25,112.5,11.25,0.75,0.25,2.0,0.0,0.125,7.5,0.5,45.0,75.0,2.5,3.75,100.0,150.0
https://monngonmoingay.com/tom-chien-canh-buom/,https://monngonmoingay.com/wp-content/smush-webp/2019/11/tom-chien-hinh-buom-500.jpg.webp,https://www.youtube.com/channel/UC-2EWHDbHnx5JOeyWfLdIxQ,Tôm chiên cánh bướm,"Khi pha xốt, cho Xốt Mayonnaise Aji-mayo® và chén trước rồi mới cho các gia vị lỏng vào thì xốt sẽ sánh mịn hơn.",4 người,10 Phút,Dễ,"Chiên, Tôm, Các loại rau, Rau củ quả khác, Cuối tuần, Thực đơn hàng ngày, Sinh nhật, Bữa tối, Bữa trưa, Nam, Cha, Mẹ, Trẻ em, Người lớn tuổi","Tôm sú hấp đông lạnh size lớn: 200g, Bông thiên lý: 50g, Bắp non nhỏ: 8 trái, Húng quế: 30g, Mè rang: 1M, Gia vị: Dầu ăn, nước cốt chanh, muối, soda, ớt bột paprika, Aji-Quick® Bột Chiên Giòn, Xốt Mayonnaise Aji-mayo® Vị Nguyên Bản, Tôm sú hấp đông lạnh size lớn: 200g, Bông thiên lý: 50g, Bắp non nhỏ: 8 trái, Húng quế: 30g, Mè rang: 1M, Gia vị: Dầu ăn, nước cốt chanh, muối, soda, ớt bột paprika, Aji-Quick® Bột Chiên Giòn, Xốt Mayonnaise Aji-mayo® Vị Nguyên Bản","Tôm sú rã đông, vắt ráo, chẻ lưng xòe ra. Bông thiên lý rửa sạch, để nguyên chùm. Bắp non rửa sạch, để ráo. Húng quế ngắt lấy ngọn.","Pha bột chiên giòn : Pha 1 gói Bột chiên giòn Aji-Quick® với 160ml nước thành hỗn hợp sánh sệt, thêm vào 1/4m ớt bột paprika. Pha xốt mayonnaise : Hoà tan 1/2m muối với 1M nước cốt chanh. Cho 3M Xốt Mayonnaise Aji-mayo® vào chén, cho từ 1M nước cốt chanh đã pha muối, 2M nước soda, khuấy đều, cho xốt ra chén, cho mè rang vào, rắc ớt bột lên trên. Chú ý cho nước cốt chanh và soda vào từ từ và khuấy thì xốt sẽ nhanh hòa quyện. Chiên : Đun nóng dầu, lần lượt nhúng tôm, bông thiên lý, bắp non và ngọn húng quế qua hỗn hợp bột chiên giòn đã pha rồi cho vào chiên chín vàng, vớt ra để ráo dầu.","Xếp tôm và các loại rau củ chiên ra dĩa, xếp ít cà chua bi bên cạnh, khi ăn chấm tôm và rau củ với xốt mayonnaise pha.","Chẻ lưng tôm để tôm xòe ra như cánh bướm sẽ đẹp hơn, để tôm được giòn.Khi pha xốt, cho Xốt Mayonnaise Aji-mayo® và chén trước rồi mới cho các gia vị lỏng vào thì xốt sẽ sánh mịn hơn",Tôm chiên cánh bướm,3.75,87.5,11.25,1.25,1.0,7.5,0.0,0.375,37.5,0.75,62.5,75.0,12.5,1.25,100.0,150.0
https://monngonmoingay.com/xoi-ga-nuong/,https://monngonmoingay.com/wp-content/smush-webp/2019/10/xoi-ga-nuong-500.jpg.webp,https://www.youtube.com/channel/UC-2EWHDbHnx5JOeyWfLdIxQ,Xôi gà nướng,"Lấy xôi ra dĩa, cắt đậu xanh lên mặt, rắc hành phi, xếp thịt gà quay lên, rưới thêm mỡ gà.",4 người,30 Phút,Dễ,"Nướng, Hấp/Tiềm, Quay/Rôti, Thịt gà, Củ quả, Gạo, Rau củ quả khác, Khác, Cuối tuần, Thực đơn hàng ngày, Sinh nhật, Giáng sinh, Bữa trưa, Bữa tối, Nam, Cha, Mẹ, Trẻ em","Gạo nếp Bắc: 2 chén, Đậu xanh cà: 100g, Mỡ gà: 200g, Bột nghệ: 1m, Hành tím: 100g, Thịt gà ta: 1/2 con, Hành tỏi băm nhuyễn: 2M, Gia vị: Mật ong, dầu điều, muối, tiêu, dầu ăn, Nước tương ""Phú Sĩ"", Hạt nêm Aji-ngon® Gà, Gạo nếp Bắc: 2 chén, Đậu xanh cà: 100g, Mỡ gà: 200g, Bột nghệ: 1m, Hành tím: 100g, Thịt gà ta: 1/2 con, Hành tỏi băm nhuyễn: 2M, Gia vị: Mật ong, dầu điều, muối, tiêu, dầu ăn, Nước tương ""Phú Sĩ"", Hạt nêm Aji-ngon® Gà","Gạo nếp vo sạch, ngâm 4h hoặc ngâm qua đêm với 1/2m muối và 1/2m bột nghệ. Đậu xanh cà vo thật sạch, ngâm 3h. Mỡ gà cắt nhỏ. Hành tím cắt lát mỏng.","Làm mỡ gà : Cho mỡ gà vào chảo, nấu đến khi mỡ tan ra hết, để nguội. Làm hành phi: Dùng mỡ gà cho vào chảo, cho hành cắt lát vào phi đến khi vàng thơm. Ướp gà : Ướp thịt gà với 2m Hạt nêm Aji-ngon® (Gà), 1/2m tiêu, 1M mật ong, 1/2m muối, 4M Nước tương “Phú Sĩ”, 2M hành tỏi băm và 1M dầu điều, 1/2m để thấm 30 phút. Hấp đậu xanh : Đậu xanh sau khi ngâm, vo sạch, trộn với 1/2m muối, cho vào xửng hấp chín, lấy ra tán nhuyễn rồi cho vào tấm vải mùng bó chặt lại. Hấp Xôi : Gạo sau khi ngâm, vo sạch, rồi cho vào xửng hấp, hấp 15 phút thì mở nắp, rưới mỡ gà vào trộn đều, hấp thêm khoảng 20 phút thì nếm thử xem xôi chín thì tắt lửa. Nướng gà: Bật lò nóng 250 độ, cho gà lên vỉ nướng, nướng trong lò 20′ đến khi gà chín vàng thơm, lấy ra, để nguội bớt rồi xé miếng vừa ăn.","Lấy xôi ra dĩa, cắt đậu xanh lên mặt, rắc hành phi, xếp thịt gà quay lên, rưới thêm mỡ gà.",Gạo và đậu xanh phải vo sạch trước và ngâm trước khi nấu giúp chín đều.Soi lỗ khi hấp xôi để hơi nước thoát lên trên giúp xôi chín nhanh và đều hơn,Xôi gà nướng,62.5,375.0,17.5,3.75,2.5,0.5,0.0,0.25,12.5,1.25,62.5,100.0,12.5,12.5,125.0,150.0
https://monngonmoingay.com/salad-rong-nho-ca-hoi/,https://monngonmoingay.com/wp-content/smush-webp/2019/10/salad-rong-nho-ca-hoi-500.jpg.webp,https://www.youtube.com/channel/UC-2EWHDbHnx5JOeyWfLdIxQ,Salad rong nho cá hồi,"Bày phần salad đã trộn ra dĩa, đặt rong nho và cá hồi cuộn hoa hồng lên, rưới thêm xốt còn lại. Trang trí với 1/2M trứng cá hồi cho hấp dẫn. Khi ăn trộn đều.",4 người,30 Phút,Dễ,"Gỏi/Trộn, Cá, Rau củ quả khác, Các loại rau, Củ quả, Trứng, Cuối tuần, Khác, Bữa tối, Bữa trưa, Sinh nhật, Nam, Cha, Mẹ, Người lớn tuổi, Trẻ em","Cá hồi xông khói: 150g, Rong nho: 100g, Bắp cải tím: 80g, Bắp cải trắng: 80g, Cam Mỹ: 1 quả, Chanh Mỹ vàng: 1 quả, Thì là băm: 2M, ĂN KÈM: Trứng cá hồi, mè trắng rang giã dập, Gia vị: muối, tiêu, mù tạt xanh, Xốt Mayonnaise Aji-mayo® Vị Nguyên Bản, Cá hồi xông khói: 150g, Rong nho: 100g, Bắp cải tím: 80g, Bắp cải trắng: 80g, Cam Mỹ: 1 quả, Chanh Mỹ vàng: 1 quả, Thì là băm: 2M, ĂN KÈM: Trứng cá hồi, mè trắng rang giã dập, Gia vị: muối, tiêu, mù tạt xanh, Xốt Mayonnaise Aji-mayo® Vị Nguyên Bản","Mài vỏ chanh vàng lấy 2M, vắt lấy 2M nước cốt chanh. Bắp cải tím cắt sợi, bắp cải trắng cắt sợi mỏng, rửa qua nước đá. Cam gọt vỏ, cắt lấy múi cam. Cá hồi : 1/2 cá hồi cuộn hoa hồng, 1/2 cắt sợi.","Pha xốt trộn : 4M Xốt Mayonnaise Aji-mayo®, 1/3M mù tạt, 1/4m muối, 2M nước cốt chanh, 1M vỏ chanh, 1M mè rang, 2M thì là băm rồi trộn đều. Trộn salad : Trộn bắp cải, cá hồi cắt sợi và 1/2 lượng cam với 2/3 lượng xốt trước.","Bày phần salad đã trộn ra dĩa, đặt rong nho và cá hồi cuộn hoa hồng lên, rưới thêm xốt còn lại. Trang trí với 1/2M trứng cá hồi cho hấp dẫn. Khi ăn trộn đều.","Kết hợp rong nho, cá hồi cùng với thì là và mù tạt xanh giúp món ăn có hương vị hài hòa, đặc trưng.Trộn bắp cải với xốt trước để thấm xốt, khi ăn ngon hơn.",Salad rong nho cá hồi,6.25,112.5,7.5,3.75,1.25,20.0,1.25,0.75,37.5,0.5,20.0,75.0,12.5,1.25,125.0,200.0
https://monngonmoingay.com/cha-tom-la-chuc/,https://monngonmoingay.com/wp-content/smush-webp/2019/10/cha-tom-la-chuc-500.jpg.webp,https://www.youtube.com/channel/UC-2EWHDbHnx5JOeyWfLdIxQ,Chả tôm lá chúc,"Làm chả tôm: Cho tôm vào máy xay nhuyễn, lấy ra cho giò sống, 1M hành lá, 1M hành tím băm, 1M lá chúc cắt nhỏ và 1/2M ớt băm vào trộn đều, quết thật kỹ cho tôm dai, chia hỗn hợp tôm ra thành 12 viên, se tròn, cho vào tủ lạnh 5 phút.",4 người,30 Phút,Dễ,"Chiên, Thịt heo, Tôm, Cà chua, Trứng, Các loại thịt khác, Rau củ quả khác, Thực đơn hàng ngày, Bữa trưa, Bữa tối, Cuối tuần, Sinh nhật, Nam, Cha, Mẹ, Người lớn tuổi, Trẻ em","Tôm sú sống (đã bóc vỏ): 400g, Giò sống: 100g, Lá chúc: 10 lá, Lòng trắng trứng gà: 1/2 quả, Ớt băm nhuyễn: 2M, Hành lá: 10g, Hành tím băm: 1M, Nước cốt chanh 1M, ĂN KÈM: Salad, cà chua bi, Gia vị: Dầu ăn, tiêu,, Hạt nêm Aji-ngon® Heo, Xốt Mayonnaise Aji-mayo® Vị Nguyên Bản, Aji-Quick® Bột Tẩm Khô Chiên Giòn, Tôm sú sống (đã bóc vỏ): 400g, Giò sống: 100g, Lá chúc: 10 lá, Lòng trắng trứng gà: 1/2 quả, Ớt băm nhuyễn: 2M, Hành lá: 10g, Hành tím băm: 1M, Nước cốt chanh 1M, ĂN KÈM: Salad, cà chua bi, Gia vị: Dầu ăn, tiêu,, Hạt nêm Aji-ngon® Heo, Xốt Mayonnaise Aji-mayo® Vị Nguyên Bản, Aji-Quick® Bột Tẩm Khô Chiên Giòn","Tôm rửa sạch, để ráo, dùng khăn thấm khô nước, ướp 1m tiêu, 1m Hạt nêm Aji-ngon® (Heo), 1/2 lòng trắng trứng gà, cho vào ngăn đá tủ lạnh để 20 phút để tôm lạnh và thấm gia vị. Hành lá cắt nhuyễn. Lá chúc: 1/2 cắt nhỏ, 1/2 cắt sợi.","Làm chả tôm : Cho tôm vào máy xay nhuyễn, lấy ra cho giò sống, 1M hành lá, 1M hành tím băm, 1M lá chúc cắt nhỏ và 1/2M ớt băm vào trộn đều, quết thật kỹ cho tôm dai, chia hỗn hợp tôm ra thành 12 viên, se tròn, cho vào tủ lạnh 5 phút. Làm xốt mayonnaise mơ : cho 2M sốt mơ, 1M ớt bằm, 1m lá chúc, 3M Xốt Mayonnaise Aji-mayo®, 1M nước cốt chanh vào chén, khuấy đều. Chiên chả tôm : Đun nóng dầu, thả lá chúc cắt sợi vào, chiên nhanh rồi vớt ra. Tẩm viên tôm với Gia vị nêm sẵn Aji-Quick® Bột tẩm khô chiên giòn rồi cho vào chiên ngập dầu, để lửa vừa cho đến khi viên tôm chín vàng vớt ra giấy thấm dầu.","Cắt viên tôm thành những miếng vừa ăn, xếp ra dĩa, dùng kèm với xốt mayonnaise mơ, salad và cà chua bi.",Cho lòng trắng trứng vào tôm để vào tủ lạnh giúp tạo độ xốp và kết dính cho chả tôm.Thấm thật khô tôm và quết thật kỹ để thịt tôm dẻo và dai.,Chả tôm lá chúc,3.75,130.0,16.25,0.75,0.25,2.5,0.125,0.5,25.0,0.75,75.0,100.0,5.0,2.0,125.0,200.0
https://monngonmoingay.com/salad-tom-lanh/,https://monngonmoingay.com/wp-content/smush-webp/2019/10/salad-tom-lanh-500.jpg.webp,https://www.youtube.com/channel/UC-2EWHDbHnx5JOeyWfLdIxQ,Salad tôm lạnh,"Những ngày trời oi bức nóng lực mà ăn món Salad tôm lạnh hợp lý phải biết. Món ăn lại cung cấp đủ rau cần thiết cho cả gia đình, nhất là mẹ không sợ bé biếng ăn nữa nhé!",4 người,30 Phút,Dễ,"Gỏi/Trộn, Cà rốt, Tôm, Trứng, Các loại rau, Củ quả, Khác, Thực đơn hàng ngày, Bữa trưa, Bữa tối, Cuối tuần, Sinh nhật, Nam, Cha, Mẹ, Người lớn tuổi, Trẻ em","Tôm sú: 300g (40 con/kg), Trứng gà luộc chín: 2 quả, Khoai tây: 1 củ, Cà rốt: 50g, Đậu que nhật: 50g, Hành tây: 1/2 củ, Củ radish: 50g, Ớt cắt nhuyễn: 2M, RAU NÊM: Rau húng lủi, mè trắng rang, Gia vị: Dầu ăn, muối, tiêu, ""AJINOMOTO"" Giấm gạo lên men, Xốt Mayonnaise Aji-mayo® Vị Nguyên Bản, Hạt nêm Aji-ngon® Heo, Tôm sú: 300g (40 con/kg), Trứng gà luộc chín: 2 quả, Khoai tây: 1 củ, Cà rốt: 50g, Đậu que nhật: 50g, Hành tây: 1/2 củ, Củ radish: 50g, Ớt cắt nhuyễn: 2M, RAU NÊM: Rau húng lủi, mè trắng rang, Gia vị: Dầu ăn, muối, tiêu, ""AJINOMOTO"" Giấm gạo lên men, Xốt Mayonnaise Aji-mayo® Vị Nguyên Bản, Hạt nêm Aji-ngon® Heo","Tôm luộc chín, bóc vỏ, 2/3 phần cắt hạt lựu, 1/3 giữ nguyên để trang trí. Trứng luộc chín bóc vỏ, cắt lát mỏng. Cà rốt, khoai tây, đậu que cắt hạt lựu, luộc chín tới, vớt ra xả qua nước lạnh. Hành tây cất quân cờ, ngâm nước đá. Củ radish cắt lát mỏng.","Làm xốt : Khuấy đều 1/2m muối, 1M mè trắng rang giã bể, 2M ớt cắt nhuyễn, 1/2M Giấm gạo lên men LISA®, 3M Xốt Mayonnaise Aji-mayo®. Trộn salad: Trộn đều tất cả sốt, tôm sú, khoai tây, cà rốt, đậu que, hành tây cho vào tủ lạnh 15 phút.","Xếp củ radish xung quanh dĩa, cho salad đã trộn vào giữa, trang trí tôm nguyên con, rau húng lủi, mè rang và trứng lên trên.",Rau củ cắt hạt lựu đều nhau cho đẹp mắt và thấm sốt.Cho salad đã trộn vào tủ lạnh khi ăn sẽ ngon hơn.,Salad tôm lạnh,6.25,112.5,11.25,2.0,1.25,3.75,0.25,0.375,20.0,0.75,62.5,62.5,12.5,1.25,150.0,125.0
https://monngonmoingay.com/dau-hu-croquette/,https://monngonmoingay.com/wp-content/smush-webp/2019/09/dau-hu-croquette-500.jpg.webp,https://www.youtube.com/channel/UC-2EWHDbHnx5JOeyWfLdIxQ,Đậu hũ Croquette,"Làm Croquette: cho đậu hũ vào tô thịt xào cùng với 1 quả trứng, ngò gai, 4M bột xù, 1m Hạt nêm Aji-ngon® (Heo), 1/2m tiêu, trộn đều lên",4 người,30 Phút,Dễ,"Chiên, Đậu hũ, Thịt heo, Cà chua, Cà rốt, Trứng, Các loại rau, Củ quả, Gạo, Tinh bột khác, Cuối tuần, Thực đơn hàng ngày, Bữa tối, Bữa trưa, Sinh nhật, Nam, Cha, Mẹ, Người lớn tuổi, Trẻ em","Đậu hũ trắng: 300g, Thịt heo xay: 100g, Cà rốt: 50g, Trứng gà: 2 quả, Bột xù: 200g, Bột mì: 100g, Hành tây: 50g, Ngò gai: 5 lá, ĂN KÈM: Cơm, Cải mầm, cà chua bi, Gia vị: Tiêu, tương cà, dầu ăn, Hạt nêm Aji-ngon® Heo, Xốt Mayonnaise Aji-mayo® Vị Nguyên Bản, Đậu hũ trắng: 300g, Thịt heo xay: 100g, Cà rốt: 50g, Trứng gà: 2 quả, Bột xù: 200g, Bột mì: 100g, Hành tây: 50g, Ngò gai: 5 lá, ĂN KÈM: Cơm, Cải mầm, cà chua bi, Gia vị: Tiêu, tương cà, dầu ăn, Hạt nêm Aji-ngon® Heo, Xốt Mayonnaise Aji-mayo® Vị Nguyên Bản","Đậu hũ trắng chần sơ, vắt ráo nước, bóp nhuyễn. Hành tây, cà rốt cắt hạt lựu nhỏ. Ngò gai cắt nhuyễn. 1 quả trứng gà đánh tan kỹ.","Xào thịt : đun nóng 2M dầu ăn, cho thịt xay vào xào săn, cho hành tây và cà rốt vào xào chín, nêm 1/2m Hạt nêm Aji-ngon® (Heo), trút ra tô để nguội.” Làm Croquette : cho đậu hũ vào tô thịt xào cùng với 1 quả trứng, ngò gai, 4M bột xù, 1m Hạt nêm Aji-ngon® (Heo), 1/2m tiêu, trộn đều lên. Chia thành 16 phần rồi tạo hình trụ hơi dài hơn, thân tròn. Tẩm viên đậu hũ croquette qua bột mì, nhúng qua trứng rồi tẩm bột xù. Chiên : đun nóng dầu, cho viên đậu hũ vào chiên chín vàng, vớt ra để ráo dầu. Pha xốt chấm : 3M Xốt Mayonnaise Aji-mayo®, 2M tương cà.","Trình bày: xếp đậu hũ croquette ra dĩa cùng với rau mầm và cà bi, topping với tương cà và Xốt Mayonnaise Aji-mayo®. Khi ăn chấm cùng Xốt Mayonnaise Aji-mayo® trộn.","Chần đậu hũ để đậu có độ cứng, sau đó ép bớt nước cho ráo để tạo độ kết dính cho nhân.Thêm bột xù vào nhân để tạo độ chắc và xốp cho nhân.Topping với Xốt Mayonnaise Aji-mayo® giúp món ăn đẹp mắt và ngon hơn.",Đậu hũ Croquette,18.75,255.0,13.75,2.5,2.0,1.25,0.5,0.25,37.5,1.25,100.0,125.0,12.5,3.75,150.0,200.0
https://monngonmoingay.com/bo-chien-mot-nang/,https://monngonmoingay.com/wp-content/smush-webp/2019/09/bo-chien-mot-nang-500.jpg.webp,https://www.youtube.com/channel/UC-2EWHDbHnx5JOeyWfLdIxQ,Bò chiên một nắng,"Sả và lá chanh thơm đặc trưng, kết hợp cùng ớt sừng cay nồng và mùi ngũ vị hương đặc trưng làm cho thịt bò dậy vị thêm hấp dẫn. Đây quả là một món ăn cực thích hợp cho những bữa “say sưa” một chút bên bạn bè đấy!",4 người,30 Phút,Dễ,"Chiên, Thịt bò, Cà chua, Rau củ quả khác, Củ quả, Cuối tuần, Bữa tối, Bữa trưa, Sinh nhật, Nam, Cha, Mẹ, Người lớn tuổi, Trẻ em","Bò phi lê: 200g, Sả đập dập xé sợi: 2 cây, Lá chanh thái chỉ: 3 lá, Ớt sừng thái lát: 1 quả, Lá lốt thái chỉ: 30g, ĂN KÈM: dưa leo, cà chua, Gia vị: tiêu, dầu ăn, tương ớt, ngũ vị hương, Aji-Quick® Bột Tẩm Khô Chiên Giòn, Bò phi lê: 200g, Sả đập dập xé sợi: 2 cây, Lá chanh thái chỉ: 3 lá, Ớt sừng thái lát: 1 quả, Lá lốt thái chỉ: 30g, ĂN KÈM: dưa leo, cà chua, Gia vị: tiêu, dầu ăn, tương ớt, ngũ vị hương, Aji-Quick® Bột Tẩm Khô Chiên Giòn","Bò phi lê thái con chì, trộn với 1/2m ngũ vị hương rồi lăn qua Gia vị nêm sẵn Aji-Quick® Bột tẩm khô chiên giòn. Sả ướp với 1M Aji-Quick® Bột tẩm khô chiên giòn.","Chiên: Đun nóng dầu trong chảo, cho lá lốt vào chiên giòn vớt ra để vào giấy thấm dầu. Kế tiếp cho sả vào chiên giòn. Sau cùng chiên bò với lửa vừa đến khi bò chín vàng, vớt ra để ráo dầu.","Trình bày: cho bò chiên còn nóng vào tô, trộn đều với lá chanh thái chỉ, sau đó bày ra dĩa cùng với ớt sừng và lá lốt, sả chiên giòn. Khi ăn chấm với tương ớt.",Chiên bò với lửa lớn giúp cho bò không bị khô và giữ được độ mềm của thịt.Xốc thịt bò khi còn nóng với lá chanh giúp cho lá chanh được bám chặt vào trong thịt.Lăn bò qua bột Gia vị nêm sẵn Aji-Quick® Bột tẩm khô chiên giòn giúp bò không bị khô và thấm vị.,Bò chiên một nắng,3.75,112.5,12.5,0.75,0.5,2.5,0.0,0.625,5.0,1.0,32.5,75.0,3.75,2.0,100.0,150.0
https://monngonmoingay.com/mien-xao-gia-dau-nanh/,https://monngonmoingay.com/wp-content/smush-webp/2019/08/mien-xao-gia-dau-nanh-500.jpg.webp,https://www.youtube.com/channel/UC-2EWHDbHnx5JOeyWfLdIxQ,Miến xào giá đậu nành,"Xào miến: Phi thơm 1M hành boaro, cho bò vào xào nhanh tay trút ra dĩa. Thêm ít dầu vào, cho tiếp hành boaro vào phi thơm, cho cà rốt, nấm đùi gà, nấm hương vào xốc nhanh tay",4 người,30 Phút,Dễ,"Món Xào, Nấm, Cà rốt, Khác, Rau củ quả khác, Củ quả, Các loại rau, Phở / bún / hủ tiếu / miến, Cuối tuần, Món chay, Thực đơn hàng ngày, Bữa trưa, Bữa tối, Món chay, Nam, Cha, Mẹ, Người lớn tuổi, Trẻ em","Miến khô: 300g, Giá đậu nành: 150g, Bò chay ngâm mềm: 100g, (bò chay hiệu An Nhiên), Nấm đùi gà lớn: 1 cây, Nấm hương ngâm mềm: 100g, Cần tàu: 50g, Cà rốt: 50g, Hành boaro băm: 2M, Hành boaro phi: 2M, RAU NÊM: mè trắng rang., Gia vị: Dầu ăn, đường, dầu hào chay, tiêu, tương ớt (sidacha), Nước tương ""Phú Sĩ"", Hạt nêm Aji-ngon® Nấm, Miến khô: 300g, Giá đậu nành: 150g, Bò chay ngâm mềm: 100g, (bò chay hiệu An Nhiên), Nấm đùi gà lớn: 1 cây, Nấm hương ngâm mềm: 100g, Cần tàu: 50g, Cà rốt: 50g, Hành boaro băm: 2M, Hành boaro phi: 2M, RAU NÊM: mè trắng rang., Gia vị: Dầu ăn, đường, dầu hào chay, tiêu, tương ớt (sidacha), Nước tương ""Phú Sĩ"", Hạt nêm Aji-ngon® Nấm","Nấm đùi gà, cà rốt cắt sợi. Nấm hương cắt đôi. Cần tàu cắt khúc. Miến cắt đôi, ngâm mềm. Bò chay để nghiêng dao cắt lát. Ướp bò chay: Khuấy đều 1m Hạt nêm Aji-ngon® (Nấm hương và Hạt sen), 1m tiêu, 1/2M dầu hào chay, 1M Nước tương “Phú Sĩ”, 1M dầu ăn, cho bò chay vào trộn đều, để thấm 15 phút.","Khuấy xốt xào: Khuấy đều 1/2 chén nước lọc, 1m Hạt nêm Aji-ngon® (Nấm hương và Hạt sen), 1m dầu hào, 1m tiêu, 1M tương ớt, 1/2M Nước tương “Phú Sĩ”. Cho 1/2 lượng xốt ướp vào miến ướp 10 phút trước khi xào. Xào miến : Phi thơm 1M hành boaro, cho bò vào xào nhanh tay trút ra dĩa. Thêm ít dầu vào, cho tiếp hành boaro vào phi thơm, cho cà rốt, nấm đùi gà, nấm hương vào xốc nhanh tay, đổ lượng xốt xào còn lại vào đảo đều, cho tiếp miến, cần tàu vào xào, vặn lửa vừa để miến không bị bết dính và xốt thấm đều, tiếp theo cho bò và giá đậu nành vào đảo đều lần nữa rồi tắt lửa.","Thưởng thức:Gắp miến ra dĩa, cho hành boaro phi, rau răm và mè trắng lên trên, dùng kèm nước tương “Phú Sĩ” và ớt cắt lát.",Ướp miến với xốt để miến thấm đều gia vị.Ngâm miến trong nước ấm để miến có độ mềm giúp miến không bị khô khi xào,,,,,,,,,,,,,,,,,
https://monngonmoingay.com/ca-hoi-ngam-chua/,https://monngonmoingay.com/wp-content/smush-webp/2019/08/ca-hoi-ngam-chua-500.jpg.webp,https://www.youtube.com/channel/UC-2EWHDbHnx5JOeyWfLdIxQ,Cá hồi ngâm chua,Cá hồi vừa giàu dinh dưỡng lại dễ dàng chế biến thành nhiều món ăn khác nhau. Cùng Món Ngon Mỗi Ngày thực hiện món Cá Hồi Ngâm Chua nha!,4 người,30 Phút,Dễ,"Chiên, Cá, Rau củ quả khác, Khác, Các loại rau, Cuối tuần, Thực đơn hàng ngày, Bữa tối, Bữa trưa, Sinh nhật, Tết, Nam, Cha, Mẹ, Người lớn tuổi, Trẻ em","Cá hồi fillet - phần bụng: 200g, Ớt chuông xanh/ đỏ/ vàng: 50g mỗi loại, Hành tím Ấn Độ: 100g, Bột cá Dashi: 1m, Bột mì: 50g, Mè trắng rang: 1m, RAU NÊM: hành lá xanh cắt sợi ngâm nước lạnh, ĂN KÈM: Xà lách escarol, Gia vị: dầu ăn, dầu mè, muối, đường, Nước tương ""Phú Sĩ"", ""AJINOMOTO"" Giấm gạo lên men, Cá hồi fillet - phần bụng: 200g, Ớt chuông xanh/ đỏ/ vàng: 50g mỗi loại, Hành tím Ấn Độ: 100g, Bột cá Dashi: 1m, Bột mì: 50g, Mè trắng rang: 1m, RAU NÊM: hành lá xanh cắt sợi ngâm nước lạnh, ĂN KÈM: Xà lách escarol, Gia vị: dầu ăn, dầu mè, muối, đường, Nước tương ""Phú Sĩ"", ""AJINOMOTO"" Giấm gạo lên men","Cá hồi ngâm nước 1/2m muối pha loãng 15′, rửa sạch, thấm khô nước, miếng thanh dài 3cm, dày 5 li. Ớt chuông hành tím cắt sợi mỏng ngâm nước lạnh, để ráo.","Chiên cá : áo mỏng 1 lớp bột mì bên ngoài cá, chiên chín vàng, để ráo dầu. Pha nước trộn : Hòa tan 120ml Giấm gạo lên men LISA®, 30ml “Phú Sĩ”, 30g đường, 60ml nước, 1m bột cá dashi.","Cho các loại rau vào tô hoặc dĩa sâu lòng, xếp cá lên trên, chan nước trộn vào, rưới thêm vài giọt dầu mè, sau cùng cho hành lá và mè trắng rang lên trên.",Rửa cá qua nước muối và thấm khô để cá thấm vị mà không bị tanhDùng phần bụng cá món ăn sẽ ngon hơnKết hợp bột cá dashi với Giấm gạo lên men LISA® để tạo mùi vị đặc trưng của món ngâm chua kiểu Nhật.,,,,,,,,,,,,,,,,,
https://monngonmoingay.com/sup-nui-nha-dam-tom-tha/,https://monngonmoingay.com/wp-content/smush-webp/2019/06/sup-nui-nha-dam-tom-tha-500.jpg.webp,https://www.youtube.com/channel/UC-2EWHDbHnx5JOeyWfLdIxQ,Súp nui nha đam tôm thả,"Lâu lâu mẹ “đổi gió” với món này, đảm bảo cả nhà ăn thả phanh vì ngon không cưỡng lại được. Chưa kể, cách chế biến cũng nhanh gọn nên các Mẹ lại càng khỏe đó nha.",4 người,15 Phút,Dễ,"Canh/Súp, Hầm, Cà rốt, Tôm, Khác, Củ quả, Cuối tuần, Thực đơn hàng ngày, Bữa tối, Bữa trưa, Giáng sinh, Sinh nhật, Cha, Mẹ, Người lớn tuổi, Trẻ em","Tôm tươi bóc vỏ: 200g, Nui ngôi sao nhỏ (khô): 50g, Cà rốt: 50g, Nha đam: 1 bẹ, Hành lá: 1 nhánh, Ngò rí: 1 nhánh, Bột năng: 1,5M, Nước dùng gà: 1 lít, Gia vị: dầu ăn, Bột canh, Tôm tươi bóc vỏ: 200g, Nui ngôi sao nhỏ (khô): 50g, Cà rốt: 50g, Nha đam: 1 bẹ, Hành lá: 1 nhánh, Ngò rí: 1 nhánh, Bột năng: 1,5M, Nước dùng gà: 1 lít, Gia vị: dầu ăn, Bột canh","Ngâm nui với nước lạnh 30′. Cà rốt băm nhỏ. Hành lá, ngò rí cắt nhỏ. Nha đam gọt vỏ, cắt nhỏ. Tôm đập giập, băm sơ, ướp với đầu hành băm, 1/2m bột canh, để thấm. Hành lá phần đầu trắng băm nhỏ, phần lá cắt nhỏ. Hòa tan bột năng với nước.","Nấu súp: Xào chín tôm với dầu, trút ra để riêng. Đổ 1 lít nước dùng vào đun sôi, cho nui vào nấu mềm, thêm cà rốt, nha đam vào nấu chín, nêm 1m bột canh, nếm vị vừa ăn. Cho nước bột năng vào từ từ, khuấy đến khi súp có độ sánh vừa. Sau cùng cho ít dầu ăn vào, đảo nhẹ.","Múc súp ra chén, rắc thêm hành ngò, tiêu trắng, dùng kèm nước tương tùy khẩu vị.",Rửa nha đam qua nước muối loãng trước khi cắt giúp nha đam giảm độ đắng.Đập giập tôm rồi băm sơ để tôm mềm nhưng không nát vụn.Cho thêm ít dầu ăn để xúp có độ bóng bẩy hơn.,Súp nui nha đam tôm thả,7.5,70.0,7.5,1.25,0.5,0.75,0.0,0.25,12.5,0.5,37.5,50.0,6.25,0.25,75.0,200.0
https://monngonmoingay.com/than-heo-chien-gion/,https://monngonmoingay.com/wp-content/smush-webp/2019/04/than-heo-chien-gion-500.jpg.webp,https://www.youtube.com/channel/UC-2EWHDbHnx5JOeyWfLdIxQ,Thăn heo chiên giòn,"Thăn heo được tẩm bột rồi chiên vàng ươm, giòn rụm. Khi cắn nghe rộp rộp vô cùng kích thích vị giác. Món này bé mê mà bố cũng không thể nào chê được nhé các mẹ.",4 người,30 Phút,Dễ,"Chiên, Thịt heo, Các loại rau, Củ quả, Gạo, Cuối tuần, Thực đơn hàng ngày, Bữa tối, Bữa trưa, Giáng sinh, Lễ hội hóa trang, Sinh nhật, Nam, Cha, Mẹ, Người lớn tuổi, Trẻ em","Thịt thăn heo 200g, Tỏi băm, sả băm mỗi loại 1m, Mè rang 1M, Sả cắt lát 2M, Húng lủi, nước cốt chanh, ớt bột paprika, dầu ăn, ĂN KÈM: cơm, dưa leo, cà chua bi, rau mầm, Xốt Mayonnaise Aji-mayo® Vị Nguyên Bản, Aji-Quick® Bột Tẩm Khô Chiên Giòn, Thịt thăn heo 200g, Tỏi băm, sả băm mỗi loại 1m, Mè rang 1M, Sả cắt lát 2M, Húng lủi, nước cốt chanh, ớt bột paprika, dầu ăn, ĂN KÈM: cơm, dưa leo, cà chua bi, rau mầm, Xốt Mayonnaise Aji-mayo® Vị Nguyên Bản, Aji-Quick® Bột Tẩm Khô Chiên Giòn","Thăn heo thái miếng mỏng 2 – 3 ly, ướp với tỏi băm, sả băm, 1m nước cốt chanh, 1/2m ớt bột paprika.","Chiên : Đun nóng dầu ăn, chiên vài lá húng lủi, sả cắt lát rồi vớt ra. Tẩm thịt qua Aji-Quick® Bột Tẩm Khô Chiên Giòn, cho vào dầu, chiên chín vàng giòn. Làm xốt chấm : 3M Xốt Mayonnaise Aji-Mayo®, 1/2M nước cốt chanh, 1/3m ớt bột paprika.","Bày thịt chiên ra dĩa cùng với sả cắt lát chiên, rau mầm, dưa leo, cà chua bi, khi ăn chấm với xốt mayonnaise pha.",Ướp thịt với nước cốt chanh giúp tăng hương vị cho món ăn.,Thăn heo chiên giòn,10.0,162.5,11.25,1.25,0.75,3.75,0.0,0.2,7.5,0.75,30.0,75.0,2.5,2.0,125.0,150.0
https://monngonmoingay.com/dau-hu-nhoi-tom-chien/,https://monngonmoingay.com/wp-content/smush-webp/2019/03/dau-hu-nhoi-tom-chien-500.jpg.webp,https://www.youtube.com/channel/UC-2EWHDbHnx5JOeyWfLdIxQ,Đậu hũ nhồi tôm chiên,"Lớp vỏ ngoài của đậu hũ được chiên giòn rụm, có màu vàng sáng bắt mắt, bên trong là nhân tôm hòa quyện đậu hũ trắng beo béo, dai dai của nấm mèo, thêm chút mùi thơm nhẹ mè rang. Các mẹ cùng vỗ béo gia đình mình bằng món ăn thanh mát, dễ làm này nhé!",4 người,25 Phút,Dễ,"Chiên, Tôm, Nấm, Đậu hũ, Các loại rau, Củ quả, Gạo, Cuối tuần, Thực đơn hàng ngày, Bữa tối, Bữa trưa, Nam, Cha, Mẹ, Người lớn tuổi, Trẻ em","Đậu hũ trắng vuông 2 miếng, (loại trong hộp chữ nhật, dùng để chiên), Tôm tươi bóc vỏ 50g, Nấm mèo ngâm mềm 2 tai nhỏ, Gừng băm 1m, Mè rang 1M, RAU NÊM: Hành lá, ngò rí, ĂN KÈM: cơm, rau mầm, cà chua bi, dưa leo, Gia vị: tiêu, dầu ăn, tương cà,, Xốt Mayonnaise Aji-mayo® Vị Nguyên Bản, Hạt nêm Aji-ngon® Heo, Aji-Quick® Bột Tẩm Khô Chiên Giòn, Đậu hũ trắng vuông 2 miếng, (loại trong hộp chữ nhật, dùng để chiên), Tôm tươi bóc vỏ 50g, Nấm mèo ngâm mềm 2 tai nhỏ, Gừng băm 1m, Mè rang 1M, RAU NÊM: Hành lá, ngò rí, ĂN KÈM: cơm, rau mầm, cà chua bi, dưa leo, Gia vị: tiêu, dầu ăn, tương cà,, Xốt Mayonnaise Aji-mayo® Vị Nguyên Bản, Hạt nêm Aji-ngon® Heo, Aji-Quick® Bột Tẩm Khô Chiên Giòn","Đậu hũ trắng cắt làm 3 miếng, chần sơ qua nước sôi rồi dùng dao khoét 1 ô chữ nhật ở giữa rồi dùng muỗng múc thịt đậu hũ ra, chừa xung quanh và phần đáy lại. Phần thịt đậu hũ vắt ráo, bóp nhuyễn. Tôm tươi cắt hạt lưu nhỏ. Nấm mèo cắt nhỏ. Hành ngò cắt nhỏ. Đồ ăn kèm: Rau mầm rửa sạch, để ráo. Cà bi cắt đôi. Dưa leo cắt lát mỏng 3 ly.","Tạo hình : trộn tôm với đậu hũ bóp nhỏ, nấm mèo và hành ngò, nêm 1/2m hạt nêm Aji-ngon®, 1/4m tiêu, 1m gừng băm, 1M mè rang, trộn đều. Cho hỗn hợp nhân lên miếng đậu hũ đã cắt, tạo hình cho bám chặt. Chiên : đun nóng dầu, tẩm miếng đậu hũ qua Aji-Quick® Bột tẩm khô chiên Giòn, cho vào chảo dầu chiên chín vàng, vớt ra để ráo dầu.","Trình bày: Xếp đậu hũ chiên ra dĩa, xếp rau mầm, cà chua bi, dưa leo xung quanh, trang trí và ăn kèm với tương cà và xốt Mayonnaise Aji-mayo.",Chần qua đậu hũ và vắt ráo giúp nhân có độ dai.Tẩm đậu hũ với bột tẩm khô chiên giòn Aji-Quick® giúp đậu hũ có hương vị thơm ngon và màu sắc đẹp.,Đậu hũ nhồi tôm chiên,6.25,112.5,6.25,1.25,0.75,1.25,0.0,0.125,37.5,0.75,20.0,62.5,5.0,1.25,75.0,150.0
https://monngonmoingay.com/suon-xoc-toi/,https://monngonmoingay.com/wp-content/smush-webp/2019/03/suon-xoc-toi-500.jpg.webp,https://www.youtube.com/channel/UC-2EWHDbHnx5JOeyWfLdIxQ,Sườn xóc tỏi,"Sườn chiên có màu vàng sáng, mềm thơm, đậm đà cùng hòa quyện với mùi tỏi phi thơm lừng, thêm chút vị cay cay của ớt sừng làm cho món ăn vô cùng hấp dẫn. Sườn Xóc Tỏi là món ăn đơn giản, dễ nấu mà lại hợp với mọi nhà nữa đó các mẹ.",4 người,20 Phút,Dễ,"Chiên, Thịt heo, Rau củ quả khác, Củ quả, Gạo, Cuối tuần, Thực đơn hàng ngày, Bữa tối, Bữa trưa, Giáng sinh, Lễ hội hóa trang, Sinh nhật, Nam, Cha, Mẹ, Người lớn tuổi, Trẻ em","Sườn non (thịt dày) 500g, Hành tây 1/2 trái, Ớt sừng 1 trái, Ngò gai 2 cây, Tỏi củ 1 củ to, Nước cốt hành tỏi 2M, ĂN KÈM: Cơm, dưa leo, Gia vị: tiêu, dầu ăn, tương ớt, tỏi băm, tỏi phi, ớt băm, Aji-Quick® Bột Tẩm Khô Chiên Giòn, Xốt Mayonnaise Aji-mayo® Vị Nguyên Bản, Sườn non (thịt dày) 500g, Hành tây 1/2 trái, Ớt sừng 1 trái, Ngò gai 2 cây, Tỏi củ 1 củ to, Nước cốt hành tỏi 2M, ĂN KÈM: Cơm, dưa leo, Gia vị: tiêu, dầu ăn, tương ớt, tỏi băm, tỏi phi, ớt băm, Aji-Quick® Bột Tẩm Khô Chiên Giòn, Xốt Mayonnaise Aji-mayo® Vị Nguyên Bản","Sườn non chặt miếng dài khoảng 3cm, khứa ngang phần thịt cho mềm, ướp với 2M nước cốt hành tỏi và 1/2m tiêu, để thấm. Hành tây cắt múi cau 1cm. Ớt sừng chẻ đôi, bỏ hạt, cắt khúc 3cm. Ngò gai cắt khúc 2cm. Tỏi tách tép, lột vỏ, đập dập.","Luộc sườn : Cho sườn vào nồi nhỏ với 1 chén nước, đậy nắp nấu khoảng 5 phút cho sườn chín tới lấy ra để ráo. Chiên sườn : đun nóng dầu cho tỏi tép vào chiên giòn vớt ra, dùng 1 gói Aji-Quick® Bột tẩm khô chiên Giòn để tẩm sườn, đun nóng dầu, cho sườn vào chiên đến khi chín vàng, vớt ra để ráo dầu. Pha xốt mayonnaise chấm : trộn 3M Xốt mayonnaise Aji-mayo® với 1M tương ớt, 1m tỏi phi, 1m ớt băm. Xóc tỏi : phi thơm tỏi băm, cho phần nước luộc sườn vào nấu sôi, cho sườn, hành tây, ớt sừng, ngò gai vào xóc đều rồi tắt lửa.","Cho sườn xóc tỏi ra dĩa, xếp dưa leo bên cạnh, dùng nóng với cơm.",Luộc sườn trước giúp sườn có độ mềm và thơm.Tẩm sườn với Aji-Quick® Bột tẩm khô chiên Giòn nên không cần ướp sườn với gia vị khác.,Sườn xóc tỏi,6.25,300.0,16.25,2.0,0.75,3.75,0.0,0.375,10.0,1.0,37.5,100.0,2.5,7.5,125.0,200.0
https://monngonmoingay.com/mi-tau-hu-ca-hoi/,https://monngonmoingay.com/wp-content/smush-webp/2019/03/mi-tau-hu-ca-hoi-500.jpg.webp,https://www.youtube.com/channel/UC-2EWHDbHnx5JOeyWfLdIxQ,Mì tàu hũ cá hồi,"Cá hồi có màu vàng đẹp mắt, bên ngoài giòn, ngọt bên trong. Rau củ xào vừa chín tới có màu xanh, đỏ tự nhiên của cà rốt, bông cải. Sợi mì dai dai thêm sốt tương cà chua nhẹ, ăn cùng với cá hồi giòn tan, rau củ xanh tươi ăn hoài không ngán luôn các mẹ ơi!",4 người,30 Phút,Dễ,"Chiên, Món Xào, Cá, Cà rốt, Nấm, Rau củ quả khác, Củ quả, Các loại rau, Cuối tuần, Thực đơn hàng ngày, Bữa tối, Bữa trưa, Nam, Cha, Mẹ, Người lớn tuổi, Trẻ em","Cá hồi phi lê 200g, (chọn miếng có phần thịt dày), Mì tàu hũ 200g, Bông cải 50g, Nấm linh chi nâu 50g, Nấm kim châm 50g, Cà rốt 50g, Bông hẹ 50g, Gừng non cắt sợi 1M, RAU NÊM: Húng lủi, ớt sừng cắt sợi, Gia vị: tiêu, dầu hào, dầu ăn, tương cà, Hạt nêm Aji-ngon® Heo, Nước tương ""Phú Sĩ"", Xốt Mayonnaise Aji-mayo® Vị Nguyên Bản, Aji-Quick® Bột Tẩm Khô Chiên Giòn, Cá hồi phi lê 200g, (chọn miếng có phần thịt dày), Mì tàu hũ 200g, Bông cải 50g, Nấm linh chi nâu 50g, Nấm kim châm 50g, Cà rốt 50g, Bông hẹ 50g, Gừng non cắt sợi 1M, RAU NÊM: Húng lủi, ớt sừng cắt sợi, Gia vị: tiêu, dầu hào, dầu ăn, tương cà, Hạt nêm Aji-ngon® Heo, Nước tương ""Phú Sĩ"", Xốt Mayonnaise Aji-mayo® Vị Nguyên Bản, Aji-Quick® Bột Tẩm Khô Chiên Giòn","Bông cải cắt miếng vừa ăn. Nấm linh chi, kim châm tách nhỏ. Cà rốt cắt sợi. Bông hẹ cắt khúc 4cm. Chần rau : đun sôi nước, nêm vào 1m hạt nêm Aji-ngon, cho bông cải vào trụng sơ, vớt ra để ráo. Sau đó cho mì đậu hũ vào trụng nhanh, vớt ra để ráo.","Xào mì : phi thơm gừng, cho rau củ vào xào lửa lớn, nêm 1m Hạt nêm Aji-ngon®, 1M dầu hào, 1M nước tương “Phú Sĩ”, xào nhanh rồi cho mì vào. Xào rau củ vừa chín thì tắt lửa, cho ra dĩa. Tạo hình : cá hồi cắt miếng dài mỏng, tẩm qua Aji-Quick® Bột tẩm khô chiên Giòn rồi cuộn tròn lại như bông hoa, dùng tăm ghim lại. Phần còn lại cắt que tẩm qua bột Aji-Quick® Chiên cá : đun nóng dầu ăn, cho cá hồi đã tẩm bột vào chiên vàng giòn, vớt ra để ráo dầu.","Trình bày: cho mì đậu hũ xào rau củ ra dĩa, xếp cá hồi lên trên. Topping với mayonnaise và tương cà, khi ăn trộn đều.","Trụng mì trước khi xào để khi xào nhanh để giữ nhiệt độ món ăn nóng đều.Chiên cá hồi với Aji-Quick® Bột tẩm khô chiên Giòn giúp cá nhanh chín và giữ được chất dinh dưỡng bên trong, có hương vị vừa ăn.",Mì tàu hũ cá hồi,8.75,150.0,11.25,2.0,1.75,7.5,3.0,0.75,37.5,0.75,25.0,100.0,12.5,1.25,150.0,200.0
https://monngonmoingay.com/salad-hat-chia/,https://monngonmoingay.com/wp-content/smush-webp/2019/02/salad-hat-chia.jpg.webp,https://www.youtube.com/channel/UC-2EWHDbHnx5JOeyWfLdIxQ,Salad hạt chia,"Mẹ đau đầu vì chưa tìm được món nào vừa ngon, lại vừa tốt cho sức khỏe? Uống ngay pana…, à không thử ngay món Salad Hạt Chia nhé! Với vị chua nhẹ của chanh, kết hợp cùng vị ngọt của xoài và độ béo, sánh của xốt Mayonnaise, Salad hạt chia hứa hẹn sẽ là món đưa cơm vô cùng bổ dưỡng cho cả nhà.",4 người,25 Phút,Dễ,"Gỏi/Trộn, Rau củ quả khác, Củ quả, Cuối tuần, Thực đơn hàng ngày, Bữa tối, Bữa trưa, Sinh nhật, Các món ăn kèm, món phụ, Nam, Cha, Mẹ, Người lớn tuổi, Trẻ em","Hạt chia 2m, Xà lách giòn 100g, Nho khô 1M, Chuối già 1 quả, Xoài chín giòn 1/2 trái, Sả cây 2 cây, Dâu tây 6-8 trái, Gia vị: dầu ô liu, mật ong, nước chanh, Xốt Mayonnaise Aji-mayo® Vị Nguyên Bản, Hạt chia 2m, Xà lách giòn 100g, Nho khô 1M, Chuối già 1 quả, Xoài chín giòn 1/2 trái, Sả cây 2 cây, Dâu tây 6-8 trái, Gia vị: dầu ô liu, mật ong, nước chanh, Xốt Mayonnaise Aji-mayo® Vị Nguyên Bản","Sả cây đập dập. Xà lách giòn cắt khúc. Chuối già cắt khoanh. Xoài cắt vuông cờ. Dâu tây cắt lát. Đun sôi 2/3 chén nước cùng 2 cây sả đập dập, để nguội, sau đó lấy 1/2 chén nước sả cho vào 2m hạt chia ngâm nở trong 10′. Nho khô ngâm nước ấm cho nở.","Pha xốt trộn : cho 3M dầu ô liu, 2M mật ong, 2M nước cốt chanh và hạt chia ngâm nở vào khuấy đều. Trộn salad : cho xà lách, nho khô, xoài cùng dâu tây và chuối vào tô trộn salad, cho hết lượng xốt vào trộn đều.","Trình bày salad ra dĩa, trang trí Xốt Mayonnaise Aji-Mayo® lên trên.",Vắt 1 chút chanh vào chuối để chuối không bị thâm.Nho khô phải ngâm nước ấm cho nở trước khi trộn salad.,Salad hạt chia,11.25,87.5,1.25,7.5,2.0,12.5,0.0,0.0,12.5,0.25,1.25,17.5,10.0,0.75,100.0,20.0
https://monngonmoingay.com/lau-tom-cang/,https://monngonmoingay.com/wp-content/smush-webp/2019/01/lau-tom-cang.jpg.webp,https://www.youtube.com/channel/UC-2EWHDbHnx5JOeyWfLdIxQ,Lẩu tôm càng,"Tôm càng với màu đỏ đặc trưng bắt mắt, vị chua chua, cay cay quen thuộc, nhúng với chút rau, ngon làm sao. Nồi Lẩu Tôm Càng quá lý tưởng cho buổi họp mặt cuối năm cùng bạn bè và đồng nghiệp.",4 người,20 Phút,Dễ,"Lẩu, Tôm, Cà chua, Khác, Các loại rau, Rau củ quả khác, Cuối tuần, Thực đơn hàng ngày, Bữa tối, Bữa trưa, Sinh nhật, Nam, Cha, Mẹ, Người lớn tuổi, Trẻ em","Tôm càng lóng (18con/kg) 8 con, Thơm 1/4 trái, Cà chua 2 quả, Tỏi băm 2M, Nước cốt dừa 2M, Bột cà ry, dầu ăn, RAU NÊM: húng quế, ĂN KÈM: bún, nước mắm, ớt hiểm, kèo nèo, Rau muống, bông so đũa vàng, nấm linh chi, Gia vị nêm sẵn Aji-Quick® Lẩu Thái, Tôm càng lóng (18con/kg) 8 con, Thơm 1/4 trái, Cà chua 2 quả, Tỏi băm 2M, Nước cốt dừa 2M, Bột cà ry, dầu ăn, RAU NÊM: húng quế, ĂN KÈM: bún, nước mắm, ớt hiểm, kèo nèo, Rau muống, bông so đũa vàng, nấm linh chi, Gia vị nêm sẵn Aji-Quick® Lẩu Thái","Cà chua 1 quả cắt múi cau, 1 quả cắt nhỏ. Thơm cắt nhỏ. Tôm cắt bỏ chân và râu tôm, xiên vào que tre. Chuẩn bị rau ăn kèm: kèo nèo, rau muống, bông so đũa vàng, nấm linh chi … xếp ra đĩa.","Nấu nước lẩu: phi thơm tỏi với 5M dầu ăn, cho thơm và cà chua vào đảo đều, thêm 1m bột càri, xào nhanh nhỏ lửa cho thơm, sau đó cho 1,5 lít nước vào nấu sôi, nêm 1 gói Aji-Quick® Gia vị nêm sẵn Lẩu Thái, cuối cùng cho 2M cốt dừa vào khuấy đều.","Thả xiên tôm vào nồi nước lẩu, nấu chín, thêm rau tùy thích. Dùng chung với bún, nước mắm và ớt cắt lát.","Xào thơm cà tạo mùi vị thơm ngọt và màu đẹp mắt.Món lẩu có thêm bột cà ry, cốt dừa tạo hương vị mới lạ.",Lẩu tôm càng,8.75,87.5,6.25,3.75,1.25,7.5,0.0,0.25,20.0,0.5,37.5,50.0,6.25,2.0,100.0,300.0
https://monngonmoingay.com/suon-sun-om-hanh-phi/,https://monngonmoingay.com/wp-content/smush-webp/2019/01/suon-sun-om-hanh-phi.jpg.webp,https://www.youtube.com/channel/UC-2EWHDbHnx5JOeyWfLdIxQ,Sườn sụn om hành phi,"Sườn sụn nhìn mềm nước om sóng sánh với hành phi thơm nức tạo hương vị mới lạ. Bữa cơm có sườn sụn om hành phi, thêm rau xanh chấm nước sườn om, ăn cùng cơm là ngon hết sẩy.",4 người,45 Phút,Dễ,"Om/Rim, Kho, Thịt heo, Rau củ quả khác, Các loại rau, Củ quả, Cuối tuần, Thực đơn hàng ngày, Bữa tối, Bữa trưa, Nam, Cha, Mẹ, Trẻ em","Sườn sụn 3cm 300g, Củ năng 100g, Hành phi 50g, Tỏi băm 1M, Nước dừa 1 quả, RAU NÊM: hành hoa, ớt sợi, ĂN KÈM: cơm, xà lách, dưa leo, rau thơm, Dầu ăn, dầu hào, rượu trắng, Nước tương ""Phú Sĩ"", Hạt nêm Aji-ngon® Heo, Sườn sụn 3cm 300g, Củ năng 100g, Hành phi 50g, Tỏi băm 1M, Nước dừa 1 quả, RAU NÊM: hành hoa, ớt sợi, ĂN KÈM: cơm, xà lách, dưa leo, rau thơm, Dầu ăn, dầu hào, rượu trắng, Nước tương ""Phú Sĩ"", Hạt nêm Aji-ngon® Heo","Ướp sườn với 1M nước tương “Phú Sĩ”, 1m Hạt nêm Aji-ngon®, để thấm 15 phút.","Phi thơm tỏi, cho sườn và 1M rượu trắng vào xào săn, thêm củ năng, hành phi, nước dừa, nêm 1M dầu hào. Om nhỏ lửa đến khi sườn mềm, nếm vị vừa ăn. Nước om còn xấp mặt thịt.","Cho hành hoa và ớt sợi lên trên, dùng nóng với cơm, chấm cùng rau dưa.",Chọn sườn có cọng sụn nhỏ để om mau mềm.Ướp sườn với nước tương để sườn thơm và thấm màu bên trong.,Sườn sụn om hành phi,8.75,137.5,8.75,3.75,1.25,2.0,0.0,0.125,12.5,0.75,22.5,62.5,3.75,2.5,100.0,150.0
https://monngonmoingay.com/lau-bau-cua/,https://monngonmoingay.com/wp-content/smush-webp/2018/11/lau-bau-cua.jpg.webp,https://www.youtube.com/channel/UC-2EWHDbHnx5JOeyWfLdIxQ,Lẩu bầu cua,"Món lẩu là sự kết hợp tuyệt vời của cua, hoà quyện với bầu cùng nấm ngon bổ dưỡng. Tổ chức ăn lẩu cuối tuần mùa này là nhất, phải không các mẹ?",4 người,30 Phút,Dễ,"Lẩu, Hải sản khác, Nấm, Rau củ quả khác, Khác, Các loại rau, Củ quả, Phở / bún / hủ tiếu / miến, Cuối tuần, Thực đơn hàng ngày, Bữa tối, Bữa trưa, Sinh nhật, Nam, Cha, Mẹ, Người lớn tuổi, Trẻ em","Cua biển 2 con, Củ cải trắng 1 củ nhỏ, Bầu sao 1 quả, Gừng 1/2 củ nhỏ, Hành tỏi băm 2M, ĂN KÈM: Mồng tơi, nấm kim châm, hành lá, nấm đùi gà, rau nhút, rau tần ô, miến, Gia vị: muối, tiêu, chanh, dầu ăn, Gia vị nêm sẵn Aji-Quick® Lẩu Thái, Cua biển 2 con, Củ cải trắng 1 củ nhỏ, Bầu sao 1 quả, Gừng 1/2 củ nhỏ, Hành tỏi băm 2M, ĂN KÈM: Mồng tơi, nấm kim châm, hành lá, nấm đùi gà, rau nhút, rau tần ô, miến, Gia vị: muối, tiêu, chanh, dầu ăn, Gia vị nêm sẵn Aji-Quick® Lẩu Thái","Cua rửa sạch, tách bỏ phần yếm và các lông cua phía bên trong yếm. Tách phần mai cua và bẻ đôi phần thân, lấy gạch cua ra để riêng, vắt ít nước cốt chanh vào gạch cua. Xếp cua ra dĩa. Cắt đầu nhọn của chân cua và đập dập càng cua. Củ cải trắng và bầu cắt miếng vừa ăn. Nấm kim châm, rau tần ô, mồng tơi, rau nhút nhặt sạch, xếp ra dĩa. Gừng đập dập.","Phi thơm 2M hành tỏi băm với 4M dầu ăn, cho gạch cua vào xào thơm rồi đổ 1.5L nước vào, nấu sôi, nêm 1 gói Aji-Quick® Gia vị nêm sẵn Lẩu Thái vào, khuấy đều rồi cho tiếp củ cải trắng và gừng đập dập vào nấu 5-7 phút cho cua chín rồi tắt lửa.","Bày nước dùng lẩu ra nồi lẩu, khi ăn nhúng các loại rau vào nấu chín, dùng kèm miến. Chấm cua với muối tiêu chanh tùy khẩu vị.",Vắt chanh vào phần gạch cua để khử mùi tanh.,Lẩu bầu cua,8.75,112.5,11.25,2.5,1.25,6.25,0.0,0.5,37.5,1.0,37.5,75.0,12.5,1.25,125.0,300.0
https://monngonmoingay.com/ga-vien-pho-mai-chien-gion/,https://monngonmoingay.com/wp-content/smush-webp/2018/11/ga-vien-pho-mai-chien-gion-500.jpg.webp,https://www.youtube.com/channel/UC-2EWHDbHnx5JOeyWfLdIxQ,Gà viên phô mai chiên giòn,"Ôi, Gà viên phô mai đây rồi – dai, gòn, đậm vị! “Bí kíp” gà vàng giòn với phô mai béo bên trong sẽ khiến bé thích mê, bố ăn phê là đây. Chấm thêm sốt chua ngọt là “cặp đôi hoàn hảo” nè mẹ ơi. Cùng xắn tay áo thực hiện, các mẹ ơi!",4 người,30 Phút,Dễ,"Chiên, Thịt gà, Thịt heo, Khác, Các loại thịt khác, Củ quả, Cuối tuần, Thực đơn hàng ngày, Bữa tối, Bữa trưa, Giáng sinh, Lễ hội hóa trang, Sinh nhật, Cha, Mẹ, Người lớn tuổi, Trẻ em","Thịt ức gà (cả phần da) 150g, Giò sống 100g, Phô mai dạng viên 8 viên, Ngò rí 1 cây, Gừng non 1 củ, Ớt sừng 1/2 trái, Ăn kèm: xà lách dầu giấm, cà chua bi, húng lủi, Gia vị: Dầu ăn, tương cà, Xốt Mayonnaise Aji-mayo® Vị Nguyên Bản, Aji-Quick® Bột Tẩm Khô Chiên Giòn, Thịt ức gà (cả phần da) 150g, Giò sống 100g, Phô mai dạng viên 8 viên, Ngò rí 1 cây, Gừng non 1 củ, Ớt sừng 1/2 trái, Ăn kèm: xà lách dầu giấm, cà chua bi, húng lủi, Gia vị: Dầu ăn, tương cà, Xốt Mayonnaise Aji-mayo® Vị Nguyên Bản, Aji-Quick® Bột Tẩm Khô Chiên Giòn",Thịt ức gà băm nhuyễn. Ngò rí cắt nhuyễn. Gừng băm nhuyễn. Ớt sừng bỏ hạt cắt nhỏ.,"Tạo hình : cho thịt gà vào tô với 1M ngò rí, 1M gừng băm và ớt sừng, thêm 1m Aji-Quick bột tẩm khô chiên giòn, trộn đều rồi cho giò sống vào quết đều, chia thành 8 phần nhỏ đều nhau. Lấy 1 phần thịt gà viên thành viên tròn rồi ấn dẹp, cho 1 viên phô mai vào giữa rồi viên tròn lại. Lần lượt tạo hình hết lượng nhân. Chiên : Tẩm viên gà phô mai qua Aji-Quick® bột tẩm khô chiên giòn, cho vào chảo dầu nóng chiên chín vàng, vớt ra để ráo dầu. Pha xốt chấm : 3M xốt mayonnaise Aji-mayo, 2M tương cà, trộn đều.","Xếp gà viên chiên giòn ra dĩa cùng với salad dầu giấm, cà chua bi và rau húng lủi, trang trí xốt mayonnaise lên trên. Khi ăn chấm với xốt mayonnaise trộn tương cà. Dùng nóng.","Ướp thịt gà với Bột tẩm khô chiên giòn Aji-Quick® giúp nhân được ráo, có độ kết dính và có vị vừa ăn mà không cần phải thêm gia vị khác.Bột tẩm khô chiên giòn Aji-Quick giúp món chiên có độ giòn nhẹ, màu đẹp, vị vừa ăn, chế biến nhanh chóng và tiện lợi.",Gà viên phô mai chiên giòn,6.25,137.5,11.25,1.25,0.5,1.25,0.25,0.125,37.5,0.375,37.5,75.0,3.75,3.75,87.5,200.0
https://monngonmoingay.com/muop-khia-xao-muc/,https://monngonmoingay.com/wp-content/smush-webp/2018/10/muop-khia-xao-muc-500.jpg.webp,https://www.youtube.com/channel/UC-2EWHDbHnx5JOeyWfLdIxQ,Mướp khía xào mực,"Mướp Khía Xào Mực giòn nhẹ, ngọt sâu món bắt cơm cuối tuần này của mẹ là đây. Thêm ngay vào bữa cơm trưa của mình các mẹ nhé!",4 người,30 Phút,Dễ,"Món Xào, Mực/Bạch tuộc, Nấm, Rau củ quả khác, Các loại rau, Khác, Cuối tuần, Thực đơn hàng ngày, Bữa trưa, Bữa tối, Nam, Cha, Mẹ, Người lớn tuổi, Trẻ em","Mướp khía 300g, Mực ống 200g, Nấm mèo ngâm nở 30g, Đậu phộng rang 20g, Hành tím băm 1m, Gừng cắt sợi 1M, Ớt sừng 1 trái, Rau răm 1 ít, Gia vị: dầu ăn, rượu trắng, tiêu, bột năng, Hạt nêm Aji-ngon® Heo, Mướp khía 300g, Mực ống 200g, Nấm mèo ngâm nở 30g, Đậu phộng rang 20g, Hành tím băm 1m, Gừng cắt sợi 1M, Ớt sừng 1 trái, Rau răm 1 ít, Gia vị: dầu ăn, rượu trắng, tiêu, bột năng, Hạt nêm Aji-ngon® Heo","Mướp cắt khoanh tròn dày 0.6cm. Nấm mèo cắt sợi 1cm, ướp với 1/2m tiêu. Đậu phộng rang giã sơ. Rau răm cắt nhỏ. Ớt sừng cắt lát xéo. Mực ống cắt khoanh 1cm, ướp 1m hạt nêm Aji-ngon®, 1 ít tiêu, 1m hành tím băm, 1/2m bột năng, để thấm.","Đun nóng chảo không dính, cho mướp vào áp chảo không dầu đến khi mướp vừa chín, cho ra dĩa. Phi thơm gừng, cho mực vào xào săn, cho nấm mèo vào xào chín, cho tiếp mướp vào, nêm 1/2M hạt nêm Aji-ngon®, xốc đều, cho rau răm và ớt sừng vào, tắt lửa.","Cho mướp xào mực ra dĩa, dùng nóng với cơm.",Mướp cắt khoanh tròn đều nhau sẽ giúp mướp có độ chín đều và giữ được độ giòn.Ướp mực với bột năng để mực không bị ra nước khi xào.,Mướp khía xào mực,5.0,87.5,8.75,2.0,1.25,6.25,0.0,0.375,20.0,0.75,50.0,62.5,7.5,0.75,125.0,100.0
https://monngonmoingay.com/tom-xot-nu-bach-hoa/,https://monngonmoingay.com/wp-content/smush-webp/2018/10/tom-xot-nu-bach-hoa-500.jpg.webp,https://www.youtube.com/channel/UC-2EWHDbHnx5JOeyWfLdIxQ,Tôm xốt nụ bạch hoa,"Thực đơn đẹp mắt, vừa ngon vừa giòn, lại siêu dễ làm để cả nhà cùng ăn mừng ngày 20/10 của mẹ nhé. Chúc các Mẹ một ngày 20/10 thật vui vẻ và luôn xinh tươi!",4 người,30 Phút,Dễ,"Chiên, Tôm, Trứng, Khác, Rau củ quả khác, Cuối tuần, Thực đơn hàng ngày, Bữa tối, Bữa trưa, Giáng sinh, Lễ hội hóa trang, Sinh nhật, Nam, Cha, Mẹ, Người lớn tuổi, Trẻ em","Tôm sú (size 50-60 con/kg) 300g, Bột mì 100g, Bôt xù 200g, Trứng gà 2 quả, Nụ bạch hoa ngâm giấm 1M, Sữa đặc có đường 1M, Lá hẹ sẻ 50g, Gia vị: dầu ăn, nước mắm, tương ớt, Hạt nêm Aji-ngon® Heo, Xốt Mayonnaise Aji-mayo® Vị Nguyên Bản, Tôm sú (size 50-60 con/kg) 300g, Bột mì 100g, Bôt xù 200g, Trứng gà 2 quả, Nụ bạch hoa ngâm giấm 1M, Sữa đặc có đường 1M, Lá hẹ sẻ 50g, Gia vị: dầu ăn, nước mắm, tương ớt, Hạt nêm Aji-ngon® Heo, Xốt Mayonnaise Aji-mayo® Vị Nguyên Bản","Hẹ cắt nhỏ. Trứng gà 1 quả luộc chín, băm nhỏ. Quả còn lại đánh tan. Băm nhỏ nụ bạch hoa. Tôm lột vỏ bỏ đầu chừa đuôi, lấy chỉ lưng rồi khứa bụng vuốt cho thẳng. Ướp tôm với 1m hạt nêm Aji-ngon® và hẹ.","Chiên tôm : Tẩm tôm lần lượt qua bột mì khô, nhúng qua trứng rồi lăn qua bột xù, để lạnh 30′. Cho tôm vào chảo dầu nóng, chiên tôm xấp dầu đến khi chín, vớt ra để ráo dầu. Pha xốt nụ bạch hoa : 4M xốt mayonnaise Aji-mayo®, 1M tương ớt, 1M sữa đặc, 2M trứng gà băm, 1/4m nước mắm, cho nụ bạch hoa vào trộn đều.","Xếp tôm chiên ra dĩa, dùng nóng, chấm với xốt nụ bạch hoa.",Khứa phần bụng tôm để vuốt tôm được thẳng.Ướp tôm với hẹ sẻ tạo hương vị mới lạ và màu sắc bắt mắt cho món ăn.,Tôm xốt nụ bạch hoa,18.75,200.0,13.75,3.75,0.75,0.75,0.25,0.375,25.0,0.625,62.5,87.5,7.5,3.75,75.0,175.0
https://monngonmoingay.com/ca-hoi-nuong-mia/,https://monngonmoingay.com/wp-content/smush-webp/2018/10/ca-hoi-nuong-mia-500-min.jpg.webp,https://www.youtube.com/channel/UC-2EWHDbHnx5JOeyWfLdIxQ,Cá hồi nướng mía,TADA! #MónNgonMỗiNgày MỚI ĐÃ XUẤT HIỆN! #MónNgonMỗiNgày đánh dấu thời hồi xuân “thay áo mới” bằng màn tranh tài sôi động của các đội Đầu Bếp & MC dễ thương. Xem ngay để biết món ăn nào vừa bổ dưỡng vừa chế biến nhanh trong tích tắc nhé!,4 người,30 Phút,Dễ,"Nướng, Quay/Rôti, Cá, Thịt heo, Các loại thịt khác, Cuối tuần, Thực đơn hàng ngày, Bữa tối, Bữa trưa, Giáng sinh, Lễ hội hóa trang, Sinh nhật, Nam, Cha, Mẹ, Trẻ em, Người lớn tuổi","Cá hồi filet nguyên da 300g, Thịt ba rọi xông khói 150g, Mía chẻ 16 khúc (đã cắt như làm chạo tôm), Mía chẻ 16 khúc (đã cắt như làm chạo tôm), Gia vị: tiêu, nước cốt chanh, mật ong, tương ớt, Hạt nêm Aji-ngon® Heo, Xốt Mayonnaise Aji-mayo® Vị Nguyên Bản, Cá hồi filet nguyên da 300g, Thịt ba rọi xông khói 150g, Mía chẻ 16 khúc (đã cắt như làm chạo tôm), Mía chẻ 16 khúc (đã cắt như làm chạo tôm), Gia vị: tiêu, nước cốt chanh, mật ong, tương ớt, Hạt nêm Aji-ngon® Heo, Xốt Mayonnaise Aji-mayo® Vị Nguyên Bản","Cá hồi cắt lát dày 0.3-0.4 cm, ướp với 1M nước chanh, 1/2m Hạt nêm Aji-ngon® Heo, 2/3m tiêu, 1M mật ong, để thấm.","Quấn miếng cá xung quanh cọng mía, tiếp tục quấn 1 lớp thịt ba rọi xông khói bên ngoài, ghim tăm để cố định. Đem áp chảo cho sém miếng ba rọi xông khói là được.","Xếp cá hồi nướng mía ra dĩa, khi ăn chấm với xốt Mayonnaise Aji-Mayo pha với tương ớt theo tỉ lệ 1:1. Trang trí với xốt Mayonnaise AjiMayo vẽ ziczag trên món ăn cho đẹp mắt.","Ướp nước cốt chanh giúp cá thơm và cân bằng vị với thịt ba rọi xông khói.Khi áp chảo đặt phần bìa của miếng thịt ba rọi xông khói áp vào mặt chảo, giúp định hình cuốn đẹp hơn.CÔNG THỨC MÓN NGON TẬP ĐẶC BIỆT KỶ NIỆM 10 NĂM:–Canape cá hồi xông khói–Gỏi cuốn cá hồi–Cá hồi nướng mía–Cá hồi chiên sốt chanh",Cá hồi nướng mía,3.75,300.0,18.75,2.5,0.25,1.25,3.75,1.25,12.5,0.75,50.0,175.0,5.0,10.0,200.0,250.0
https://monngonmoingay.com/sandwich-cuon-thit-cua/,https://monngonmoingay.com/wp-content/smush-webp/2018/09/sandwich-cuon-thit-cua-500-min.jpg.webp,https://www.youtube.com/channel/UC-2EWHDbHnx5JOeyWfLdIxQ,Sandwich cuộn thịt cua,"Món sandwich truyền thống được phá cách đầy hấp dẫn với thịt cua. Vị hoàn toàn mới lạ, cái mặn mòi của cua pha trộn cái chua ngọt của rau củ. Lớp bột chiên giòn giòn càng thổi bùng sự hoà quyện ấy. Ngon tuyệt vời, không thể lỡ!",4 người,30 Phút,Dễ,"Khác, Hải sản khác, Nấm, Rau củ quả khác, Bánh mì, Các loại rau, Củ quả, Cuối tuần, Thực đơn hàng ngày, Bữa sáng, Giáng sinh, Lễ hội hóa trang, Cha, Mẹ, Người lớn tuổi, Trẻ em","Thịt cua 100g, Nấm rơm 50g, Hành tây 50g, Ớt chuông vàng 50g, Sandwich lạt 10 miếng, Tỏi băm 1 M, Tiêu, dầu ăn, RAU NÊM: thì là, ĂN KÈM: xà lách, cà chua bi, Xốt Mayonnaise Aji-mayo® Vị Nguyên Bản, Hạt nêm Aji-ngon® Heo, Aji-Quick® Bột Chiên Giòn, Thịt cua 100g, Nấm rơm 50g, Hành tây 50g, Ớt chuông vàng 50g, Sandwich lạt 10 miếng, Tỏi băm 1 M, Tiêu, dầu ăn, RAU NÊM: thì là, ĂN KÈM: xà lách, cà chua bi, Xốt Mayonnaise Aji-mayo® Vị Nguyên Bản, Hạt nêm Aji-ngon® Heo, Aji-Quick® Bột Chiên Giòn","Cua nhặt sạch xương. Sandwich cắt bỏ viền và cán mỏng. Thì là cắt nhỏ. Nấm rơm luộc chín. Nấm rơm, hành tây, ớt chuông vàng cắt hạt lựu nhỏ.","Xào nhân cua : phi thơm tỏi băm, cho thịt cua vào xào, nêm 1/2m tiêu và thì là, đảo đều rồi cho lần lượt nấm rơm, hành tây, ớt chuông vào, nêm thêm 1m Hạt nêm Aji-ngon®, xào rau củ vừa chín thì tắt lửa. Chờ nhân nguội trộn với 2M xốt Mayonnaise Aji-Mayo®. Cuộn : cho sandwich cán mỏng ra dĩa, múc 1M nhân thịt cua cho lên phần đều sandwich rồi cuộn tròn lại, dùng xốt Mayonnaise Aji-Mayo® dán phần mép sandwich cho dính lại. Chiên : pha 1 gói Aji-Quick® Bột Chiên Giòn với 150ml nước, thêm vào 1M dầu ăn, khuấy đều. Đun nóng dầu, dùng đũa gắp cuộn sandwich nhúng vào hỗn hợp bột rồi cho vào chiên với lửa vừa, đảo cho cuộn sandwich chín vàng đều. Vớt ra giấy thấm dầu.","Trình bày sandwich cuộn thịt cua ra dĩa với xà lách và cà chua bi, chấm với tương ớt.",Cho thì là vào trước trong khi xào thịt cua giúp khử mùi cho thịt cua.Cho dầu ăn vào hỗn hợp bột chiên giòn sẽ giúp cho bột sau khi chiên được bóng hơn.,Sandwich cuộn thịt cua,11.25,112.5,6.25,2.0,1.25,6.25,0.125,0.375,20.0,0.625,20.0,50.0,7.5,1.25,87.5,125.0
https://monngonmoingay.com/bun-bo-gio-heo/,https://monngonmoingay.com/wp-content/smush-webp/2018/08/bun-bo-gio-heo-500-min.jpg.webp,https://www.youtube.com/channel/UC-2EWHDbHnx5JOeyWfLdIxQ,Bún bò giò heo,Món ăn thân thuộc gây thương nhớ Bún bò giò heo. Vị cay nồng cùng với mùi thơm lừng ngây ngất khiến ai cũng phải hít hà. Bí quyết chính là sự hoà quyện của mọi nguyên liệu với nước dùng tinh tuý. Cùng bắt tay làm thử món ăn đặc sản xứ Huế nào!,4 người,30 Phút,Dễ,"Khác, Thịt bò, Thịt heo, Rau củ quả khác, Khác, Các loại thịt khác, Các loại rau, Củ quả, Phở / bún / hủ tiếu / miến, Cuối tuần, Thực đơn hàng ngày, Bữa sáng, Bữa tối, Bữa trưa, Trung, Cha, Mẹ, Người lớn tuổi, Trẻ em","Giò heo 4 khoanh, Chả Huế cây 4 cây, Nạm bò 200g, Sả cây 5 cây, Hành tây 1/4 củ, Rau răm 20g, Hành lá 2 cây, Bún bò tươi 800g, Màu điều 1M, ĂN KÈM: Mắm ruốc, sa tế, hoa chuối bào, rau muống bào, giá, húng cây, húng quế., Gia vị nêm sẵn Aji-Quick® Bún Bò Huế, Giò heo 4 khoanh, Chả Huế cây 4 cây, Nạm bò 200g, Sả cây 5 cây, Hành tây 1/4 củ, Rau răm 20g, Hành lá 2 cây, Bún bò tươi 800g, Màu điều 1M, ĂN KÈM: Mắm ruốc, sa tế, hoa chuối bào, rau muống bào, giá, húng cây, húng quế., Gia vị nêm sẵn Aji-Quick® Bún Bò Huế","Sả cây đập dập. Chần giò heo và nạm bò trong nước sôi, xả qua nước lạnh. Hành tây cắt lát mỏng. Hành lá, rau răm cắt nhỏ, cho vào chén. Chần bún bò qua nước sôi cho tơi. Chuẩn bị dĩa rau ăn kèm: hoa chuối, rau muống, giá, húng cây, húng quế.","Nấu nước dùng : Sử dụng nồi áp suất, cho 1L nước vào, nêm 1/2 gói Aji-Quick Gia vị nêm sẵn Bún Bò Huế, cho giò heo, thịt nạm bò, sả cây vào, đun sôi nước thì giảm lửa lại, nấu đến khi giò heo chín thì vớt ra ngâm vào nước lạnh. Thêm 0,5L nước và 1/2 gói Aji-Quick Gia vị nêm sẵn Bún Bò Huế còn lại vào. Tiếp tục hầm nạm bò cho mềm, đong lại nước còn khoảng 1.5L. Nêm thêm 1M sa tế và 1M dầu màu điều. Thịt bò nạm cắt lát mỏng, xếp lên dĩa cùng với giò heo, chả Huế cây.","Cho bún ra tô, xếp thịt bò nạm, giò heo, chả cây lên trên, thêm rau răm, hành tây, hành lá, chan nước dùng vào. Có thể dùng thêm với mắm ruốc.",Chần thịt nạm và giò heo trước khi nấu để nước dùng trong hơn.Nêm gia vị Aji-Quick Bún bò Huế vào khi hầm giò heo và thịt bò sẽ giúp thịt thấm gia vị hơn.,Bún bò giò heo,30.0,200.0,13.75,1.25,2.0,3.75,0.0,0.5,20.0,1.5,37.5,100.0,12.5,3.75,150.0,500.0
https://monngonmoingay.com/ca-tre-chien-gion/,https://monngonmoingay.com/wp-content/smush-webp/2018/07/ca-tre-chien-gion-500.jpg.webp,https://www.youtube.com/channel/UC-2EWHDbHnx5JOeyWfLdIxQ,Cá trê chiên giòn,"Miếng cá giòn ngọt, chắc thịt, chấm với xốt chua béo nhẹ, thơm lừng mùi gừng chanh khiến cả nhà không thể kiềm lòng mà “gắp lấy gắp để”. Từng thớ thịt cá thấm vị quyện vào đầu lưỡi, ăn kèm với khoai tây chiên giòn và rau rơm thanh mát, nghe thôi đã hấp dẫn!",4 người,30 Phút,Dễ,"Chiên, Cá, Rau củ quả khác, Củ quả, Các loại rau, Cuối tuần, Thực đơn hàng ngày, Bữa tối, Bữa trưa, Giáng sinh, Lễ hội hóa trang, Sinh nhật, Nam, Cha, Mẹ, Người lớn tuổi, Trẻ em","Cá trê 2 con, Khoai lang nhật 100g, Khoai tây 100g, Rau húng lủi 100g, Chanh vàng 1 trái, Gừng băm 1m, Gừng sợi 2M, Dầu ăn, ớt hiểm băm nhỏ, Xốt Mayonnaise Aji-mayo® Vị Nguyên Bản, Aji-Quick® Bột Tẩm Khô Chiên Giòn, Cá trê 2 con, Khoai lang nhật 100g, Khoai tây 100g, Rau húng lủi 100g, Chanh vàng 1 trái, Gừng băm 1m, Gừng sợi 2M, Dầu ăn, ớt hiểm băm nhỏ, Xốt Mayonnaise Aji-mayo® Vị Nguyên Bản, Aji-Quick® Bột Tẩm Khô Chiên Giòn","Chanh vàng mài lấy 1m vỏ chanh, còn lại vắt lấy nước. Cá trê khứa carô trên thân cá, ướp với 1m nước cốt chanh và 1 ít tiêu. Khoai lang, khoai tây bào mỏng, rửa qua nước rồi để ráo. Rau húng lủi rửa sạch, lấy đọt non.","Chiên cá : đun nóng dầu ăn, tẩm khoai lang, khoai tây qua Aji-Quick® Bột tẩm khô chiên giòn, chiên vàng, vớt ra để ráo dầu. Tiếp tục tẩm cá trê qua Aji-Quick® Bột tẩm khô chiên giòn, cho vào chiên chín vàng, vớt ra để ráo dầu. Pha xốt chấm : 3M xốt mayonnaise Aji-mayo, 1M nước chanh, 1m ớt băm, 1m gừng băm, 1m vỏ chanh mài trộn đều.","Trình bày: xếp cá trê chiên giòn ra dĩa, xung quanh bày rau húng lủi, khoai lang và khoai tây chiên giòn. Khi ăn chấm kèm với xốt mayonnaise pha.",Khứa carô trên cá để giúp cá dễ bám bột và thấm vị hơn.,Cá trê chiên giòn,8.75,137.5,11.25,2.0,1.25,6.25,0.0,0.375,20.0,0.5,30.0,100.0,7.5,2.0,150.0,162.5
https://monngonmoingay.com/bun-chum-ngay-xao-hai-san/,https://monngonmoingay.com/wp-content/smush-webp/2018/07/bun-chum-ngay-xao-hai-san-500.jpg.webp,https://www.youtube.com/channel/UC-2EWHDbHnx5JOeyWfLdIxQ,Bún chùm ngây xào hải sản,"Bún chùm ngây không những thơm ngon mà còn đem lại cho bạn một làn da trắng, mịn màng nhờ lượng chất chống oxi hoá dồi dào. Kết hợp cùng tôm mực thấm vị đậm đà cùng rau củ vừa chín tới, cho bữa cơm thanh nhẹ mà vẫn tròn dinh dưỡng.",4 người,15 Phút,Dễ,"Món Xào, Tôm, Mực/Bạch tuộc, Rau củ quả khác, Khác, Các loại rau, Củ quả, Tinh bột khác, Cuối tuần, Thực đơn hàng ngày, Bữa tối, Bữa trưa, Nam, Cha, Mẹ, Người lớn tuổi, Trẻ em","Tôm sú đã lột vỏ 100g, Mực lá làm sạch 100g, Ớt Đà Lạt đỏ vàng 100g, Cần tây 50g, Hành tây 50g, Bún chùm ngây khô 100g, Hành ngò, ớt sừng, gừng, hành tỏi băm, Tiêu, mè rang, dầu ăn, Hạt nêm Aji-ngon® Heo, Nước tương ""Phú Sĩ"", Tôm sú đã lột vỏ 100g, Mực lá làm sạch 100g, Ớt Đà Lạt đỏ vàng 100g, Cần tây 50g, Hành tây 50g, Bún chùm ngây khô 100g, Hành ngò, ớt sừng, gừng, hành tỏi băm, Tiêu, mè rang, dầu ăn, Hạt nêm Aji-ngon® Heo, Nước tương ""Phú Sĩ""","Cắt mực thành miếng vừa ăn, chần tôm và mực qua nước sôi có pha giấm và 1 lát gừng, ướp với 1/2m tiêu, 1m hạt nêm Aji-Ngon®, 1/2M hành tỏi băm, 1M nước tương “Phú Sĩ”, để thấm. Bún chùm ngây rửa qua nước lạnh rồi cho vào nước sôi luộc 5 phút, xả qua nước lạnh rồi cắt khúc dài khoảng 10cm. Trộn bún với gia vị gồm 1/2m hạt nêm Aji-ngon®, 1/2M nước tương “Phú Sĩ”. Cắt sợi ớt Đà lạt, cần tây, hành tây. Hành ngò cắt khúc 3cm.","Phi thơm 1/2M hành tỏi băm với 2M dầu ăn, cho tôm, mực vào xào nhanh, cho tiếp hành tây, cần tây, ớt Đà Lạt vào xào, nêm 1/2m hạt nêm Aji-ngon®, xào vừa chín, trút ra. Tiếp tục phi thơm 1/2M hành tỏi băm, cho bún vào xào, đảo nhanh liên tục cho bún săn và thơm, sau đó đổ hải sản và rau củ vào trộn đều.","Cho bún chùm ngây xào hải sản ra dĩa, rắc mè rang, hành ngò. Dọn kèm nươc tương “Phú Sĩ” và ớt cắt lát.",Trộn gia vị vào bún trước khi xào giúp bún thấm đều gia vị.,Bún chùm ngây xào hải sản,21.25,130.0,11.25,2.0,1.25,22.5,0.0,0.375,25.0,1.25,50.0,75.0,12.5,0.75,150.0,200.0
https://monngonmoingay.com/lau-ca-dia/,https://monngonmoingay.com/wp-content/smush-webp/2018/06/lau-ca-dia.jpg.webp,https://www.youtube.com/channel/UC-2EWHDbHnx5JOeyWfLdIxQ,Lẩu cá dìa,"Cá dìa chín mềm, ngọt thịt vô cùng, rất thơm nhờ ướp với Aji-Quick® Gia vị nêm sẵn Lẩu Thái. Nước lẩu chua chua, cay cay, ngon hài hoà chuẩn lẩu Thái, lại còn màu sắc rau củ bắt mắt kích thích vị giác tạo nên nồi lẩu tuyệt vời cho cả nhà quây quần.",4 người,10 Phút,Dễ,"Lẩu, Cá, Cà chua, Rau củ quả khác, Khác, Các loại rau, Củ quả, Phở / bún / hủ tiếu / miến, Cuối tuần, Thực đơn hàng ngày, Bữa tối, Bữa trưa, Sinh nhật, Nam, Cha, Mẹ, Người lớn tuổi","Cá dìa làm sạch 2 con, Tỏi băm 2M, Ngò gai, rau om, bún tươi, ớt hiểm, Rau ăn lẩu: hoa chuối, kèo nèo, cà chua, giá, Dầu ăn, nước mắm, Gia vị nêm sẵn Aji-Quick® Lẩu Thái, Cá dìa làm sạch 2 con, Tỏi băm 2M, Ngò gai, rau om, bún tươi, ớt hiểm, Rau ăn lẩu: hoa chuối, kèo nèo, cà chua, giá, Dầu ăn, nước mắm, Gia vị nêm sẵn Aji-Quick® Lẩu Thái","Cá làm sạch, khứa xéo 2 bên mình cá, ướp với 1m Aji-Quick® Gia vị nêm sẵn Lẩu Thái. Cà chua cắt múi cau. Ngò gai, rau om cắt khúc. Xếp các loại rau ăn lẩu ra dĩa: hoa chuối, kèo nèo cắt khúc, cà chua , giá.","Cho 3M dầu ăn vào chảo, phi thơm tỏi rồi vớt ra dĩa, cho cá dìa vào chiên vàng mặt rồi lấy ra để riêng. Sau đó cho 1.5 lít nước vào đun sôi, đổ phần Aji-Quick® Gia vị nêm sẵn Lẩu Thái còn lại vào, khuấy tan đều, nêm thêm 1M nước mắm, nếm vị vừa ăn.","Bày lẩu ra bàn, nêm rau rau om, ngò gai, tỏi phi, khi ăn cho cá vào nấu chín vớt cá ra dĩa. Nhúng các loại rau tùy thích. Dùng kèm với bún hoăc miến đều được.",Khứa xéo 2 bên mình cá để dễ thấm gia vị và trông bắt mắt hơn.Chiên cá qua dầu phi tỏi để cá thơm hơn.,Lẩu cá dìa,11.25,137.5,8.75,1.25,2.0,7.5,0.0,0.5,37.5,0.75,25.0,75.0,10.0,2.0,150.0,300.0
https://monngonmoingay.com/oc-ca-na-hap-sa/,https://monngonmoingay.com/wp-content/smush-webp/2018/05/oc-ca-na-hap-sa-500.jpg.webp,https://www.youtube.com/channel/UC-2EWHDbHnx5JOeyWfLdIxQ,Ốc cà na hấp sả,"Vị cay cay, thơm lừng mùi sả, ớt. Nếm thử một miếng, vị ngọt lành của biển hoà với độ béo của thịt ốc khiến bạn ăn là “ghiền” liền. Chỉ sơ qua vậy thôi là bạn muốn thưởng thức ngay rồi đúng không? Vậy hãy vào bếp và thực hiện món ốc cà na hấp sả hấp dẫn này ngay nhé!",4 người,30 Phút,Dễ,"Hấp/Tiềm, Kho, Om/Rim, Củ quả, Các loại rau, Ốc, Cuối tuần, Thực đơn hàng ngày, Bữa tối, Bữa trưa, Nam, Cha, Mẹ, Người lớn tuổi, Trẻ em","Ốc cà na 300g, Sả cây 5 cây, Ớt hiểm 3 trái, Rượu trắng 2M, Rau răm 50g, Tắc 3 trái, Dầu ăn, Bột canh, Ốc cà na 300g, Sả cây 5 cây, Ớt hiểm 3 trái, Rượu trắng 2M, Rau răm 50g, Tắc 3 trái, Dầu ăn, Bột canh","Ốc rửa sạch. Ớt hiểm cắt lát xéo. Rau răm nhặt sạch. Tắc vắt lấy nước cốt. Sả cây: phần đầu sả cắt lát mỏng, lấy 1m sả non băm nhỏ để riêng, phần thân đập dập. Xếp phần thân sả vào đáy nồi đất rồi cho ốc cà na vào.","Làm muối chấm: Cho sả non vào nước cốt tắc ngâm trong 5 phút, cho 1M bột canh AJI-NO-MOTO, thêm ớt cắt lát vào trộn đều. Hấp ốc: Đun nóng 2M dầu ăn, cho phần đầu sả cắt lát mỏng và ớt cắt lát vào xào cho thơm, nêm 1/3m bột canh AJI-NO-MOTO®, tắt lửa, cho thêm 2M rượu trắng rồi đổ vào nồi ốc, dùng đũa đảo sơ cho sả lẫn vào ốc. Cho nồi ốc lên bếp, đậy nắp và hấp trong 3′ cho ốc vừa chín.","Bắc nồi ốc ra, để nguyên ốc trong nồi, ăn kèm với rau răm và chấm với bột canh trộn sả tắc.","Xào sơ sả trong dầu giúp sả dậy mùi thơm, không bị dai và ốc có độ bóng mượt, không bị khô sau khihấp.Hấp ốc vừa chín để ốc không bị dai và dễ lấy ra.",,,,,,,,,,,,,,,,,
https://monngonmoingay.com/com-pho-mai-chien-gion/,https://monngonmoingay.com/wp-content/smush-webp/2018/05/com-pho-mai-chien-gion-500-min.jpg.webp,https://www.youtube.com/channel/UC-2EWHDbHnx5JOeyWfLdIxQ,Cơm phô mai chiên giòn,"Phô mai được bé siêu mê, nay biến tấu thành phần nhân hấp dẫn bên trong viên cơm vàng ruộm, thơm bùi càng ăn càng thích, bắt thêm vị chua nhẹ của xốt Mayonnaise Aji-mayo® thì dễ khiến bé ăn liền tù tì lắm đây!",4 người,20 Phút,Dễ,"Món Xào, Chiên, Thịt heo, Rau củ quả khác, Khác, Các loại rau, Gạo, Cuối tuần, Thực đơn hàng ngày, Bữa sáng, Bữa tối, Bữa trưa, Lễ hội hóa trang, Giáng sinh, Sinh nhật, Nam, Cha, Mẹ, Người lớn tuổi, Trẻ em","Cơm dẻo 1 chén, Mè rang 2M, Hành lá 30g, Phô mai mozzarella sợi 70g, Ớt sừng 1 quả, Thịt xay 50g, Dầu ăn, tương cà, Ăn kèm: xà lách các loại, Hạt nêm Aji-ngon® Heo, Xốt Mayonnaise Aji-mayo® Vị Nguyên Bản, Aji-Quick® Bột Chiên Giòn, Cơm dẻo 1 chén, Mè rang 2M, Hành lá 30g, Phô mai mozzarella sợi 70g, Ớt sừng 1 quả, Thịt xay 50g, Dầu ăn, tương cà, Ăn kèm: xà lách các loại, Hạt nêm Aji-ngon® Heo, Xốt Mayonnaise Aji-mayo® Vị Nguyên Bản, Aji-Quick® Bột Chiên Giòn","Thịt xay ướp 1/2m hạt nêm Aji-ngon®, ít tiêu, 1M nước lọc. Hành lá, phần đầu hành băm nhỏ để riêng, phần lá cắt nhỏ. Ớt sừng bỏ hạt, băm nhỏ.","Xào nhân : Đun nóng 1M dầu ăn, cho đầu hành vào xào thơm, cho tiếp phần thịt xay vào xào chín, thêm phần hành lá và ớt sừng vào đảo đều, tắt lửa. Trộn phần nhân đã xào với mè rang và 1/3 lượng phô mai sợi, 1/2m hạt nêm Aji-ngon®. Viên cơm : Vo cơm thành 8 viên tròn, cho phần nhân và phần phô mai còn lại vào chính giữa. Chiên : Pha 1/2 gói Aji-Quick® Bột chiên giòn với 70ml nước. Đun nóng dầu ăn, lăn các viên cơm qua Aji-Quick® Bột chiên giòn đã pha, chiên ngập dầu cho viên cơm chín vàng đều, vớt ra để ráo dầu.","Xếp viên cơmphô mai chiên giònra dĩa, dùng kèm với tương cà và xốt mayonnaise Aji-mayo®.",Chọn cơm dẻo để vo viên được dễ hơn.Chiên viên cơm với bột Chiên giòn giúp viên cơm không bị ngấm dầu vào bên trong.,,,,,,,,,,,,,,,,,
https://monngonmoingay.com/tom-chien-xot-chanh/,https://monngonmoingay.com/wp-content/smush-webp/2018/03/tom-chien-xot-chanh-500-min.jpg.webp,https://www.youtube.com/channel/UC-2EWHDbHnx5JOeyWfLdIxQ,Tôm chiên xốt chanh,"Hô biến một món ăn truyền thống trở nên mới lạ tức thì. Tôm chiên xốt chanh là tổng hòa vị tôm ngọt với vị chanh chua chua, thanh thanh , thơm thơm. Cắn vào lớp vỏ giòn chấm nước sốt cay nhẹ, thật là sự kết hợp tuyệt vời.",4 người,15 Phút,Dễ,"Chiên, Tôm, Các loại rau, Củ quả, Rau củ quả khác, Tinh bột khác, Thực đơn hàng ngày, Bữa tối, Bữa trưa, Cuối tuần, Giáng sinh, Lễ hội hóa trang, Sinh nhật, Món Âu, Cha, Mẹ, Người lớn tuổi, Trẻ em","Tôm sú bỏ vỏ, bỏ chỉ lưng 400g, Chanh vàng 1 trái, Nước dừa tươi 1 chén, Lá húng lủi 10 đọt, Tỏi băm, Tương cà, mật ong, Bột năng, ớt bột Paprika, dầu ăn, Hạt nêm Aji-ngon® Heo, Aji-Quick® Bột Chiên Giòn, Tôm sú bỏ vỏ, bỏ chỉ lưng 400g, Chanh vàng 1 trái, Nước dừa tươi 1 chén, Lá húng lủi 10 đọt, Tỏi băm, Tương cà, mật ong, Bột năng, ớt bột Paprika, dầu ăn, Hạt nêm Aji-ngon® Heo, Aji-Quick® Bột Chiên Giòn","Vỏ chanh mài nhỏ, sau đó vắt lấy 2M nước chanh. Tôm ướp với 1/2M tỏi băm, 1/2m tiêu, 1/2M nước cốt chanh, 1m vỏ chanh mài. Pha loãng 1m bột năng với 2M nước lạnh. Pha bột chiên giòn: 150g bột với 150ml nước.","Làm xốt chấm : Phi thơm tỏi băm với 2 muỗng dầu, cho 2M xốt tương cà, 1M mật ong, 2/3 chén nước dừa, 1m hạt nêm Aji-ngon®, 1m ớt bột Paprika, 1M vỏ chanh mài cùng 1M nước chanh vào, cho hỗn hợp bột năng vào, đun sôi cho hơi sánh lại. Đun nóng dầu, cho lá húng lủi vào chiên, vớt ra. Tiếp tục nhúng tôm vào hỗn hợp bột đã pha, cho vào dầu chiên chín vàng giòn, vớt ra, để ráo dầu.","Bàytôm chiênra dĩa, dọn kèm với xốt chấm, xà lách và đồ chua.","Ướp tôm với vỏ chanh và nước cốt chanh giúp tăng hương vị, khử mùi tanh.Chiên lá húng lũi trước khi chiên tôm giúp tôm thơm hơn.",Tôm chiên xốt chanh,6.25,137.5,12.5,3.75,0.25,5.0,0.0,0.25,20.0,0.5,62.5,75.0,5.0,1.25,100.0,200.0
https://monngonmoingay.com/ca-tim-kep-thit-ga-chien/,https://monngonmoingay.com/wp-content/smush-webp/2018/02/ca-tim-kep-thit-ga-chien-500.jpg.webp,https://www.youtube.com/channel/UC-2EWHDbHnx5JOeyWfLdIxQ,Cà tím kẹp thịt gà chiên,"Cà tím kẹp thịt gà chiên- mách nhỏ cho bạn đây! Mùi thơm đặc trưng của cà tím, thịt gà ngọt, đặc biệt là chút đăng đắng đầu lưỡi của lá chanh. Mùi vị thật lạ mà cũng quá hấp dẫn cho bữa tất niên đúng không nào?",4 người,20 Phút,Dễ,"Chiên, Thịt gà, Nấm, Trứng, Rau củ quả khác, Củ quả, Cuối tuần, Bữa tối, Bữa trưa, Giáng sinh, Lễ hội hóa trang, Sinh nhật, Nam, Cha, Mẹ, Người lớn tuổi, Trẻ em","Cà tím 1 trái, Đùi gà 300g, Trứng gà 2 trứng, Lá chanh thái chỉ 3 lá, Nấm hương 2 tai, Đầu hành lá băm, Tiêu, bột mì, bột chiên xù, nước mắm, dầu ăn, Xốt Mayonnaise Aji-mayo® Vị Nguyên Bản, Hạt nêm Aji-ngon® Heo, Cà tím 1 trái, Đùi gà 300g, Trứng gà 2 trứng, Lá chanh thái chỉ 3 lá, Nấm hương 2 tai, Đầu hành lá băm, Tiêu, bột mì, bột chiên xù, nước mắm, dầu ăn, Xốt Mayonnaise Aji-mayo® Vị Nguyên Bản, Hạt nêm Aji-ngon® Heo","Thịt gà lọc bỏ da và xương, băm nhuyễn. Nấm hương ngâm nở, băm nhỏ. Cà tím cắt khúc dài 5-7cm, sau đó cắt thành những lát mỏng, dày khoảng 0.5cm, ngâm vào nước muối loãng để không bị thâm. Sau đó, vớt ra để để ráo nước.","Trộn nhân : Trộn đều thịt gà băm, nấm hương với 1/2m hạt nêm Aji-ngon®, 1/2 m tiêu, 1/2m nước mắm, cùng 1M xốt Mayonnaise Aji-mayo®, 1M đầu hành lá băm và lá chanh thái chỉ. Tạo hình : cho nhân thịt gà lên 1 miếng cà tím và kẹp miếng cà tím khác lên trên. Tẩm cà tím kẹp thịt gà lần lượt qua bột mì, trứng, bột xù, chiên ngập dầu đến khi chín vàng, vớt ra để ráo dầu.","Xếp cà tím kẹp gà chiên ra dĩa, trang trí vớixốt Mayonnaise Aji-mayo®lên trên. Ăn kèm với xà lách, cà chua, dưa leo.",Cho nấm hương vào nhân giúp món ăn có hương vị đặc trưng hơn.,Cà tím kẹp thịt gà chiên,6.25,187.5,13.75,2.0,1.25,0.75,0.25,0.2,15.0,0.75,75.0,100.0,10.0,3.75,125.0,200.0
https://monngonmoingay.com/ga-cuon-rong-bien/,https://monngonmoingay.com/wp-content/smush-webp/2017/12/ga-cuon-rong-vien-500.jpg.webp,https://www.youtube.com/channel/UC-2EWHDbHnx5JOeyWfLdIxQ,Gà cuộn rong biển,"Từng lớp từng lớp gà, rong biển, rau củ hoà quyện bắt mắt làm “điêu đứng” cả dạ dày, ăn vào thì giòn nhẹ lại thơm mùi rong biển, ớt bột và sả. Ai là fan của gà chắc chắn sẽ khoái món ăn lạ miệng ngon bá cháy này cho xem!",4 người,25 Phút,Dễ,"Chiên, Thịt gà, Thịt heo, Cà rốt, Rau củ quả khác, Khác, Các loại thịt khác, Củ quả, Cuối tuần, Thực đơn hàng ngày, Giáng sinh, Bữa tối, Bữa trưa, Lễ hội hóa trang, Sinh nhật, Món Á, Cha, Mẹ, Người lớn tuổi, Trẻ em","Thịt ức gà 350g, Rong biển Nori 2 lá, Cà rốt cắt que 0,8 cm 8 cọng, Giò sống 100g, Đậu cove Nhật 8 trái, Sả băm, Ớt bột Paprika, tương ớt, dầu ăn, Xốt Mayonnaise Aji-mayo® Vị Nguyên Bản, Aji-Quick® Bột Tẩm Khô Chiên Giòn, Thịt ức gà 350g, Rong biển Nori 2 lá, Cà rốt cắt que 0,8 cm 8 cọng, Giò sống 100g, Đậu cove Nhật 8 trái, Sả băm, Ớt bột Paprika, tương ớt, dầu ăn, Xốt Mayonnaise Aji-mayo® Vị Nguyên Bản, Aji-Quick® Bột Tẩm Khô Chiên Giòn","Thịt gà lạng miếng vuông mỏng hoặc chữ nhật mỏng bằng nhau rồi dần đều. Ướp với 1/2m ớt bột Paprika, 1m sả băm nhuyễn, 1M Aji-Quick® Bột Tẩm Khô Chiên Giòn, để thấm 10 phút. Luộc chín đậu cove và cà rốt, vớt ra, để ráo. Cắt miếng rong biển bằng với kích cỡ miếng thịt gà.","Tạo hình : Trải miếng thịt gà ra, trải đều một ít giò sống trên bề mặt thịt, đặt miếng rong biển lên thịt gà, phết thêm một lớp giò sống, rồi đặt 1 que cà rốt, 1 trái đậu cove lên, cuốn tròn chặt tay. Chiên : Đun nóng dầu, lăn cuốn gà qua Aji-Quick® Bột Tẩm Khô Chiên Giòn, chiên ngập dầu đến khi chín tới vàng giòn, vớt ra. Để nguội, cắt khúc vừa ăn. Xốt chấm : Khuấy đều 4M xốt Mayonnaise Aji-Mayo® , 2M tương ớt.","Trình bày cuộn gà với cà chua, dưa leo và xà lách. Khi ăn chấm với xốt đã pha.",Khi dần thịt gà để thịt trong lớp túi nilong để thịt gà không bị rách.Trộn Aji-quick® Bột Tẩm Khô Chiên Giòn với thịt gà giúp tạo vị và tăng độ kết dính cho cuộn gà.,Gà cuộn rong biển,6.25,162.5,16.25,1.25,1.0,2.0,0.0,0.125,15.0,0.5,37.5,125.0,6.25,2.0,150.0,200.0
https://monngonmoingay.com/canh-ca-hoi-nau-nam/,https://monngonmoingay.com/wp-content/smush-webp/2017/12/canh-ca-hoi-nau-nam-500.jpg.webp,https://www.youtube.com/channel/UC-2EWHDbHnx5JOeyWfLdIxQ,Canh cá hồi nấu nấm,"Được mệnh danh là siêu thực phẩm tốt cho sức khoẻ, cá hồi vừa ngon lại vừa dễ chế biến, nhất là khi dùng nấu canh cá hồi nấm. Vị chua nhẹ, cay nhẹ của canh hoà quyện miếng cá chín vừa ngọt thịt tự nhiên đảm bảo bạn vừa ăn vừa tấm tắc hít hà!",4 người,20 Phút,Dễ,"Hầm, Canh/Súp, Cá, Củ quả, Rau củ quả khác, Nấm, Bữa trưa, Bữa tối, Món Á, Cha, Mẹ, Người lớn tuổi, Trẻ em","Cá hồi 200g, Nấm kim châm 150g, Nấm đông cô tươi 5 tai, Nấm bào ngư 150g, Cà chua bi 100g, Hành tỏi băm 100g, Ớt hiểm 1 trái, Húng quế, Muối, nước mắm, dầu ăn, Hạt nêm Aji-ngon® Gà, Cá hồi 200g, Nấm kim châm 150g, Nấm đông cô tươi 5 tai, Nấm bào ngư 150g, Cà chua bi 100g, Hành tỏi băm 100g, Ớt hiểm 1 trái, Húng quế, Muối, nước mắm, dầu ăn, Hạt nêm Aji-ngon® Gà","Cá hồi cắt lát vừa ăn ướp với 1/2m hạt nêm Aji-ngon® gà, để thấm. Nấm kim châm cắt đôi. Nấm đông cô cắt lát mỏng. Nấm bào ngư xé nhỏ. Cà chua bi cắt đôi. Ớt hiểm đập dập. Húng quế cắt nhỏ.","Phi thơm hành tỏi băm, cho cà chua bi vào xào sơ, đổ vào 1,2 lít nước, đun sôi, cho các loại nấm vào nấu vừa chín tới, nêm vào 1/2m muối, 2M hạt nêm Aji-ngon®, cuối cùng cho cá hồi vào đun sôi, nêm thêm 1M nước mắm, tắt lửa, cho rau thơm vào đảo đều.","Múccanhra tô, dùng nóng với cơm.",Cho cá hồi vào sau cùng để cá chín tới và không bị nát.,Canh cá hồi nấu nấm,6.25,112.5,11.25,2.0,2.0,6.25,3.75,0.75,12.5,0.75,25.0,112.5,12.5,1.25,200.0,125.0
https://monngonmoingay.com/ca-chim-chien-gion/,https://monngonmoingay.com/wp-content/smush-webp/2017/11/ca-chim-chien-gion-500.jpg.webp,https://www.youtube.com/channel/UC-2EWHDbHnx5JOeyWfLdIxQ,Cá chim chiên giòn,"Thịt cá chim nổi tiếng ngon, thơm, giàu dưỡng chất mà lại ít xương. Chiên lên vàng ruộm với bột Aji-Quick® Bột Tẩm Khô Chiên Giòn, xếp kèm dĩa rau củ được nướng thơm lừng, quây quần với nhau cùng bát cơm trắng thì cả nhà chỉ có tấm tắc khen ngon!",4 người,30 Phút,Dễ,"Chiên, Cá, Rau củ quả khác, Củ quả, Trung, Cuối tuần, Bữa tối, Bữa trưa, Giáng sinh, Lễ hội hóa trang, Sinh nhật, Trung, Cha, Mẹ, Người lớn tuổi, Trẻ em","Cá chim 500g, Khoai tây 200g, Cà chua bi 100g, Đậu bi 20g, Muối, ớt bột parika tiêu, lá húng quế, Aji-Quick® Bột Tẩm Khô Chiên Giòn, Cá chim 500g, Khoai tây 200g, Cà chua bi 100g, Đậu bi 20g, Muối, ớt bột parika tiêu, lá húng quế, Aji-Quick® Bột Tẩm Khô Chiên Giòn","Cá chim rửa sạch, để hơi ráo, khứa dọc hai bên má. Khoai tây cắt sợi vừa ăn, ngâm trong nước, rửa lại một lần nữa. Cà chua bi cắt đôi. Đậu bi rửa sạch để ráo. Lá húng quế cắt đôi.","Cho khoai tây, cà chua, đậu bi vào khay, rắc lên ít muối, ớt bột, cho vào lò nướng cho đến khi vừa chín tới lấy ra, thêm lá quế cắt nhỏ, bắt xốt Mayonnaise Aji-Mayo® lên mặt cho vào lò, nướng thêm 2 phút nữa. Lấy ra. Cá chim tẩm bột Aji-Quick® Bột Tẩm Khô Chiên Giòn một lớp mỏng, cho vào chiên vàng đều hai mặt.","Xếp cá ra dĩa, ăn kèm với rau củ vừa nướng.",Cho Aji-Quick® Bột Tẩm Khô Chiên Giòn vào bụng cá để cá thấm vị đậm đà và giòn hơn.,Cá chim chiên giòn,8.75,162.5,16.25,2.0,1.25,5.0,0.0,0.5,20.0,0.75,30.0,150.0,7.5,1.25,225.0,150.0
https://monngonmoingay.com/canh-ca-nau-me/,https://monngonmoingay.com/wp-content/smush-webp/2017/10/canh-ca-nau-me-500.jpg.webp,https://www.youtube.com/channel/UC-2EWHDbHnx5JOeyWfLdIxQ,Canh cá nấu mẻ,"Món ăn quê nhà của người dân xứ Bắc, với thành phần chính từ mẻ có vị chua thanh đặc biệt, hoà vào thịt cá lóc ngọt đậm thơm, màu vàng của nghệ giã cho bữa cơm gia đình hôm nay thêm ấm cúng.",4 người,15 Phút,Dễ,"Canh/Súp, Hầm, Cá, Cà chua, Các loại rau, Củ quả, Rau củ quả khác, Nam, Thực đơn hàng ngày, Bữa tối, Bữa trưa, Nam, Bắc, Cha, Mẹ, Người lớn tuổi","Cá lóc bông 400g, Mẻ 3M, Cà chua 3 quả, Nghệ 1 củ nhỏ, Hành khô 2 củ, Thì là, hành lá, Nước mắm, dầu ăn, Bột canh, Cá lóc bông 400g, Mẻ 3M, Cà chua 3 quả, Nghệ 1 củ nhỏ, Hành khô 2 củ, Thì là, hành lá, Nước mắm, dầu ăn, Bột canh","Cá cắt khúc 3cm, ướp với 1/2m bột canh của Ajinomoto, để thấm. Cà chua cắt nhỏ 1 quả, 2 quả còn lại cắt múi cau. Hành khô cắt lát mỏng. Mẻ lọc lấy nước. Nghệ giã dập lấy nước cốt trộn cùng nước mẻ. Hành lá, thì là cắt khúc 2cm.","Đun nóng dầu, cho cá vào chiên vàng hai mặt, lấy ra để riêng. Tiếp tục phi hành, cho cà chua vào xào, nêm với 1/2m đường, 1/2m bột canh của Ajinomoto, rồi thêm mẻ và 1 lít nước lọc vào, đun sôi, cho cá đã chiên và cà chua bổ múi cau vào, giảm nhỏ lửa, nêm thêm 1,5m bột canh của Ajinomoto, đun khoảng 5 phút, cuối cùng nêm thêm 1M nước mắm rồi tắt lửa.","Múc canh ra tô, thêm hành lá và thì là, dùng nóng.",Hòa nghệ vào mẻ để món canh có màu vàng đẹp mắt.Rán cá trước để khử mùi tanh và tạo mùi thơm.,Canh cá nấu mẻ,6.25,137.5,15.0,2.5,1.25,7.5,0.0,0.5,20.0,0.75,37.5,100.0,5.0,1.25,175.0,200.0
https://monngonmoingay.com/thit-rang-gung-la-chanh/,https://monngonmoingay.com/wp-content/smush-webp/2017/09/thit-rang-gung-la-chanh-500.jpg.webp,https://www.youtube.com/channel/UC-2EWHDbHnx5JOeyWfLdIxQ,Thịt rang gừng lá chanh,"Biến tấu đơn giản nhưng lạ miệng với món thịt heo được rang đậm đà, thơm mùi lá chanh và gừng. Từng miếng thịt vàng nâu đẹp mắt, săn săn xém cạnh, ăn cùng cơm trắng và kim chi là đúng chuẩn ngon cơm nhà.",4 người,25 Phút,Dễ,"Chiên, Khác, Thịt heo, Rau củ quả khác, Thực đơn hàng ngày, Bắc, Bữa tối, Bữa trưa, Cuối tuần, Giáng sinh, Lễ hội hóa trang, Sinh nhật, Nam, Cha, Mẹ, Người lớn tuổi, Trẻ em","Thịt ba chỉ rút sườn 400g, Hành tỏi băm 1M, Ớt sừng băm 1m, Gừng cắt lát đập dập 20g, Lá chanh cắt nhuyễn 1M, Muối hạt, đường, nước mắm, tiêu, Hạt nêm Aji-ngon® Heo, Thịt ba chỉ rút sườn 400g, Hành tỏi băm 1M, Ớt sừng băm 1m, Gừng cắt lát đập dập 20g, Lá chanh cắt nhuyễn 1M, Muối hạt, đường, nước mắm, tiêu, Hạt nêm Aji-ngon® Heo",Thịt ba chỉcắt con chì vừa ăn. Áp chảo thịt với gừng cắt lát đến khi thịt cháy cạnh.,"Làm xốt: pha hỗn hợp gồm 2M đường, 4M nước mắm, 1m hạt nêm Aji-ngon®. Cho hành tỏi băm và ớt vào phi thơm, cho thịt vào xào thơm. Cho hỗn hợp xốt vào rim đến khi thấm vị. Trút ra rắc tiêu và lá chanh vào.","Bày ra đĩa, trang trí với salad, có thể ăn kèm vớikim chi Hàn Quốc.","Áp chảo thịt và gừng với lửa vừa giúp thịt cháy xem cạnh, thơm săn và chín.",Thịt rang gừng lá chanh,1.25,350.0,15.0,0.75,0.25,0.5,0.0,0.25,5.0,0.75,50.0,125.0,1.25,12.5,100.0,200.0
https://monngonmoingay.com/bun-cu-hu-dua-la-chanh/,https://monngonmoingay.com/wp-content/smush-webp/2017/08/bun-du-hu-dua-la-chanh-500.jpg.webp,https://www.youtube.com/channel/UC-2EWHDbHnx5JOeyWfLdIxQ,Bún củ hủ dừa lá chanh,"Tô bún củ hủ dừa nhìn màu sắc thật bắt mắt với các loại rau củ, dùng chung với nước tương thấy thơm ngon hài hoà vô cùng! Từng sợi bún dai mềm như làm tăng thêm hương vị củ hủ, cà rốt, đậu hũ chiên giòn giòn, tất cả thơm mùi thính gạo và lá chanh đang mời gọi!",4 người,20 Phút,Dễ,"Món Xào, Nấm, Cà rốt, Đậu hũ, Khác, Củ quả, Rau củ quả khác, Phở / bún / hủ tiếu / miến, Tinh bột khác, Cuối tuần, Nam, Bữa tối, Bữa sáng, Bữa trưa, Nam, Cha, Mẹ, Người lớn tuổi","Củ hủ dừa 150g, Củ sắn 100g, Cà rốt 50g, Đậu hũ chiên 1/2 miếng, Nấm đùi gà 1 cái nhỏ, Bún tươi 600g, Lá chanh Bắc, hẹ cắt nhỏ, boaro, Thính gạo, tương ớt, đậu phộng rang, dầu ăn, Hạt nêm Aji-ngon® Nấm, Nước tương ""Phú Sĩ"", Củ hủ dừa 150g, Củ sắn 100g, Cà rốt 50g, Đậu hũ chiên 1/2 miếng, Nấm đùi gà 1 cái nhỏ, Bún tươi 600g, Lá chanh Bắc, hẹ cắt nhỏ, boaro, Thính gạo, tương ớt, đậu phộng rang, dầu ăn, Hạt nêm Aji-ngon® Nấm, Nước tương ""Phú Sĩ""","–Đậu hũcắt lát mỏng. Củ hủ dừa, củ sắn, cà rốt, nấm đùi gà cắt thành sợi nhỏ khoảng 2-3 li.– Pha nước chấm: Trộn đều 1/2 chén nước tương “Phú Sĩ”, 2M tương ớt , 4M nước, 1/2M đường và 1/2M nước cốt chanh.","– Đun nóng dầu ăn, múc một ít cho vào chén hẹ cắt nhỏ làm dầu hẹ. Cho đậu hũ vào chảo dầu, chiên vàng, sau đó cắt sợi.– Lấy 2M dầu ăn, phi thơm boaro, chocủ hủ dừa, củ sắn, cà rốt và nấm vào xào, nêm 1/2m hạt nêm Aji-ngon® từ nấm hương và hạt sen, 1/3m tiêu. Tắt lửa, trộn thính và lá chanh.","– Cho bún và rau thơm, xà lách, dưa leo vào tô, cho rau củ xào lên trên, thêm dầu hẹ, đậu phộng.– Dùng kèm với nước tương đã pha.",– Thính và lá chanh cho vào sau cùng để giữ được hương vị.– Đậu hũ cắt lát mỏng đem chiên sau đó mới cắt sợi sẽ giòn hơn.,Bún củ hủ dừa lá chanh,41.25,187.5,6.25,3.75,2.5,2.0,0.0,0.0,20.0,0.75,0.0,62.5,10.0,1.25,150.0,200.0
https://monngonmoingay.com/pizza-mi-soi/,https://monngonmoingay.com/wp-content/smush-webp/2017/07/pizza-mi-soi-500.jpg.webp,https://www.youtube.com/channel/UC-2EWHDbHnx5JOeyWfLdIxQ,Pizza mì sợi,"Bé sẽ thích mê món Pizza mì sợi siêu mới lạ chưa từng thấy ở nhà hàng nào cả, chỉ có “đầu bếp mẹ yêu” mới làm được cho bé thôi! Được làm từ mì gói,rất bắt mắt với tôm đất, thịt nguội, thịt gà, phô mai, ớt chuông… nằm đầy trên mặt bánh. Ăn kèm cùng tương cà, tương ớt và salad dầu giấm. Đảm bảo bé sẽ mê mẩn món Pizza sáng tạo này cho xem!",4 người,30 Phút,Dễ,"Chiên, Tôm, Rau củ quả khác, Trứng, Thịt heo, Các loại rau, Củ quả, Tinh bột khác, Thực đơn hàng ngày, Nam, Bữa tối, Bữa trưa, Cuối tuần, Giáng sinh, Lễ hội hóa trang, Sinh nhật, Món Âu, Mẹ, Trẻ em","Mì khoai tây 2 gói, Tôm đất 100g, Thịt nguội 50g, Trứng gà 2 quả, Ớt chuông xanh 1/4 quả, Ớt chuông đỏ 1/4 quả, Hành tây 1/4 củ, Phô mai sợi 140g, Hành lá, Bột mì, ketchup, tương ớt, dầu ăn, Xốt Mayonnaise Aji-mayo® Vị Nguyên Bản, Hạt nêm Aji-ngon® Heo, Mì khoai tây 2 gói, Tôm đất 100g, Thịt nguội 50g, Trứng gà 2 quả, Ớt chuông xanh 1/4 quả, Ớt chuông đỏ 1/4 quả, Hành tây 1/4 củ, Phô mai sợi 140g, Hành lá, Bột mì, ketchup, tương ớt, dầu ăn, Xốt Mayonnaise Aji-mayo® Vị Nguyên Bản, Hạt nêm Aji-ngon® Heo","Mì gói trụng qua nước sôi 1 phút, vớt ra để ráo. Tôm bóc vỏ cắt hạt lựu. Thịt nguội cắt miếng vuông 2cm. Ớt chuông xanh, đỏ, hành tây cắt lát mỏng. Hành lá cắt nhỏ.","Cho trứng ra tô, cho 1M bột mì vào, đánh tan, sau đó cho mì đã trụng và hành lá vào trộn đều. Xào rau củ : đun nóng dầu ăn, cho tôm vào xào săn, cho ớt chuông vào xào sơ rồi cho thịt nguội và hành tây, nêm 1 ít hạt nêm Aji-ngon®, xào rau củ vừa chín, tắt lửa. Tạo hình pizza : Đun nóng dầu ăn, cho mì vào, dùng đũa tạo thành hình tròn và có độ dày khoảng 1cm, để lửa vừa, chiên cho đế mì vàng giòn, lật mì lại, cho ketchup, xốt Mayonnaise Aji-Mayo® lên mì, tiếp đến cho rau củ đã xào và rắc phô mai sợi lên, rưới thêm ít dầu ăn xung quanh viền mì, đậy nắp, nấu đến khi phô mai tan chảy là được.","Lấy pizza mì ra, cắt miếng vừa ăn, vẽ xốt Mayonnaise Aji-Mayo® lên trên. Dùng kèm tương ớt, ketchup và salad dầu giấm.","Các loại rau củ xào trước để các nguyên liệu chín đều với nhau.Cho xốt Mayonnaise Aji-Mayo® lên mì, giúp tạo độ kết dính cho nhân và mặt pizza.",Pizza mì sợi,21.25,200.0,11.25,3.75,1.25,5.0,0.5,0.375,75.0,0.75,62.5,100.0,12.5,6.25,100.0,300.0
https://monngonmoingay.com/nu-bi-boc-gio-song/,https://monngonmoingay.com/wp-content/smush-webp/2017/06/nu-bi-gio-song-chien-500.jpg.webp,https://www.youtube.com/channel/UC-2EWHDbHnx5JOeyWfLdIxQ,Nụ bí bọc giò sống,"Mang hương vị quê hương lên mâm cơm nhà với món Nụ bí bọc giò sống chiên! Nụ bí bùi bùi, ngọt tự nhiên được bao quanh bởi một lớp giò sống bọc lớp bột chiên giòn đậm đà ăn thật thích. Đây là một món ăn rất thích hợp cho các bữa ăn nhẹ hoặc món chính mang lại sự mới lạ cho thực đơn nhà mình!",4 người,20 Phút,Dễ,"Chiên, Trứng, Các loại thịt khác, Các loại rau, Rau củ quả khác, Cuối tuần, Thực đơn hàng ngày, Bữa tối, Bữa trưa, Giáng sinh, Lễ hội hóa trang, Sinh nhật, Nam, Cha, Mẹ, Người lớn tuổi, Trẻ em","Nụ bí giống Nhật 300g, Giò sống 150g, Trứng gà 1 quả, Hành lá cắt nhỏ, Đầu hành lá băm, Ngò rí băm, Tiêu, nước mắm, tương ớt, dầu ăn, Xốt Mayonnaise Aji-mayo® Vị Nguyên Bản, Aji-Quick® Bột Chiên Giòn, Nụ bí giống Nhật 300g, Giò sống 150g, Trứng gà 1 quả, Hành lá cắt nhỏ, Đầu hành lá băm, Ngò rí băm, Tiêu, nước mắm, tương ớt, dầu ăn, Xốt Mayonnaise Aji-mayo® Vị Nguyên Bản, Aji-Quick® Bột Chiên Giòn","Nụ bí rửa sạch, luộc chín, khi luộc cho vào 1/2m muối, vớt ra để ráo. Quết giò sống với đầu hành lá băm và hành lá xắt nhỏ, nêm vào 1/3m tiêu và 1m nước mắm. Bọc giò sống vào phần nụ bí.","Pha nước xốt : Trộn đều 1.5M xốt Mayonnaise Aji-Mayo®, 1/2M tương ớt, 1/2m ngò rí băm. Khuấy 1 gói Aji-Quick® Bột Chiên Giòn với 120ml nước, sau đó cho trứng gà vào khuấy đều. Nhúng nụ bí bọc giò sống vào bột, cho vào chiên vàng giòn. Vớt ra để ráo dầu.",Xếp nụ bí ra dĩa. Ăn kèm với xốt và salad.,Luộc trước nụ bí để món ăn nhanh chín.Giò sống đánh với chút nước mắm tạo vị đậm đà.,Nụ bí bọc giò sống,15.0,450.0,25.0,5.0,5.0,30.0,1.0,0.5,50.0,2.0,150.0,200.0,30.0,8.0,400.0,700.0
https://monngonmoingay.com/ca-com-bap-chien-pho-mai/,https://monngonmoingay.com/wp-content/smush-webp/2017/04/Ca-com-540.jpg.webp,https://www.youtube.com/channel/UC-2EWHDbHnx5JOeyWfLdIxQ,"Cá cơm, bắp chiên phô mai","Giòn giòn và beo béo, món Cá cơm bắp chiên phô mai này chắc hẳn sẽ là lựa chọn tuyệt vời để ăn vặt và nhâm nhi cùng bạn bè, người thân trong dịp lễ 30/4 này đó! Bắp tươi ngọt thanh cùng cá cơm giòn rụm được áo một lớp phô mai mỏng thơm lừng trông thật hấp dẫn, càng khiến cho ngày họp mặt vui càng thêm vui!",4 người,20 Phút,Dễ,"Chiên, Cá, Các loại rau, Củ quả, Rau củ quả khác, Trứng, Thực đơn hàng ngày, Bữa sáng, Bữa tối, Bữa trưa, Cuối tuần, Lễ hội hóa trang, Sinh nhật, Giáng sinh, Nam, Cha, Mẹ, Người lớn tuổi, Trẻ em","Bắp hạt 200g, Phô mai bột 50g, Trứng gà 2 cái, Cá cơm 100g, Hành lá, ngò rí, Dầu ăn, Hạt nêm Aji-ngon® Heo, Aji-Quick® Bột Tẩm Khô Chiên Giòn, Bắp hạt 200g, Phô mai bột 50g, Trứng gà 2 cái, Cá cơm 100g, Hành lá, ngò rí, Dầu ăn, Hạt nêm Aji-ngon® Heo, Aji-Quick® Bột Tẩm Khô Chiên Giòn","Đun nước sôi, luộc sơ bắp, vớt ra để ráo. Cá cơm ướp với 1/2m hạt nêm Aji-ngon®.","Đập trứng ra tô, đánh đều lên, nhúng bắp vào trứng, lọc qua rây sau đó tẩm bắp qua Aji-Quick® Bột Tẩm Khô Chiên Giòn. Rây lại bắp để loại bỏ bột dư. Đun nóng dầu, thả bắp vào chiên ngập dầu. Vớt bắp ra, để ráo dầu. Thực hiện tương tự với cá cơm.","Cho cá cơm và bắp chiên ra dĩa, rắc thêm phô mai bột, hành lá, ngò rí. Dùng kèm với rau xà lách.","Cho bắp và cá qua rây để loại hết phần trứng dư, giúp bắp ráo, không bám nhiều bột và bị bết dính vào nhau.Cá cơm và bắp vớt ra còn nóng rắc ngay phô mai vào giúp phô mai bám dính vào nguyên liệu.","Cá cơm, bắp chiên phô mai",52.0,650.0,50.0,12.0,6.0,2.0,2.0,1.0,250.0,3.0,400.0,500.0,50.0,15.0,500.0,800.0
https://monngonmoingay.com/ga-xao-ca-ri/,https://monngonmoingay.com/wp-content/smush-webp/2017/04/ga-540.png.webp,https://www.youtube.com/channel/UC-2EWHDbHnx5JOeyWfLdIxQ,Gà xào cà ri,"Dễ làm, nhanh gọn nhưng lại có hương vị rất đặc trưng, món Gà xào cà ri là lựa chọn thích hợp để trổ tài trong những dịp đặc biệt. Nước xốt dậy hương thơm cà ri kết hợp chút hương lá chanh tạo nên sức hấp dẫn khó cưỡng. Vị béo của nước cốt dừa được cân bằng bằng vị chua nhẹ của thơm chín, giúp món gà xào lạ miệng này thêm cân bằng và dễ tiêu hóa hơn.",4 người,25 Phút,Dễ,"Món Xào, Thịt gà, Các loại rau, Rau củ quả khác, Củ quả, Thực đơn hàng ngày, Bữa tối, Bữa trưa, Món Á, Mẹ, Cha, Người lớn tuổi, Trẻ em","Thịt gà má đùi lọc xương 200g, Thơm chín 1/4 quả, Hành tây 1/2 củ nhỏ, Nước cốt dừa 2M, Hành tỏi băm 1M, Xà lách búp 2 cây, Lá chanh, ớt sừng cắt sợi, Bột cà ri, dầu hào, dầu ăn, Hạt nêm Aji-ngon® Heo, Thịt gà má đùi lọc xương 200g, Thơm chín 1/4 quả, Hành tây 1/2 củ nhỏ, Nước cốt dừa 2M, Hành tỏi băm 1M, Xà lách búp 2 cây, Lá chanh, ớt sừng cắt sợi, Bột cà ri, dầu hào, dầu ăn, Hạt nêm Aji-ngon® Heo","Thịt gà cắt sợi, ướp 1/2M hành tỏi băm, 1/2m bột cà ri, 1m hạt nêm Aji-ngon®, 1M dầu hào, 2M nước cốt dừa, để thấm. Xà lách tách lấy lá nguyên, rửa sạch, để ráo. Thơm cắt sợi nhỏ cỡ thịt gà. Hành tây cắt múi cau nhỏ. Lá chanh cắt nhuyễn.","Cho 1M dầu ăn vào chảo, cho hành tỏi vào xào thơm, cho thịt gà vào xào săn, nếm vị vừa ăn, cho thơm và hành tây vào xào chín. Trộn đều lá chanh, ớt sừng với thịt gà. Tắt lửa.","Xếp lá xà lách ra dĩa (giống bông hoa), cho thịt gà trộn lá chanh, trang trí ớt sợi và rau thơm lên trên.",Ướp thịt gà với bột cà ri và nước cốt dừa để thịt gà thơm và béo hơn.Trộn lá chanh sau cùng để tạo mùi thơm cho món ăn mà không bị đắng.,Gà xào cà ri,6.25,112.5,8.75,3.75,0.75,7.5,0.0,0.125,7.5,0.5,25.0,62.5,5.0,2.5,100.0,125.0
https://monngonmoingay.com/canh-chua-ca-cu-thi-la/,https://monngonmoingay.com/wp-content/smush-webp/2017/02/Canh-chua-540.png.webp,https://www.youtube.com/channel/UC-2EWHDbHnx5JOeyWfLdIxQ,Canh chua cá củ thì là,"Ngày nóng nực, không gì hấp dẫn hơn là một tô canh chua chua cay nhẹ, thơm mùi củ thì là. Chưa kể, ăn một miếng cá hơi dai bên ngoài, săn chắc, và ngọt thịt bên trong, thêm một miếng bún thanh mát, chao ôi miếng ngon như “tan” ra trong miệng!",4 người,20 Phút,Dễ,"Canh/Súp, Hầm, Cá, Các loại rau, Củ quả, Rau củ quả khác, Thực đơn hàng ngày, Bữa tối, Bữa trưa, Nam, Cha, Mẹ, Người lớn tuổi, Trẻ em","Cá chim 1 con (350g), Đậu bắp 100g, Giá sống 100g, Cà chua 1 quả, Thơm 1/4 quả, Củ thì là (fennel) 1 củ, Hành lá, ớt sừng cắt lát, Tỏi phi dầu, Dầu ăn, muối, Gia vị nêm sẵn Aji-Quick® Lẩu Thái, Cá chim 1 con (350g), Đậu bắp 100g, Giá sống 100g, Cà chua 1 quả, Thơm 1/4 quả, Củ thì là (fennel) 1 củ, Hành lá, ớt sừng cắt lát, Tỏi phi dầu, Dầu ăn, muối, Gia vị nêm sẵn Aji-Quick® Lẩu Thái","Cá chim cắt đôi, rắc chút muối, chiên sơ. Cà chua cắt múi cau. Thơm cắt rẻ quạt. Đậu bắp cắt lát xéo. Củ thì là cắt sợi. Hành lá cắt khúc 1cm.","Đun sôi 1.5 lít nước, cho 1 gói Aji-quick® Gia vị nêm sẵn Lẩu Thái vào, rồi cho cá vào nấu chín, cho tiếp đậu bắp, cà chua, thơm vào nấu vừa chín tới, nếm vị vừa ăn, cuối cùng cho giá sống, củ thì là cắt sợi và hành lá vào, tắt lửa.","Múccanhra tô, cho 1M tỏi phi dầu và ớt sừng cắt lát lên. Dùng nóng với cơm hoặc bún.","Chiên sơ cá để cá săn, thơm và ngon hơn.Dùng gói Aji-Quick® Gia vị nêm sẵn Lẩu Thái bao gồm tất cả các nguyên liệu cần thiết chomón ăn, không cần phải nêm thêm gia vị khác.",Canh chua cá củ thì là,6.25,112.5,10.0,2.5,2.0,10.0,0.0,0.375,25.0,0.5,20.0,75.0,12.5,1.25,175.0,200.0
https://monngonmoingay.com/mi-soba-xao-kieu-nhat/,https://monngonmoingay.com/wp-content/smush-webp/2017/02/mi-so-ba-xao-540.png.webp,https://www.youtube.com/channel/UC-2EWHDbHnx5JOeyWfLdIxQ,Mì Soba Xào Kiểu Nhật,"Món mì soba xào mang đến hương vị ẩm thực Nhật Bản thơm ngon hoà quyện giữa rau củ tươi ngon, thịt áp chảo vừa chín tới rất hài hòa và cân bằng dinh dưỡng. Kèm thêm nước xốt chua ngọt Okomomiyaki mang hương vị đặc trưng, món mì xào nóng hổi, thêm chút tiêu thơm thơm càng giúp món ăn thêm hấp dẫn đó!",4 người,20 Phút,Dễ,"Món Xào, Thịt heo, Các loại rau, Củ quả, Rau củ quả khác, Tinh bột khác, Thực đơn hàng ngày, Bữa tối, Bữa trưa, Cuối tuần, Món Á, Cha, Mẹ, Người lớn tuổi, Trẻ em","Mì Soba tươi 300g, Thịt ba chỉ 200g, Bông hẹ 50g, Giá sống 100g, Cà rốt 50g, Hành tây tím 1/2 củ, Hành boa-rô 1 khúc 10cm, Ớt sừng 1 trái (1/2m), Tỏi băm, hành tím băm, Tiêu, xốt Okonomiyaki, dầu ăn, dầu mè, Nước tương ""Phú Sĩ"", Hạt nêm Aji-ngon® Heo, Mì Soba tươi 300g, Thịt ba chỉ 200g, Bông hẹ 50g, Giá sống 100g, Cà rốt 50g, Hành tây tím 1/2 củ, Hành boa-rô 1 khúc 10cm, Ớt sừng 1 trái (1/2m), Tỏi băm, hành tím băm, Tiêu, xốt Okonomiyaki, dầu ăn, dầu mè, Nước tương ""Phú Sĩ"", Hạt nêm Aji-ngon® Heo","Thịt cắt lát mỏng ướp 1m hành tím băm, 1/2m hạt nêm Aji-ngon®, 1 ít tiêu, 1m nước tương “Phú Sĩ”, để thấm. Trộn đều mì Soba với 2m nước tương “Phú Sĩ”. Hành tây tím, cà rốt cắt sợi nhỏ. Ớt sừng cắt hình thoi. Hành boa-rô cắt lát xéo 0.5cm.","Cho ít dầu vào chảo, cho mì soba vào áp chảo cho mì thơm, để riêng. Đun nóng ít dầu, cho thịt ba chỉ vào áp chảo cho săn và thơm, lấy ra để riêng, thêm dầu vào chảo, phi thơm tỏi, cho cà rốt, giá hẹ, hành tây tím, ớt sừng vào xào nhanh, sau đó cho mì soba vào lại, nêm 1m hạt nêm Aji-ngon®, 1.5M xốt Okonomiyaki, thêm 1/2m dầu mè, hành boa-rô, trộn đều, nếm vị vừa ăn, tắt lửa.","Cho mì xào rau củ ra dĩa, thêm thịt ba chỉ áp chảo lên trên, rắc thêm tiêu, dùng nóng.","Ướp mì với nước tương trước để khi áp chảo sợi mì thơm, thấm vị và săn hơn.Áp chảo thịt ba chỉ giúp thịt săn, thơm và ngon hơn.",Mì Soba Xào Kiểu Nhật,26.25,200.0,10.0,2.5,2.0,5.0,0.0,0.125,12.5,1.0,25.0,75.0,12.5,3.75,125.0,300.0
https://monngonmoingay.com/bo-xao-nam-mo/,https://monngonmoingay.com/wp-content/smush-webp/2017/02/Than-bo-540.png.webp,https://www.youtube.com/channel/UC-2EWHDbHnx5JOeyWfLdIxQ,Bò xào nấm mỡ,"Với hàm lượng dinh dưỡng cao và màu vàng óng ả bắt mắt, nấm mỡ là một loại nguyên liệu đặc biệt làm nên hương vị rất riêng cho món bò xào quen thuộc. Đặc biệt, nấm mỡ còn giúp loại bỏ cảm giác chán ăn, mệt mỏi, kích thích tiêu hóa, rất phù hợp để chế biến món ăn sau mỗi đợt lễ tết.",4 người,30 Phút,Dễ,"Món Xào, Thịt bò, Các loại rau, Củ quả, Rau củ quả khác, Nấm, Thực đơn hàng ngày, Bữa tối, Bữa trưa, Nam, Cha, Mẹ, Người lớn tuổi, Trẻ em","Thịt bò phi lê 200g, Nấm mỡ 100g, Bông cải xanh, trắng mỗi loại 100g, Ớt chuông vàng, đỏ mỗi loại 1/4 quả, Hành tây 1/2 củ, Mè trắng rang, dầu oliu, hành tỏi băm, ngò rí, Muối, tiêu, ớt cắt lát, Nước tương ""Phú Sĩ"", Hạt nêm Aji-ngon® Heo, Thịt bò phi lê 200g, Nấm mỡ 100g, Bông cải xanh, trắng mỗi loại 100g, Ớt chuông vàng, đỏ mỗi loại 1/4 quả, Hành tây 1/2 củ, Mè trắng rang, dầu oliu, hành tỏi băm, ngò rí, Muối, tiêu, ớt cắt lát, Nước tương ""Phú Sĩ"", Hạt nêm Aji-ngon® Heo","Thịt bò cắt lát mỏng ngang sớ. Ướp thịt với 1/2m hạt nêm Aji-ngon®, 1/4m muối, 1 ít tiêu, 1.5M dầu oliu, hành tỏi băm. Nấm mỡ cắt lát mỏng. Bông cải chẻ miếng 3cm. Ớt chuông cắt quả trám. Hành tây cắt múi cau. Chần bông cải chín 50%, ngâm vào nước đá cho giòn.","Phi 2M dầu oliu với hành tỏi băm, cho thịt bò vào xào nhanh tay, thịt vừa chín tái trút ra. Thêm dầu và hành tỏi, xào nhanh nấm mỡ, bông cải, chắt nước thịt bò xào vào, nêm 1m hạt nêm Aji-ngon®, thêm hành tây, ớt chuông. Rau củ gần chín thì cho thit bò vào, trộn đều, tắt lửa.","Cho bò xào nấm ra dĩa, rắc mè trắng rang lên trên. Dọn kèm nước tương “Phú Sĩ” và ớt cắt lát.",Dùng dầu oliu để thay đổi và làm đa dạng loại chất béo cho cơ thể.Xào riêng phần rau củ và thịt bò để thực phẩm chín đều và không bị mềm hay dai.,Bò xào nấm mỡ,6.25,112.5,11.25,2.0,2.0,37.5,0.2,0.75,20.0,1.5,30.0,87.5,17.5,2.0,200.0,150.0
https://monngonmoingay.com/mi-linguine-xao-tom-bap/,https://monngonmoingay.com/wp-content/smush-webp/2016/12/Mi-540.png.webp,https://www.youtube.com/channel/UC-2EWHDbHnx5JOeyWfLdIxQ,Mì Linguine xào tôm bắp,"Hãy cùng biến tấu món mì xào yêu thích của cả nhà với mì sợi dẹp linguine mang hương vị nước Ý, kết hợp cùng tôm thấm vị đậm đà và các loại rau củ quả cho bữa cơm thanh nhẹ, dễ tiêu lại vừa đủ chất.",4 người,25 Phút,Dễ,"Món Xào, Tôm, Các loại rau, Củ quả, Rau củ quả khác, Thực đơn hàng ngày, Bữa trưa, Bữa tối, Món Âu, Cha, Mẹ, Người lớn tuổi, Trẻ em","Tôm sú bóc vỏ bỏ đuôi 200g, Mì linguine sợi dẹp 250g, Bắp non 100g, Đậu bi bo 50g, Cà chua cắt hạt lựu 1 chén, Tương cà chua 2M, Hành tây xắt hạt lựu 1 chén, Nước cốt chanh 1m, Rau cần tây, lá quế tây, tỏi băm, Muối, tiêu xay, dầu ăn, Nước tương ""Phú Sĩ"", Tôm sú bóc vỏ bỏ đuôi 200g, Mì linguine sợi dẹp 250g, Bắp non 100g, Đậu bi bo 50g, Cà chua cắt hạt lựu 1 chén, Tương cà chua 2M, Hành tây xắt hạt lựu 1 chén, Nước cốt chanh 1m, Rau cần tây, lá quế tây, tỏi băm, Muối, tiêu xay, dầu ăn, Nước tương ""Phú Sĩ""","Mì linguine sợi dẹp luộc chín, vớt ra để ráo, để lại 1/2 chén nước luộc mì. Tôm ướp 1/3m muối, 1/3m tiêu, 1m tỏi băm và 1m nước cốt chanh, để thấm. Đậu bi bo luộc chín. Bắp non cắt xéo, luộc chín. Lá cần tây, quế tây cắt nhuyễn.","Đun nóng dầu ăn, cho hành tây vào phi thơm, rồi cho tôm vào xào chín cùng cà chua, trút ra để riêng. Tiếp theo cho bắp non, đậu bi vào xào kĩ, rồi cho tôm và cà chua vào trộn chung, thêm 1/2 chén nước luộc mì vào, đun sôi, nấu đến khi các nguyên liệu chín, nêm thêm 1M nước tương “Phú Sĩ” và 2M tương cà vào, khuấy đều, tắt lửa.","Cho mì ra dĩa, cho tôm xào lên trên. Trang trí thêm với lá cần tây và rắc 1 ít lá quế tây cắt nhuyễn.",Ướp nước cốt chanh vào tôm giúp khử tanh và tôm dậy mùi thơm.Luộc trước đậu bi bo để nguyên liệu chín đồng đều.,Mì Linguine xào tôm bắp,18.75,162.5,11.25,3.75,2.0,7.5,0.0,0.375,20.0,1.0,45.0,87.5,12.5,1.25,150.0,175.0
https://monngonmoingay.com/bi-do-xao-thit-xong-khoi/,https://monngonmoingay.com/wp-content/smush-webp/2016/10/2810-Bi-Do-Xao-Thit-Xong-Khoi-540-360.jpg.webp,https://www.youtube.com/channel/UC-2EWHDbHnx5JOeyWfLdIxQ,Bí đỏ xào thịt xông khói,"Từ những nguyên liệu quen thuộc nhưng lại tạo ra vị ngon rất mới lạ và hấp dẫn! Món ăn có vị ngọt bùi và thơm của bí đỏ, thịt xông khói giòn, mùi thơm của tía tô và mè rang quyện lại thật hấp dẫn! Một chút biến tấu này sẽ giúp bạn thay đổi khẩu vị cho bữa ăn gia đình, lại phù hợp cho tất cả thành viên trong nhà, từ trẻ em đến người cao tuổi!",4 người,25 Phút,Dễ,"Món Xào, Thịt heo, Rau củ quả khác, Củ quả, Khác, Thực đơn hàng ngày, Bữa trưa, Bữa tối, Giáng sinh, Món Âu, Cha, Mẹ, Người lớn tuổi, Trẻ em","Bí đỏ 300g, Thịt ba rọi xông khói 100g, Hành boaro 1 cây, Lá tía tô 20g, Mè rang 1M, Tỏi tép 5 tép, Bơ lạt cắt khối 1cm (giữ lạnh) 20g, Hạt nêm Aji-ngon® Heo, Bí đỏ 300g, Thịt ba rọi xông khói 100g, Hành boaro 1 cây, Lá tía tô 20g, Mè rang 1M, Tỏi tép 5 tép, Bơ lạt cắt khối 1cm (giữ lạnh) 20g, Hạt nêm Aji-ngon® Heo","Bí đỏ cắt miếng vừa ăn, luộc chín trong nước có nêm 1m hạt nêm Aji-ngon®. Thịt ba rọi xông khói cắt 2cm. Hành boaro cắt xéo dày 0.5cm. Tỏi tép đập dập. Lá tía tô cắt nhỏ.","Thịt ba rọi xông khói rang trên chảo cho thơm vàng đều, tươm mỡ, lấy thịt ra, cho tỏi vào phi thơm, cho bí đỏ và hành boaro vào xào rồi nêm 1m hạt nêm Aji-ngon®, cho thịt ba rọi vào đảo nhanh tay rồi tắt bếp. Cho bơ lạt lạnh vào, rắc mè lên, xốc đều.","Trút bí đỏ xào ra dĩa, rắc lá tía tô lên mặt, dùng nóng.",Cho bơ lạnh vào sau cùng để cân bằng mùi vị của món ăn.Xào thịt xông khói tươm mỡ trước khi cho bí vào để tạo mùi thơm đặc trưng.,Bí đỏ xào thịt xông khói,6.25,95.0,3.75,2.0,1.25,3.75,0.0,0.125,12.5,0.5,10.0,50.0,7.5,2.5,100.0,150.0
https://monngonmoingay.com/trung-duc-nam-rom/,https://monngonmoingay.com/wp-content/smush-webp/2016/07/297-trung-dut-nam-rom-540-360.jpg.webp,https://www.youtube.com/channel/UC-2EWHDbHnx5JOeyWfLdIxQ,Trứng đúc nấm rơm,"Biến tấu một món ăn hết sức quen thuộc là trứng đúc thịt bằng một chút nấm rơm, chúng ta có ngay món trứng đúc nấm rơm thơm ngon béo ngậy. Rất thích hợp cho các gia đình có trẻ nhỏ vì món ăn này vừa dễ tiêu hoá, lại rất thơm ngon. Thêm màu sắc bắt mắt của màu vàng trứng chiên cùng xanh của hành lá có thể hấp dẫn những bé con khó dỗ ăn nhất.",4 người,30 Phút,Dễ,"Chiên, Thịt heo, Nấm, Trứng, Củ quả, Rau củ quả khác, Tinh bột khác, Thực đơn hàng ngày, Bữa trưa, Bữa tối, Cuối tuần, Giáng sinh, Lễ hội hóa trang, Sinh nhật, Nam, Cha, Mẹ, Người lớn tuổi, Trẻ em","Thịt nạc dăm xay: 50g, Bún tàu ngâm nở: 1 lọn nhỏ, Nấm rơm: 100g, Trứng vịt: 3 quả, Hành lá: 1 cọng, Hành tím băm, Tiêu, dầu ăn, Hạt nêm Aji-ngon® Heo, Thịt nạc dăm xay: 50g, Bún tàu ngâm nở: 1 lọn nhỏ, Nấm rơm: 100g, Trứng vịt: 3 quả, Hành lá: 1 cọng, Hành tím băm, Tiêu, dầu ăn, Hạt nêm Aji-ngon® Heo","Thịt nạc dăm, ướp 1m hành tím, 1/3m tiêu, 1/3m hạt nêm Aji-ngon®, 1m nước. Hành là xắt nhuyễn. Nấm rơm làm sạch, cắt lát mỏng. Bún tàu cắt khúc ngắn khoảng 3cm.","Xào chín thịt, nấm. Đập trứng ra tô, đánh trứng cho đều lòng trắng và lòng đỏ. Cho thịt vào trộn chung với trứng, cho thêm 1/2m hạt nêm Aji-ngon®, 1/3m tiêu. Đánh đều cho trứng tan đều. Cho nấm rơm, bún tàu, hành lá vào trộn đều. Đặt chảo lên bếp, chờ chảo nóng, cho dầu ăn vào, đặt khuôn lên. Trút trứng vào khuôn khoảng 2cm, rắc hành lá lên trên, chiên chín vàng đều hai mặt. Trứng chín, cho ra dĩa.","Cho ra dĩa, dùng kèm với nước mắm.",Cho thêm một ít nước vào thịt để tăng độ mềm mại và nguyên liệu được hòa quyện.,Trứng đúc nấm rơm,6.25,112.5,7.5,0.5,0.75,0.5,0.5,0.2,12.5,0.75,150.0,75.0,7.5,2.0,87.5,100.0
https://monngonmoingay.com/ngoc-muc-xoc-toi/,https://monngonmoingay.com/wp-content/smush-webp/2016/07/87-ngoc-muc-xoc-toi_540-360.jpg.webp,https://www.youtube.com/channel/UC-2EWHDbHnx5JOeyWfLdIxQ,Ngọc mực xóc tỏi,"Ngọc mực lăn bột chiên giòn vàng ruộm xóc trộn với tỏi, hành phi thơm lừng nức mũi kết hợp với hành tây, rau muống chần ngòn ngọt, vị ớt sừng cay the đầu lưỡi tạo nên món ăn hương vị đặc trưng, vừa ngon miệng vừa đẹp mắt. Thêm một chút nước chấm đậm đà khiến bữa ăn thêm phần hấp dẫn.",4 người,30 Phút,Dễ,"Khác, Mực/Bạch tuộc, Rau củ quả khác, Củ quả, Các loại rau, Bữa trưa, Bữa tối, Nam, Cha, Mẹ, Người lớn tuổi, Trẻ em","Ngọc mực (còn gọi là răng mực): 100g, Ớt sừng cắt sợi: 1 trái, Tỏi củ nhỏ đập dập: 30g, Rau muống cọng: 100g, Hành tây: 1/4 củ, Tương ớt: 1M, Hành lá cắt khúc: 3 cây, Tương ớt, dầu Olive, Hạt nêm Aji-ngon® Heo, Aji-Quick® Bột Chiên Giòn, Ngọc mực (còn gọi là răng mực): 100g, Ớt sừng cắt sợi: 1 trái, Tỏi củ nhỏ đập dập: 30g, Rau muống cọng: 100g, Hành tây: 1/4 củ, Tương ớt: 1M, Hành lá cắt khúc: 3 cây, Tương ớt, dầu Olive, Hạt nêm Aji-ngon® Heo, Aji-Quick® Bột Chiên Giòn","Rau muống cắt khúc 4cm, chần qua nước sôi. Hành tây cắt sợi. Pha Aji-Quick® Bột Chiên Giòn Hải Sản theo bao bì. Ngọc (răng) mực lấy bỏ phần răng cứng, lăn qua Aji-Quick® Bột Chiên Giòn Hải Sản bột khô, tẩm Aji-Quick® Bột Chiên Giòn Hải Sản pha, cho vào chảo chiên giòn.","Đun nóng dầu olive, cho tỏi vào phi thơm, cho rau muống vào xào sơ, nêm 1/2m hạt nêm Aji-ngon® , cho tiếp hành tây, ớt sừng cắt sợi và hành lá vào đảo đều, cho ngọc mực vào xóc đều, nếm vị vừa ăn, tắt lửa.","Dùng nóng, chấm nước tương “Phú Sĩ” và tương ớt.",Xào dầu olive với lửa vừa để giữ hương vị và giá trị dinh dưỡng của dầu.,Ngọc mực xóc tỏi,3.75,52.5,5.0,1.25,0.75,7.5,0.0,0.0,12.5,0.625,20.0,50.0,7.5,0.5,87.5,150.0
https://monngonmoingay.com/cha-muc-bap-ap-chao/,https://monngonmoingay.com/wp-content/smush-webp/2016/04/4_CQC2128_ChaMucBapApChao540-e1460128009680.jpg.webp,https://www.youtube.com/channel/UC-2EWHDbHnx5JOeyWfLdIxQ,Chả mực bắp áp chảo,"Lạ miệng, mới mẻ và cực hấp dẫn với món chả mực bắp áp chảo! Mực xay trộn với cá thác lác và bắp bào cộng với công thức sáng tạo từ chương trình sẽ cho ra những viên chả thơm, dai, sừn sựt mà không hề bị khô. Cách chế biến áp chảo giúp chả không bị ngấm dầu, lại béo nhẹ từ xốt mayonnaise và thơm mè rang. Chắc chắn, người mê món này nhất chính là bé yêu nhà bạn rồi!",4 người,25 Phút,Dễ,"Khác, Cá, Mực/Bạch tuộc, Rau củ quả khác, Hải sản khác, Củ quả, Khác, Thực đơn hàng ngày, Bữa trưa, Bữa tối, Trung, Cha, Mẹ, Người lớn tuổi, Trẻ em","Mực lá xay nhuyễn 150g, Cá thác lát nạo 150g, Bắp Mỹ bào mỏng 100g, Hành lá 4 cây, Mè rang giã bể 2M, Ớt sừng 1 trái, Tương ớt 2M, Tiêu giã bể, dầu ăn, Xốt Mayonnaise Aji-mayo® Vị Nguyên Bản, Hạt nêm Aji-ngon® Heo, Mực lá xay nhuyễn 150g, Cá thác lát nạo 150g, Bắp Mỹ bào mỏng 100g, Hành lá 4 cây, Mè rang giã bể 2M, Ớt sừng 1 trái, Tương ớt 2M, Tiêu giã bể, dầu ăn, Xốt Mayonnaise Aji-mayo® Vị Nguyên Bản, Hạt nêm Aji-ngon® Heo",Bắp Mỹ bào mỏng. Hành lá cắt nhỏ. Ớt sừng cắt hạt lựu.,"Quết dẻo cá thác lác rồi trộn với mực xay, bắp Mỹ, hành lá, ớt sừng, nêm 1/2M hạt nêm Aji-ngon®, 1M xốt Mayonnaise Aji-Mayo®, 1/2M tiêu bể. Chia làm 8, vò viên, ép dẹp 8mm. Chiên áp chảo với ít dầu đến khi chín vàng 2 mặt. Xốt chấm: Khuấy đều 2M tương ớt, 2M mè trắng rang, 4M xốt chấm xốt Mayonnaise Aji-Mayo®.","Cho món ăn ra dĩa ăn kèm với xốt chấm, dưa leo và cà chua.",Áp chảo với ít dầu để chả thơm mà không bị ngấm dầu.Thêm xốt Mayonnaise Aji-Mayo® để chả béo thơm không bị khô.,Chả mực bắp áp chảo,6.25,112.5,10.0,1.25,0.75,1.25,0.0,0.25,12.5,0.5,37.5,75.0,5.0,2.0,100.0,175.0
https://monngonmoingay.com/mang-tay-xao-tom/,https://monngonmoingay.com/wp-content/smush-webp/2016/03/mangtayxaotom540-e1458916670954.jpg.webp,https://www.youtube.com/channel/UC-2EWHDbHnx5JOeyWfLdIxQ,Măng tây xào tôm,"Sự kết hợp giữa măng tây, lá Oregano và tôm mang lại một món ăn khá đặc biệt và mới lạ. Tôm ngọt thịt, quyện mùi thơm đặc trưng của Oregano và độ giòn tươi của măng tây, nấm rơm và các loại rau củ. Một món xào khá bình dị nhưng lại có dấu ấn khó phai.",4 người,20 Phút,Dễ,"Món Xào, Tôm, Nấm, Cà chua, Rau củ quả khác, Củ quả, Thực đơn hàng ngày, Bữa tối, Bữa trưa, Món Âu, Cha, Mẹ","Nấm rơm nở 100g, Tôm tươi bóc vỏ 200g, Măng tây 150g, Cà rốt 50g, Hành tây 1/2 củ, Ngò tây, lá Oregano khô, Muối, tiêu, dầu olive, Hạt nêm Aji-ngon® Heo, Nấm rơm nở 100g, Tôm tươi bóc vỏ 200g, Măng tây 150g, Cà rốt 50g, Hành tây 1/2 củ, Ngò tây, lá Oregano khô, Muối, tiêu, dầu olive, Hạt nêm Aji-ngon® Heo","Tôm chẻ lưng, ướp với 1/3m muối, 1/4m tiêu, 1/3m hạt nêm Aji-ngon® và 1/3m lá oregano khô. Nấm rơm chẻ chữ thập trên đầu, ướp ít tiêu và 1/4m hạt nêm Aji-ngon®. Măng tây bào vỏ, cà rốt cắt hình thoi, chần sơ. Ngò tây cắt nhỏ. Hành tây cắt múi cau, 2M hành tây cắt hạt lựu.","Đun nóng dầu ăn, cho hành tây cắt hạt lựu vào xào thơm, cho tôm vào xào săn, rồi cho nấm rơm vào xào chín. Tiếp tục cho măng tây, cà rốt, hành tây múi cau vào đảo đều cho chín, nêm 1/3m hạt nêm Aji-ngon®. Cuối cùng cho ngò tây vào. Tắt lửa.",Dùng nóng với cơm.,"Chần măng tây, cà rốt trước để nguyên liệu chín đều.Ướp lá oregano vào tôm để tăng hương vị đặc trưng cho món ăn.",Măng tây xào tôm,3.75,65.0,8.75,1.25,1.25,6.25,0.0,0.25,17.5,0.75,37.5,75.0,12.5,0.375,150.0,100.0
https://monngonmoingay.com/hau-nuong-la-huong-thao/,https://monngonmoingay.com/wp-content/smush-webp/2016/03/Hau-nuong-la-huong-thao_540-e1457653223526.jpg.webp,https://www.youtube.com/channel/UC-2EWHDbHnx5JOeyWfLdIxQ,Hàu nướng lá hương thảo,"Phiên bản thơm lừng mà ngon tuyệt của món hàu nướng! Lá hương thảo vốn thường được dùng trong các món Âu, nay ướp hương trong từng miếng hàu nướng béo mềm vừa chín tới, ăn một lần là nhớ mãi. Chỉ cần một ít là hương thảo tươi, hàu sống cùng một thời gian ngắn gọn, bạn đã có ngay món ngon đãi cả nhà dịp cuối tuần. Món ăn khó kiếm “ngoài tiệm” nhưng lại ngon ngỡ ngàng này sẽ khiến cả nhà bạn thích mê.",4 người,20 Phút,Dễ,"Nướng, Quay/Rôti, Hải sản khác, Củ quả, Rau củ quả khác, Thực đơn hàng ngày, Bữa tối, Cuối tuần, Giáng sinh, Lễ hội hóa trang, Sinh nhật, Cha, Mẹ, Trẻ em","Hàu tươi 1kg, Lá hương thảo 30g, Nước cốt chanh, muối, tiêu, Mù tạt xanh, ớt bột paprika, Xốt Mayonnaise Aji-mayo® Vị Nguyên Bản, Hàu tươi 1kg, Lá hương thảo 30g, Nước cốt chanh, muối, tiêu, Mù tạt xanh, ớt bột paprika, Xốt Mayonnaise Aji-mayo® Vị Nguyên Bản","Hàu rửa sạch, cạy bỏ 1 bên vỏ. Băm nhỏ 1M lá hương thảo. Pha hỗn hợp gia vị gồm: 1/2 chén xốt Mayonnaise Aji-Mayo®, 1/2m ớt bột barica, 1M lá hương thảo băm, 1M mù tạt xanh, 2M nước cốt chanh trộn đều.","Rắc chút muối, tiêu lên hàu, phết hỗn hợp gia vị, vài cọng lá hương thảo, rắc ớt bột, nướng trên vỉ hoặc đem đút lò 10 phút nhiệt độ 200 độ C cho hàu chín.","Trình bày ra đĩa, bắt mayonnaise lên trên. Dùng nóng.","Chọn hàu có vỏ sạch, khép miệng, chắc, nặng tay.Nướng vừa chín tới để hàu không bị dai.",Hàu nướng lá hương thảo,7.5,200.0,22.5,0.0,0.0,7.5,0.0,5.0,25.0,2.0,37.5,50.0,0.0,5.0,37.5,200.0
https://monngonmoingay.com/lau-bo-2/,https://monngonmoingay.com/wp-content/smush-webp/2016/03/Lẩu-bò_540-e1457134824878.jpg.webp,https://www.youtube.com/channel/UC-2EWHDbHnx5JOeyWfLdIxQ,Lẩu bò,"Với công thức khá đơn giản mà nhiều bí quyết đặc biệt, món lẩu bò không khó như bạn nghĩ! Nước lẩu trong ngọt, đậm đà và thơm đặc trưng của món ăn, thịt bò chín mềm, thấm vị với cách ướp độc đáo. Món ăn hấp dẫn hơn với những miếng khoai môn chín dẻo và không bở nát. Sử dụng gói gia vị Aji-Quick® Lẩu Đuôi Bò là bí mật tiết kiệm thời gian và công nêm nếm phức tạp cho món ăn",4 người,25 Phút,Dễ,"Hầm, Canh/Súp, Thịt bò, Các loại rau, Củ quả, Rau củ quả khác, Tinh bột khác, Thực đơn hàng ngày, Bữa tối, Bữa trưa, Cuối tuần, Sinh nhật, Món Á, Cha, Người lớn tuổi, Mẹ","Nạm bò 500g, Khoai môn 250g, Củ sen 200g, Mồng tơi 300g, Cải xanh 300g, Hành tỏi băm 1M, Gừng 50g, Sả 2, cây Hành tím 2 củ, Mì trứng 500g, Rau tía tô, Nước mắm, dầu điều, Tương ớt, tương đen, sa tế, Aji-Quick® Gia vị nêm sẵn Lẩu Đuôi Bò, Nạm bò 500g, Khoai môn 250g, Củ sen 200g, Mồng tơi 300g, Cải xanh 300g, Hành tỏi băm 1M, Gừng 50g, Sả 2, cây Hành tím 2 củ, Mì trứng 500g, Rau tía tô, Nước mắm, dầu điều, Tương ớt, tương đen, sa tế, Aji-Quick® Gia vị nêm sẵn Lẩu Đuôi Bò","Gừng, hành củ nướng thơm, rửa sạch, đập dập. Sả đập dập, cắt khúc. Khoai môn chiên sơ, củ sen cắt miếng vừa ăn. Mồng tơi, cải xanh cắt khúc. Tía tô cắt nhỏ. Mì trứng ngâm mềm, để ráo, xếp ra dĩa.","Nạm bò rửa sạch, ráo nước. Cho nạm bò vào nồi áp suất cùng với gừng nướng, hành củ nướng và sả cây đập giập, sau đó cho 1.8L nước vào nấu sôi 20 phút, xả hơi, mở nắp lấy nạm bò ra, thoa 1M nước mắm, để 5 phút cho thấm rồi cắt miếng mỏng. Lọc lấy 1.5L nước dùng. Đun nóng 1M dầu điều, cho hành tím vào phi thơm, cho nước dùng cùng với khoai môn, củ sen vào nấu chín mềm, nêm gói Aji-Quick® Gia vị nêm sẵn Lẩu Đuôi Bò vào khuấy đều, thêm tía tô cắt nhỏ. Thái nạm bò, cho ra dĩa. Khi ăn cho rau vào nấu chín, dùng chung với thịt nạm bò và mì trứng. Nước chấm: tương ớt, tương đen, sa tế pha chế tùy khẩu vị.","Khi ăn cho rau vào nấu chín, dùng chung với thịt nạm bò và mì trứng. Nước chấm: tương ớt, tương đen, sa tế pha chế tùy khẩu vị.",Chiên sơ khoai môn để khi nấu khoai không bị nát.Sử dụng gói Aji-Quick® Gia vị nêm sẵn Lẩu Đuôi Bò không cần nêm thêm gia vị khác.,Lẩu bò,32.5,362.5,18.75,3.75,4.5,20.0,0.0,0.625,62.5,2.0,45.0,150.0,30.0,6.25,300.0,450.0
https://monngonmoingay.com/tom-chien-rong-bien/,https://monngonmoingay.com/wp-content/smush-webp/2016/02/TomChienRongBien_540-e1454587310846.jpg.webp,https://www.youtube.com/channel/UC-2EWHDbHnx5JOeyWfLdIxQ,Tôm chiên rong biển,"Thêm công thức mới để chế biến món tôm, đó là kết hợp với rong biển! Cuốn tôm chiên dai giòn ngọt thịt, thịt tôm được quết kỹ tạo độ kết dính tốt cho món ăn. Đặc biệt hơn, rong biển có độ dẻo quấn quanh thịt tôm tạo nên nét hấp dẫn tuyệt vời, lại rất lạ miệng cho món ăn. Một món quen mà lạ, góp thêm lựa chọn cho thực đơn đãi Tết hoặc các ngày tiệc tùng trong năm!",4 người,20 Phút,Dễ,"Chiên, Tôm, Rau củ quả khác, Trứng, Khác, Các loại thịt khác, Các loại rau, Củ quả, Thực đơn hàng ngày, Bữa tối, Bữa trưa, Cuối tuần, Giáng sinh, Lễ hội hóa trang, Sinh nhật, Nam, Cha, Mẹ, Người lớn tuổi, Trẻ em","Tôm sú lột vỏ 200g, Giò sống 50g, Trứng gà 1 quả, Cốm dẹp 1M, Củ sen băm 2M, Cần tây băm 1M, Ớt sừng cắt nhỏ 1M, Bắp hạt bào mỏng 1M, Lá rong biển 2 lá, Cọng ngò rí băm 1m, Tiêu sọ rang giã bể, tương ớt, dầu ăn, Aji-Quick® Bột Tẩm Khô Chiên Giòn, Hạt nêm Aji-ngon® Heo, Xốt Mayonnaise Aji-mayo® Vị Nguyên Bản, Tôm sú lột vỏ 200g, Giò sống 50g, Trứng gà 1 quả, Cốm dẹp 1M, Củ sen băm 2M, Cần tây băm 1M, Ớt sừng cắt nhỏ 1M, Bắp hạt bào mỏng 1M, Lá rong biển 2 lá, Cọng ngò rí băm 1m, Tiêu sọ rang giã bể, tương ớt, dầu ăn, Aji-Quick® Bột Tẩm Khô Chiên Giòn, Hạt nêm Aji-ngon® Heo, Xốt Mayonnaise Aji-mayo® Vị Nguyên Bản","Tôm sú lấy 8 con cắt dọc theo lưng tôm, lộn lại, xòe hình cánh bướm. Tẩm qua bột Aji-Quick® Bột chiên Gà Giòn. Phần tôm còn lại đập dập, băm nhỏ.","Trộn tôm băm, giò sống với 1M lòng trắng trứng gà, cốm dẹp, củ sen, cần tây, ớt sừng, bắp, 1m cọng ngò rí và 1/2 lá rong biển cắt nhỏ, nêm 1/3m hạt nêm Aji-ngon®, 1/3m tiêu sọ, quết cho hỗn hợp dai. Chia làm 8 phần, tạo hình oval. Hấp chín trong lò vi sóng khoảng 2 phút. Lá rong biển cắt thành sợi có bề ngang 5cm. Đặt 1 con tôm lên miếng chả, dùng 1 cọng rong biển quấn lại. Cho chả tôm vào chiên ngập dầu đến khi vừa chín, vớt ra để ráo dầu.","Xếp tôm chiên rong biển ra dĩa, dùng nóng với xốt pha gồm: xốt Mayonnaise Aji-Mayo® và tương ớt tỉ lệ 1:1.",Chỉ nên cắt lá rong biển ngay trước khi quấn tôm để tránh bị dính bết lại.Quấn cọng rong biển hơi lỏng tay để khi chiên chả tôm còn nở ra là vừa.,Tôm chiên rong biển,8.75,112.5,10.0,1.25,0.75,1.25,0.125,0.375,20.0,0.625,50.0,75.0,7.5,2.0,100.0,150.0
https://monngonmoingay.com/lau-kim-chi/,https://monngonmoingay.com/wp-content/smush-webp/2016/01/1_LauKimChi_540-e1452183011496.jpg.webp,https://www.youtube.com/channel/UC-2EWHDbHnx5JOeyWfLdIxQ,Lẩu kim chi,"Những ngày gió se lạnh, được quây quần bên một món lẩu nóng chua cay thì còn gì bằng. Lẩu kim chi Hàn Quốc được chế biến đơn giản, nhanh chóng, theo phong cách của người Việt. Nước lẩu có vị chua thanh cay nhẹ, thơm mùi kim chi, còn thịt ba chỉ giòn sựt sựt rất ngon, thịt bò vừa chín tới rất mềm ăn với nấm kim chi và cải thảo hấp dẫn vô cùng.",4 người,10 Phút,Dễ,"Lẩu, Thịt gà, Thịt heo, Nấm, Rau củ quả khác, Đậu hũ, Các loại rau, Củ quả, Cuối tuần, Bữa tối, Bữa trưa, Sinh nhật, Món Á, Cha, Mẹ, Người lớn tuổi","Thịt ba chỉ 250g, Thịt bò phi lê mềm 150g, Đậu hũ trắng 1 miếng, Cải thảo 350g, Nấm kim châm 350g, Nấm linh chi nâu 150g, Rau tần ô 200g, Gia vị: hành tím băm, tỏi băm, dầu ăn, Ăn kèm: Mì trứng trụng sẵn, Gia vị nêm sẵn Aji-Quick® Lẩu Kim Chi, Thịt ba chỉ 250g, Thịt bò phi lê mềm 150g, Đậu hũ trắng 1 miếng, Cải thảo 350g, Nấm kim châm 350g, Nấm linh chi nâu 150g, Rau tần ô 200g, Gia vị: hành tím băm, tỏi băm, dầu ăn, Ăn kèm: Mì trứng trụng sẵn, Gia vị nêm sẵn Aji-Quick® Lẩu Kim Chi","Thịt ba chỉ cắt dày 1cm. Thịt bò cắt lát mỏng 2 ly. Đậu hũ trắng cắt vuông 2cm. Xếp ra dĩa. Cải thảo, tần ô cắt khúc 3cm. Nấm kim châm, nấm linh chi rửa sạch, tách nhỏ. Xếp ra dĩa.","Phi thơm 4M dầu ăn với 2M hành tỏi băm, cho thịt ba chỉ vào xào chín. Thêm 1.5L nước vào nấu sôi, cho 1 gói Aji-Quick® gia vị nêm sẵn Lẩu kim chi vào, khuấy đều, cho đậu hũ vào, tắt lửa.","Khi ăn nhúng thịt bò và cho các loại rau vào nấu chín, ăn kèm mì trứng.","Không cần nêm thêm gia vị, chỉ sử dụng gói Aji-Quick® Gia vị nêm sẵn Lẩu kim chi.",Lẩu kim chi,12.5,337.5,21.25,2.5,3.75,17.5,0.0,0.5,62.5,2.0,62.5,150.0,37.5,10.0,300.0,625.0
https://monngonmoingay.com/my-y-xot-kem/,https://monngonmoingay.com/wp-content/smush-webp/2015/12/MiYXotKem_540-e1451032943296.jpg.webp,https://www.youtube.com/channel/UC-2EWHDbHnx5JOeyWfLdIxQ,Mỳ Ý xốt kem,"Món mỳ “kinh điển” đã chinh phục khắp mọi nơi trên thế giới nay sẽ có mặt ngay trên bàn ăn của bạn, do chính tay bạn nấu! Mỳ Ý xốt kem béo thơm, thịt xông khói vừa vị cùng nấm giòn tươi mát sẽ chinh phục tất cả thành viên trong gia đình bạn. Món ăn vừa ngon, vừa dễ chế biến, thích hợp cho các ông bố trổ tài, và cũng là món ngon đãi cả nhà dịp cuối tuần nữa!",4 người,35 Phút,Dễ,"Gỏi/Trộn, Nấm, Thịt heo, Khác, Tôm, Củ quả, Rau củ quả khác, Tinh bột khác, Thực đơn hàng ngày, Cuối tuần, Giáng sinh, Sinh nhật, Bữa sáng, Bữa tối, Bữa trưa, Món Âu, Cha, Mẹ, Trẻ em","Mỳ ý sợi tròn luộc 400g, Ba rọi xông khói 50g, Tôm sú 50g, Kem tươi 100ml, Nấm rơm 50g, Ngò tây băm nhuyễn 1M, Tỏi băm 1M, Muối, tiêu, rượu vang trắng, dầu olive, Xốt Mayonnaise Aji-mayo® Vị Nguyên Bản, Hạt nêm Aji-ngon® Heo, Mỳ ý sợi tròn luộc 400g, Ba rọi xông khói 50g, Tôm sú 50g, Kem tươi 100ml, Nấm rơm 50g, Ngò tây băm nhuyễn 1M, Tỏi băm 1M, Muối, tiêu, rượu vang trắng, dầu olive, Xốt Mayonnaise Aji-mayo® Vị Nguyên Bản, Hạt nêm Aji-ngon® Heo","Ba rọi xông khói cắt sợi. Tôm bóc vỏ, chẻ lưng. Nấm rơm cắt lát mỏng.","Xào xốt: Cho 2M dầu olive vào chảo, cho thịt ba rọi xông khói, nấm rơm, tôm vào xào săn, sau đó cho tỏi, 2M rượu vang trắng, kem tươi vào, nêm 1/2m tiêu, 1/2m muối, 1/2m hạt nêm Aji-ngon®. Tắt lửa, cho 2M xốt Mayonnaise Aji-Mayo® và mì Ý vào trộn đều.","Cho mì ra dĩa, rắc ngò tây lên. Dùng nóng.","Tắt lửa rồi cho xốt Mayonnaise Aji-Mayo® để tạo sự sánh sệt cho sốt.Cho rượu vang trắng để cân bằng vị béo của món ăn, tạo mùi thơm.",Mỳ Ý xốt kem,18.75,162.5,6.25,1.25,0.75,0.5,0.125,0.2,20.0,0.625,37.5,62.5,5.0,5.0,75.0,175.0
https://monngonmoingay.com/trung-chien-ngai-cuu/,https://monngonmoingay.com/wp-content/smush-webp/2015/12/Trung-chien-ngai-cuu540-e1449759974707.jpg.webp,https://www.youtube.com/channel/UC-2EWHDbHnx5JOeyWfLdIxQ,Trứng chiên ngải cứu,"Nếu nhà bạn thích thử hương vị lạ thì đây là lựa chọn tuyệt vời, vừa đơn giản lại rất ngon miệng. Vị thơm đặc trưng của ngải cứu tạo “điểm hút” cho món ăn, quyện với vị xốt mayonnaise béo nhẹ và giúp trứng chiên không bị khô. Công thức còn có thêm thịt cua ngọt mát, tăng sức hấp dẫn cho món ăn. Hãy thử sức chế biến món trứng chiên đơn giản với lá ngải cứu vốn là vị thuốc nam tốt cho sức khỏe để cả nhà cùng thưởng thức nhé!",4 người,10 Phút,Dễ,"Chiên, Hải sản khác, Trứng, Củ quả, Rau củ quả khác, Thực đơn hàng ngày, Bữa tối, Bữa trưa, Giáng sinh, Lễ hội hóa trang, Sinh nhật, Nam, Cha, Mẹ, Người lớn tuổi","Trứng gà 4 quả, Thịt cua 50g, Ngải cứu 20g, Hành tím cắt lát 1M, Tỏi băm 1m, Tiêu, dầu ăn, Trang trí: dưa leo, cà chua bi, Hạt nêm Aji-ngon® Heo, Xốt Mayonnaise Aji-mayo® Vị Nguyên Bản, Trứng gà 4 quả, Thịt cua 50g, Ngải cứu 20g, Hành tím cắt lát 1M, Tỏi băm 1m, Tiêu, dầu ăn, Trang trí: dưa leo, cà chua bi, Hạt nêm Aji-ngon® Heo, Xốt Mayonnaise Aji-mayo® Vị Nguyên Bản","Ngải cứu chọn lá non, thân nhỏ, cắt nhỏ. Thịt cua ướp với ít tiêu, để thấm. Đập trứng ra bát, đánh đều với 1m hạt nêm Aji-ngon® và ít tiêu. Sau đó cho tiếp ngải cứu và 2M xốt Mayonnaise Aji-Mayo® vào, đảo nhẹ tay.","Phi thơm tỏi xay với dầu ăn, cho thịt cua vào xào chín tới, trút ra. Phi thơm hành tím cắt lát, cho tiếp hỗn hợp trứng và ngải cứu vào, trứng se mặt thì rải thịt cua lên, đậy nắp, chiên nhỏ lửa đến khi chín.","Cho trứng ra dĩa trang trí với dưa leo, cà chua, và ít lá ngải cứu. Ăn kèm với xốt Mayonnaise Aji-Mayo® và tương ớt.","Chọn lá ngải cứu non nhỏ, giúp không bị đắng, màu sắc tươi.Xốt Mayonnaise Aji-Mayo® giúp trứng chiên không bị khô, dễ ăn, ngon miệng hơn.",Trứng chiên ngải cứu,1.25,125.0,10.0,0.5,0.25,0.5,0.5,0.25,15.0,0.75,200.0,100.0,12.5,2.5,50.0,75.0
https://monngonmoingay.com/mi-tuong-den/,https://monngonmoingay.com/wp-content/smush-webp/2015/11/Mi-tuong-den540-e1448620309238.jpg.webp,https://www.youtube.com/channel/UC-2EWHDbHnx5JOeyWfLdIxQ,Mì tương đen,"Món ngon mới lạ và ngon miệng từ Hàn Quốc cho bữa ăn nhà bạn! Công thức khá đơn giản, lại giàu dưỡng chất với thịt và nhiều loại rau củ. Sợi mì chín dẻo, hòa cùng xốt ngọt tự nhiên và có mùi tương đặc trưng sẽ mang lại cho cả nhà bạn một bữa ăn đặc biệt! Sao phải ra nhà hàng khi ngay tại nhà bạn có thể tự nấu món ăn mình thích?",4 người,15 Phút,Dễ,"Món Xào, Thịt heo, Cà rốt, Rau củ quả khác, Khác, Trứng, Các loại rau, Củ quả, Nấm, Thực đơn hàng ngày, Bữa tối, Bữa sáng, Bữa trưa, Sinh nhật, Món Á, Mẹ, Trẻ em","Thịt ba chỉ 200g Tương đen Hàn Quốc, rượu trắng, Bắp cải trắng 50g, Cà rốt 50g, Bí ngòi 1/2 trái, Hành tây 1/2 củ, Nấm bào ngư 100g, Củ cải trắng 1/3củ, Mì tươi Hàn quốc 200g, Tỏi băm, mè trắng rang, Tương đen Hàn Quốc, rượu trắng, Dầu mè, dầu ăn, Hạt nêm Aji-ngon® Heo, Nước tương ""Phú Sĩ"", Thịt ba chỉ 200g Tương đen Hàn Quốc, rượu trắng, Bắp cải trắng 50g, Cà rốt 50g, Bí ngòi 1/2 trái, Hành tây 1/2 củ, Nấm bào ngư 100g, Củ cải trắng 1/3củ, Mì tươi Hàn quốc 200g, Tỏi băm, mè trắng rang, Tương đen Hàn Quốc, rượu trắng, Dầu mè, dầu ăn, Hạt nêm Aji-ngon® Heo, Nước tương ""Phú Sĩ""",Thịt ba chỉ cắt khối vuông dài (cỡ 2 lóng tay). Rau củ quả cắt vuông 8 li.,"Đun nóng dầu ăn, cho thịt vào xào với chút muối và rượu trắng đến khi thịt tươm mỡ, chín săn và bề mặt vàng xém, trút thịt ra. Đun nóng dầu ăn, phi thơm tỏi, cho hành tây, cà rốt vào xào thơm, cho tiếp bắp cải, củ cải, bí ngòi, nấm bào ngư vào xào với 1/2m hạt nêm Aji-ngon®, để lửa vừa đến khi rau củ chín. Trộn đều 1,5M tương đen với 1,5M nước tương “Phú Sĩ” cho vào xào thơm, sau đó cho vào chảo rau củ trộn đều với thịt ba chỉ và 1m dầu mè.","Luộc mì tươi trong nước sôi, vớt ra để ráo, cho vào đĩa. Chan hỗn hợp rau củ xốt tương lên. Cuối cùng cho trứng luộc, dưa leo, ớt cắt sợi và rắc mè lên.",Khi xào thịt heo không cho nhiều dầu vì mỡ trong thịt sẽ tươm ra.Nêm nước tương và gia vị để món ăn có khẩu vị phù hợp người Việt.,Mì tương đen,18.75,187.5,8.75,3.75,2.5,6.25,0.0,0.125,12.5,0.75,25.0,75.0,10.0,5.0,150.0,300.0
https://monngonmoingay.com/lau-bap-bo-tom-chua/,https://monngonmoingay.com/wp-content/smush-webp/2015/11/Lau-bap-bo-tom-chua540-e1447421977779.jpg.webp,https://www.youtube.com/channel/UC-2EWHDbHnx5JOeyWfLdIxQ,Lẩu bắp bò tôm chua,"Hũ mắm tôm chua bạn mua hay được ai đó tặng thật thơm ngon khi chấm với thịt luộc đúng không ạ? Tuy nhiên, với hũ tôm chua vừa ngon, vừa đẹp mắt ấy, đầu bếp của Món Ngon Mỗi Ngày sẽ hướng dẫn các bạn làm món lẩu, mang tên Lẩu Bắp Bò Tôm Chua. Nghe và tưởng tượng màu sắc là thấy hấp dẫn rồi đó. Cùng nấu và thưởng thức thôi.",4 người,30 Phút,Dễ,"Lẩu, Thịt bò, Khác, Các loại rau, Củ quả, Rau củ quả khác, Nấm, Đậu hũ, Cuối tuần, Bữa trưa, Bữa tối, Sinh nhật, Nam, Cha, Mẹ, Người lớn tuổi","Mắm tôm chua 300g, Thịt bắp bò 300g, Đậu hũ trắng 1 miếng, Nấm các loại 300g, Rau muống cọng 200g, Cọng súng 200g, Chuối bào 200g, Tỏi băm, gừng, sả cây đập dập, Rau om, ngò gai, dầu màu điều, Gia vị nêm sẵn Aji-Quick® Lẩu Thái, Mắm tôm chua 300g, Thịt bắp bò 300g, Đậu hũ trắng 1 miếng, Nấm các loại 300g, Rau muống cọng 200g, Cọng súng 200g, Chuối bào 200g, Tỏi băm, gừng, sả cây đập dập, Rau om, ngò gai, dầu màu điều, Gia vị nêm sẵn Aji-Quick® Lẩu Thái","Cho nước, bắp bò và sả cây vào nồi áp suất, nấu đến khi bắp bò chín mềm, vớt ra, để nguội, cắt lát mỏng. Lọc lấy 2 lít nước dùng. Nấm các loại cắt khúc vừa ăn. Rau muống cọng, cọng súng cắt khúc 4cm. Đậu hũ trắng cắt khối 3cm. Xếp rau nấm ra dĩa. Gừng cắt lát đập dập. Sả đập dập cắt khúc.","Phi thơm tỏi, gừng, sả đập dập với dầu ăn. Cho 2 lít nước dùng vào nấu sôi, cho tôm chua, 1M dầu màu điều và 1 gói Aji-Quick® Gia vị nêm sẵn Lẩu Thái vào.","Đun sôi nồi lẩu, khi ăn cho bắp bò, nấm và rau các loại vào, ăn kèm với bún và nước mắm ớt.","Chọn mắm tôm chua có vị chua cay, màu đỏ tươi, mùi thơm để món ăn được ngon hơn.Chọn bắp bò vừa phải khi nấu sẽ tiết kiệm thời gian hơn",Lẩu bắp bò tôm chua,15.0,212.5,18.75,3.75,3.75,10.0,0.0,0.5,50.0,2.0,37.5,150.0,12.5,3.75,200.0,500.0
https://monngonmoingay.com/xa-lach-trung-2/,https://monngonmoingay.com/wp-content/smush-webp/2015/10/xa-lach-trung-500-min.jpg.webp,https://www.youtube.com/channel/UC-2EWHDbHnx5JOeyWfLdIxQ,Xà lách trứng,"Đây sẽ là một món ăn cực kì lạ miệng và đẹp mắt để làm trong những ngày trời nắng như thế này! Món Xà lách trứng này có vị béo béo, bùi bùi của nhân lòng đỏ trứng tán nhuyễn và thịt xông khói cắt nhỏ, vị ngọt ngọt của bắp hạt, cái mát mát của lá xà lách, độ thanh thanh của lòng trắng trứng luộc.",4 người,15 Phút,Dễ,"Gỏi/Trộn, Rau củ quả khác, Trứng, Khác, Các loại thịt khác, Các loại rau, Củ quả, Thực đơn hàng ngày, Cuối tuần, Bữa sáng, Bữa tối, Bữa trưa, Sinh nhật, Ngày hè, Nam, Cha, Mẹ, Người lớn tuổi, Trẻ em","Dưa chuột ngâm chua : 20g, Trứng gà luộc : 4 quả, Thịt ba rọi xông khói : 2 miếng, Xà lách dún : 2 lá, Bắp hạt : 3M, Gia vị : muối, tiêu, tương ớt, Hạt nêm Aji-ngon® Heo, Dưa chuột ngâm chua : 20g, Trứng gà luộc : 4 quả, Thịt ba rọi xông khói : 2 miếng, Xà lách dún : 2 lá, Bắp hạt : 3M, Gia vị : muối, tiêu, tương ớt, Hạt nêm Aji-ngon® Heo","Trứng gà chẻ đôi theo chiều dọc, lấy lòng đỏ để riêng. Xà lách cắt nhuyễn. Dưa chuột cắt lát nhỏ. Thịt ba rọi xông khói cắt sợi nhuyễn, chiên vàng, để nguội.","Cho lòng đỏ trứng vào tô tán mịn, thêm 2M xốt Mayonnaise Aji-Mayo®, 1/3m muối, 1/3m tiêu, thịt ba rọi xông khói, dưa chuột và bắp hạt trộn đều. Xếp xà lách vào trong trứng, cho nhân lên trên, bắt tương ớt lên trên.",Dùng làm món khai vị.,"Trộn xốt Mayonnaise Aji-Mayo® với lòng đỏ giúp xốt sánh hơn và tăng vị béo bùi của xốt.Để trứng luộc có lòng đỏ nằm giữa, khi nước luộc vừa ấm lên, ta dùng đũa khuấy đều nồi nước luộc khoảng 2 phút.",Xà lách trứng,1.5,112.5,8.75,0.75,0.5,0.5,0.5,0.25,20.0,0.75,200.0,100.0,12.5,3.75,75.0,175.0
https://monngonmoingay.com/cai-ro-xao-toi-50/,https://monngonmoingay.com/wp-content/smush-webp/2015/09/cairoxaotoi-540-360.jpg.webp,https://www.youtube.com/channel/UC-2EWHDbHnx5JOeyWfLdIxQ,Cải rổ xào tỏi,"Thịt bò là nguyên liệu rất thích hợp trong thời tiết lạnh, tuy vậy cũng cần phải bổ sung các loại rau nhằm cung cấp nhiều năng lượng cho cơ thể, khi kết hợp hai nguyên liệu này sẽ tạo ra một món vừa thơm ngon, vừa bổ dưỡng là cải rổ xào tỏi.",4 người,15 Phút,Dễ,"Món Xào, Khác, Thịt bò, Các loại rau, Củ quả, Thực đơn hàng ngày, Bữa sáng, Bữa tối, Bữa trưa, Cha, Mẹ, Người lớn tuổi, Trẻ em","Cải rổ: 500g, Thịt bò phi lê: 150g, Tỏi Hà Nội: 10 tép, Tỏi băm: 1m, Ớt sừng, ngò rí, Muối, tiêu, dầu ăn, Hạt nêm Aji-ngon® Heo, Xốt Mayonnaise Aji-mayo® Vị Nguyên Bản, Cải rổ: 500g, Thịt bò phi lê: 150g, Tỏi Hà Nội: 10 tép, Tỏi băm: 1m, Ớt sừng, ngò rí, Muối, tiêu, dầu ăn, Hạt nêm Aji-ngon® Heo, Xốt Mayonnaise Aji-mayo® Vị Nguyên Bản","Cải rổ nhặt bớt lá, tước xơ, cắt khúc vừa ăn, để riêng cọng và lá. Thịt bò ướp 1m tỏi băm, 1/2m hạt nêm Aji-ngon®, 1/3m tiêu và 1M xốt Mayonnaise Aji-Mayo®.","Phi thơm 10 tép tỏi, xào thịt bò vừa chín tới, trút ra để riêng. Phi thơm tỏi băm, xào cọng cải rổ trước, sau đó cho lá cải vào xào chín, nêm 1/2m hạt nêm Aji-ngon®, 1M nước, cho thịt bò vào đảo nhanh tay, thêm 1M xốt Mayonnaise Aji-Mayo® vào trộn đều.","Trình bày ra đĩa, rắc thêm tiêu, trang trí ngò rí, ớt sừng tỉa xoăn","Chọn cải rổ màu xanh, tươi ngon, cọng mập, ít lá.Tước xơ cọng cải để cọng cải được mềm ngon khi xào.",Cải rổ xào tỏi,4.5,87.5,8.75,2.0,1.5,37.5,0.0,0.625,37.5,1.0,18.75,62.5,20.0,1.5,175.0,125.0
https://monngonmoingay.com/thit-ap-chao-mayonnaise-lisa/,https://monngonmoingay.com/wp-content/smush-webp/2015/09/3F3B0CFC1F627884FD51521BB40BE13FC2DA79DF85CD64AC6Bpimgpsh_fullsize_distr.png.webp,https://www.youtube.com/channel/UC-2EWHDbHnx5JOeyWfLdIxQ,Thịt áp chảo Mayonnaise LISA,"Thịt áp chảo mayonnaise LISA là món ăn có cách trình bày đẹp mắt, mang hương vị đậm đà, có sự hòa trộn của vị ngọt bùi của thịt và vị chua chua béo béo của xốt mayonnaise, chắc chắn sẽ làm hài lòng cả những thực khách khó tính nhất.",4 người,30 Phút,Dễ,"Chiên, Thịt heo, Khác, Rau củ quả khác, Thực đơn hàng ngày, Ăn vặt, Nam, Trẻ em, Mẹ, Cha","Thịt nạc dăm: 200g, Xà lách: 1 cây, Dưa leo: 1 trái, Rau thơm các loại, Tỏi băm, ngò rí, Bơ đậu phộng, dầu ăn, tương ớt, Que để xiên nướng, Nước tương ""Phú Sĩ"", Xốt Mayonnaise Aji-mayo® Vị Nguyên Bản, Thịt nạc dăm: 200g, Xà lách: 1 cây, Dưa leo: 1 trái, Rau thơm các loại, Tỏi băm, ngò rí, Bơ đậu phộng, dầu ăn, tương ớt, Que để xiên nướng, Nước tương ""Phú Sĩ"", Xốt Mayonnaise Aji-mayo® Vị Nguyên Bản","Thịt thăn cắt miếng mỏng, dùng dao dần nhẹ, ướp với 1M xốt Mayonnaise Aji-mayo®, 1m bơ đậu phộng, 2m nước tương Phú Sĩ, 1m tỏi băm, để thấm 10 phút. Ghim thịt vào que tre. Xà lách, rau thơm, ngò rí rửa sạch. Dưa leo chẻ đôi theo chiều dọc, bỏ ruột, cắt que nhỏ. Trộn xốt: trộn đều 2M xốt Mayonnaise Aji-mayo® với 1M tương ớt.","Đun nóng ít dầu trong chảo, cho que thịt vào nướng áp chảo đến khi chín vàng, thường xuyên trở thịt để thịt không bị cháy.","Dùng lá xà lách cuộn thịt nướng với rau thơm và ngò rí, khi ăn chấm với xốt Mayonnaise Aji-mayo® trộn tương ớt.","Dần thịt để thịt mềm, dễ thấm gia vị và không bị dai khi nướng. Ướp thịt với bơ đậu phộng và xốt Mayonnaise Aji-mayo® giúp thịt có mùi thơm mà không bị khô.",Thịt áp chảo Mayonnaise LISA,6.25,162.5,11.25,2.0,1.25,3.75,0.0,0.25,12.5,0.75,30.0,87.5,10.0,2.5,125.0,200.0
https://monngonmoingay.com/salad-dau-tam/,https://monngonmoingay.com/wp-content/smush-webp/2015/09/SALAD-DÂU-TẰM_CQC1331.png.webp,https://www.youtube.com/channel/UC-2EWHDbHnx5JOeyWfLdIxQ,Salad dâu tằm,"Bữa ăn tươi mát hơn với món salad! Xốt dâu tằm có vị béo nhẹ, chua chua ngọt dịu rất kích thích vị giác, khiến món salad này dễ ăn hơn rất nhiều. Với thành phần bắp cải, cà rốt cung cấp nhiều chất xơ và vitamin, đặc biệt bắp cải tím có tác dụng chống lão hóa, duy trì tuổi thanh xuân, món ăn có thể được ví như “đại tiệc” dinh dưỡng dành cho cả nhà!",4 người,15 Phút,Dễ,"Gỏi/Trộn, Rau củ quả khác, Trứng, Khác, Củ quả, Các loại rau, Cuối tuần, Thực đơn hàng ngày, Bữa sáng, Bữa trưa, Bữa tối, Sinh nhật, Món Âu, Cha, Mẹ, Người lớn tuổi, Trẻ em","Bắp cải trắng : 100g, Bắp cải tím : 100g, Cà rốt : 100g, Trứng cút : 5 quả, Ba rọi xông khói : 100g, Xà lách xoăn : 4 lá, Nước cốt chanh : 1m, Mứt dâu tằm : 1.5M, Xốt Mayonnaise Aji-mayo® Vị Nguyên Bản, Bắp cải trắng : 100g, Bắp cải tím : 100g, Cà rốt : 100g, Trứng cút : 5 quả, Ba rọi xông khói : 100g, Xà lách xoăn : 4 lá, Nước cốt chanh : 1m, Mứt dâu tằm : 1.5M, Xốt Mayonnaise Aji-mayo® Vị Nguyên Bản","Bắp cải trắng, bắp cải tím, cà rốt cắt sợi nhuyễn nhúng qua nước lạnh. Trứng cút luộc chín, bóc vỏ, chẻ đôi.","Pha xốt: khuấy đều 2M xốt mayonnaise “Aji-mayo”, 1.5M mứt dâu tằm, 1m nước cốt chanh. Trộn riêng bắp cải trắng, bắp cải tím, cà rốt với xốt đã pha. Ba rọi xông khói cắt sợi, áp chảo cho vàng, thơm.","Bày bắp cải trắng, tím và cà rốt ra dĩa, xung quanh bày trứng cút và xà lách. Trên rải ba rọi xông khói. Dùng làm món khai vị.",Không trộn lẫn bắp cải tím và trắng vì bắp cải tím có đặc điểm loang màu làm mất màu sắc của nguyên liệu đi chung.Áp chảo ba rọi xông khói giúp giảm lượng mỡ có trong nguyên liệu đồng thời tạo mùi thơm hấp dẫn hơn.Nhúng bắp cải qua nước lạnh giúp bắp cải giòn và màu sắc đẹp hơn.,Salad dâu tằm,5.0,105.0,6.25,3.0,1.75,15.0,0.125,0.2,20.0,0.625,112.5,62.5,17.5,2.5,100.0,150.0
https://monngonmoingay.com/moc-dong-trung-cut/,https://monngonmoingay.com/wp-content/smush-webp/2015/09/Mọc-đông-trứng-cút-540-360.jpg.webp,https://www.youtube.com/channel/UC-2EWHDbHnx5JOeyWfLdIxQ,Mọc đông trứng cút,"Mọc đông trứng cút là món ăn ngon theo kiểu miền Bắc, giúp thay đổi khẩu vị và rất phù hợp trong những ngày se lạnh cuối năm và ngày xuân, đỡ mất thời gian chế biến trong những ngày bận rôn, nhưng vẫn đầy đủ dinh dưỡng.",4 người,45 Phút,Dễ,"Khác, Trứng, Khác, Các loại thịt khác, Củ quả, Nấm, Tinh bột khác, Bắc, Bữa tối, Bữa trưa, Giáng sinh, Món mặn, Bắc, Cha, Mẹ, Người lớn tuổi","Giò sống: 100g, Trứng cút: 4 quả, Da heo tươi: 200g, Bì (da heo luộc cắt sợi): 20g, Cà rốt tỉa hoa, vỏ quýt khô băm nhuyễn, cà rốt băm, hành tím băm, nấm mèo băm, gột gelatine, bột bắp, Hạt nêm Aji-ngon® Heo, Giò sống: 100g, Trứng cút: 4 quả, Da heo tươi: 200g, Bì (da heo luộc cắt sợi): 20g, Cà rốt tỉa hoa, vỏ quýt khô băm nhuyễn, cà rốt băm, hành tím băm, nấm mèo băm, gột gelatine, bột bắp, Hạt nêm Aji-ngon® Heo","Trứng cút luộc chín, bóc vỏ, lăn qua bột bắp. Trộn đều giò sống với 1M bì, 1M nấm mèo, 1/2M vỏ quýt, 1M cà rốt, 1m hành tím băm, 1/3m tiêu, sau đó vo tròn như quả tắc rồi cho trứng cút đã lăn qua bột bắp vào giữa, bọc kín lại","Đun sôi 1/2 lít nước, nêm 1/2m hạt nêm Aji-ngon®, luộc mọc chín, vớt ra ngâm vào nước lạnh, để ráo, cắt đôi. Tiếp tục cho da heo vào nấu lửa nhỏ cho da heo tan, nêm 1/2m hạt nêm Aji-ngon®, 1/2m nước mắm. Vớt da heo để riêng. Tắt bếp. Pha nước đông: pha 1M bột gelatine với nước nguội, khuấy cho tan đều và cho vào nước luộc da heo nóng. Bày 4 viên mọc ra tô, xếp cà rốt xen kẽ và chan nước đông lên trên, sau đó để nguội, dùng màng co bao lại, bảo quản ngăn mát tủ lạnh.","Khi dùng úp ngược mọc đông ra dĩa, rắc thêm tiêu, ăn kèm dưa hành ngâm.","Nếu không dùng da heo, có thể dùng gelatine để tạo độ đông và nước dùng sẽ trong hơn.Dùng vỏ quýt khô giúp món ăn tăng hương vị và còn là vị thuốc giúp ấm bụng.",Mọc đông trứng cút,3.75,112.5,8.75,0.5,0.25,0.5,0.125,0.2,10.0,0.625,62.5,62.5,2.5,2.5,50.0,200.0
https://monngonmoingay.com/tom-su-sot-gac/,https://monngonmoingay.com/wp-content/smush-webp/2015/09/TomSuHapGac_CQC8131.jpeg.webp,https://www.youtube.com/channel/UC-2EWHDbHnx5JOeyWfLdIxQ,Tôm sú xốt gấc,"Những giá trị dinh dưỡng tuyệt vời của gấc gần đây được dư luận quan tâm. Với Món Ngon Mỗi Ngày, gấc, không chỉ bổ dưỡng mà còn rất thơm ngon khi được chế biến khéo léo. Với vị đỏ của tôm, kết hợp cùng màu cam của gấc, các bạn sẽ thấy món TÔM SÚ XỐT GẤC thơm ngon và hấp dẫn biết nhường nào.",4 người,5 Phút,Dễ,"Om/Rim, Kho, Tôm, Rau củ quả khác, Các loại rau, Củ quả, Thực đơn hàng ngày, Bữa trưa, Bữa tối, Cuối tuần, Sinh nhật, Món mặn, Cha, Mẹ, Người lớn tuổi, Trẻ em","Tôm sú 300g, Gấc 1/2 trái, Hành tây 1 củ nhỏ, Rượu trắng 1M, Rau mầm 100g, Húng lũi, Hành tỏi băm, Dầu ăn, muối, Xốt Mayonnaise Aji-mayo® Vị Nguyên Bản, Tôm sú 300g, Gấc 1/2 trái, Hành tây 1 củ nhỏ, Rượu trắng 1M, Rau mầm 100g, Húng lũi, Hành tỏi băm, Dầu ăn, muối, Xốt Mayonnaise Aji-mayo® Vị Nguyên Bản","Tôm luộc chín, lột vỏ, bỏ đầu, chừa đuôi. Hành tây cắt múi cau. Gấc lấy muỗng múc hết phần hạt, tách bỏ hạt. Tiếp tục dùng muỗng nạo luôn phần thịt vàng của quả gấc cho ra tô lấy 150g.","Cho 1M rượu trắng và 1/2m muối vào 150g phần thịt gấc và màng gấc, tán nhuyễn. Phi thơm hành tỏi cho hỗn hợp gấc vào, nấu sôi. Cho tôm và hành tây vào đảo đều. Tắt lửa. Cuối cùng cho 2M xốt Mayonnaise Aji-Mayo® vào, đánh đều.","Cho rau mầm ra dĩa, trút tôm xốt gấc ra. Trang trí thêm với húng lủi.","Chỉ sử dụng phần thịt gấc màu vàng, không nạo sát vỏ sẽ bị đắngCho rượu trắng vào thịt gấc giúp sắc tố trong thịt gấc hòa tan tạo màu đỏ cam tươi đẹp hơnTôm luộc chín, bóc vỏ xong cho vào gấc chỉ cần nấu sôi để thịt tôm không bị khô.",Tôm sú xốt gấc,3.75,112.5,11.25,2.0,0.75,3.75,0.0,0.25,25.0,0.75,62.5,75.0,7.5,2.0,100.0,112.5
https://monngonmoingay.com/dau-hu-xot-me-mayonnaise/,https://monngonmoingay.com/wp-content/smush-webp/2015/08/0128-dau-hu-xot-me-mayonnaise.png.webp,https://www.youtube.com/channel/UC-2EWHDbHnx5JOeyWfLdIxQ,Đậu hũ xốt mè mayonnaise,"Đậu hũ là nguyên liệu dân dã rất ngon, đặc biệt khi kết hợp với xốt mayonnaise và rau củ xào sẽ trở thành 1 món ăn hấp dẫn, đầy đủ chất dinh dưỡng giúp cả nhà ăn cơm ngon hơn.",4 người,15 Phút,Dễ,"Chiên, Nấm, Cà rốt, Đậu hũ, Các loại rau, Củ quả, Thực đơn hàng ngày, Bữa trưa, Bữa tối, Các món ăn kèm, món phụ, Cha, Mẹ, Trẻ em","Đậu hũ trắng : 2 miếng, Cà rốt : 1/3 củ, Nấm mèo : 3 tai, Hẹ : 5 cọng, Mè trắng : 2M, Gừng băm : 1M, Ớt hiểm : 2 trái, Ngò rí, ớt sợi, Tiêu, dầu ăn, dầu mè đen, Aji-Quick® Bột tẩm khô chiên giòn, Hạt nêm Aji-ngon® Heo, Nước tương ""Phú Sĩ"", Xốt Mayonnaise Aji-mayo® Vị Nguyên Bản, Aji-Quick® Bột Tẩm Khô Chiên Giòn, Đậu hũ trắng : 2 miếng, Cà rốt : 1/3 củ, Nấm mèo : 3 tai, Hẹ : 5 cọng, Mè trắng : 2M, Gừng băm : 1M, Ớt hiểm : 2 trái, Ngò rí, ớt sợi, Tiêu, dầu ăn, dầu mè đen, Aji-Quick® Bột tẩm khô chiên giòn, Hạt nêm Aji-ngon® Heo, Nước tương ""Phú Sĩ"", Xốt Mayonnaise Aji-mayo® Vị Nguyên Bản, Aji-Quick® Bột Tẩm Khô Chiên Giòn","Cà rốt cắt sợi. Nấm mèo ngâm nở cắt sợi. Hẹ cắt khúc 5cm. Mè trắng rang vàng, giã dập. Ớt hiểm bỏ hạt, băm nhỏ.","Đậu hũ tẩm Aji-Quick® Bột tẩm khô chiên giòn, chiên chín vàng, vớt ra để ráo dầu. Phi thơm gừng và ớt băm, xào cà rốt, nấm mèo, nêm 1/2m hạt nêm Aji-ngon®, 1/3m tiêu, tắt bếp cho hẹ vào đảo đều. Pha xốt: trộn đều 2M xốt Mayonnaise Aji-Mayo®, 1M nước tương LISA và 2/3 lượng mè rang.","Xếp đậu hũ ra dĩa, cắt làm 3, cho xốt đã pha lên mặt, trút phần rau củ xào lên trên, rắc thêm mè rang, ngò rí và ớt sợi. Dùng nóng với cơm.","Sơ chế mè trước khi rang giúp cho mè sạch và không bị cát.Chọn đậu hũ trắng mịn, có độ mềm mại là đậu hũ ngon",Đậu hũ xốt mè mayonnaise,6.25,87.5,4.5,1.25,1.0,0.75,0.0,0.0,37.5,0.75,0.0,50.0,5.0,0.75,75.0,150.0
https://monngonmoingay.com/cha-ca-chien-com/,https://monngonmoingay.com/wp-content/smush-webp/2015/08/9DED1AD5E379C90284BCDE29CC4FA84183850B7D29A846AFB6pimgpsh_fullsize_distr.jpg.webp,https://www.youtube.com/channel/UC-2EWHDbHnx5JOeyWfLdIxQ,Chả cá chiên cốm,"Chả cá thác lác dai ngon vốn đã rất hấp dẫn, nay thêm phần khoái khẩu và lạ miệng hơn với sự kết hợp của tôm sú, trứng gà, giò sống, ngò rí, ngò tây… và nhất là lớp cốm xanh giòn tan, thơm phức. Hãy thử cắn một miếng chả thật dai, bên ngoài xốp thơm lớp cốm bắt mắt, quyện với nước xốt beo béo, chua nhẹ ngon đáo để, bạn sẽ hoàn toàn hài lòng vì đã chọn công thức này.",4 người,25 Phút,Dễ,"Chiên, Trứng, Tôm, Thịt heo, Cá, Cuối tuần, Sinh nhật, Bữa tối, Bữa trưa, Giáng sinh, Lễ hội hóa trang, Ăn vặt, Bắc, Cha, Mẹ, Trẻ em","Cá thác lác nạo 150g, Giò sống 50g, Tôm sú lột vỏ 50g, Cốm dẹp màu xanh 150g, Ớt sừng cắt nhỏ 2M, Trứng gà 2 quả, Bột mì 1/2 chén, Cọng ngò rí băm 1M, Cọng cần tây băm 1M, Tiêu sọ rang giã bể 1/2M, Tương xí muội, dầu ăn, Xốt Mayonnaise Aji-mayo® Vị Nguyên Bản, Hạt nêm Aji-ngon® Heo, Cá thác lác nạo 150g, Giò sống 50g, Tôm sú lột vỏ 50g, Cốm dẹp màu xanh 150g, Ớt sừng cắt nhỏ 2M, Trứng gà 2 quả, Bột mì 1/2 chén, Cọng ngò rí băm 1M, Cọng cần tây băm 1M, Tiêu sọ rang giã bể 1/2M, Tương xí muội, dầu ăn, Xốt Mayonnaise Aji-mayo® Vị Nguyên Bản, Hạt nêm Aji-ngon® Heo","Tôm sú cắt hạt lựu, trứng gà đánh tan. Trộn chung cá thác lác, tôm, 1M ớt sừng, 1m cọng ngò rí, 1M cọng cần tây, 1/2m tiêu, 1m hạt nêm Aji-ngon®, tiếp tục trộn với giò sống. Đập cho kết dính. Chia làm những phần nhỏ, khoảng 1M. Tạo hình ngón tay. Cho vào tủ mát giữ lạnh 10 phút.","Pha xốt chấm gồm tương xí muội và xốt Mayonnaise Aji-Mayo® trộn theo tỉ lệ 1:1. Lăn viên chả lần lượt qua bột mì, trứng, cốm dẹp, cho vào dầu nóng, chiên chín giòn, vớt ra để ráo dầu.","Trình bày chả ra dĩa. Ăn nóng, dọn kèm xốt đã pha.",Dùng tiêu sọ rang giã bể giúp chả cá thơm hơn.,Chả cá chiên cốm,11.25,150.0,10.0,1.25,0.75,0.75,0.25,0.375,20.0,0.5,62.5,87.5,7.5,2.0,100.0,175.0
https://monngonmoingay.com/sup-toc-tien-bi-dao/,https://monngonmoingay.com/wp-content/smush-webp/2015/08/IMG-5980-sup-toc-tien-bi-dao.png.webp,https://www.youtube.com/channel/UC-2EWHDbHnx5JOeyWfLdIxQ,Súp tóc tiên bí đao,"Súp tóc tiên bí đao là một món ăn ngon, màu sắc đẹp mà lại rất tốt cho sức khỏe, đặc biệt tốt cho những người có ý định giảm cân.",4 người,10 Phút,Dễ,"Canh/Súp, Hầm, Tôm, Trứng, Rau củ quả khác, Củ quả, Thực đơn hàng ngày, Cuối tuần, Sinh nhật, Khác, Bữa trưa, Bữa tối, Giáng sinh, Các món ăn kèm, món phụ, Trung, Cha, Mẹ, Người lớn tuổi, Trẻ em","Tôm tươi: 200g, Tóc tiên: 3g, Bí đao: 150g, Trứng gà: 1 quả, Ngò rí: 1 ít, Bột năng, tiêu, Hạt nêm Aji-ngon® Heo, Tôm tươi: 200g, Tóc tiên: 3g, Bí đao: 150g, Trứng gà: 1 quả, Ngò rí: 1 ít, Bột năng, tiêu, Hạt nêm Aji-ngon® Heo","Tôm bóc vỏ, cắt hạt lựu, ướp với 1/2m hạt nêm Aji-ngon® và 1/3m tiêu, để thấm. Tóc tiên ngâm mềm, cắt ngắn rửa qua nước pha gừng, để ráo. Bí đao gọt vỏ, bỏ ruột, cắt hạt lựu. Ngò rí cắt nhỏ. Trứng gà đánh tan. Hòa tan 3M bột năng với 1/2 chén nước.","Đun sôi 1 lít nước, cho bí đao vào nấu chín, nêm 1M hạt nêm Aji-ngon®, thêm tôm, giảm lửa, cho bột năng vào từ từ đến khi súp sánh lại, đổ trứng vào khi nước đang sôi và tóc tiên vào, khuấy đều, tắt bếp.","Múc súp ra tô, rắc thêm ngò rí và tiêu, dùng nóng.",Tóc tiên nên ngâm với nước có ít gừng cho thơm.Nên bỏ ruột bí đao để món ăn không bị chua.Nấu súp vừa chín tới để bí đao không bị mềm nhũn.,,,,,,,,,,,,,,,,,
https://monngonmoingay.com/com-tom-bi-do/,https://monngonmoingay.com/wp-content/smush-webp/2015/08/IMG-0136-com-tom-bi-do.png.webp,https://www.youtube.com/channel/UC-2EWHDbHnx5JOeyWfLdIxQ,Cơm tôm bí đỏ,"Là món ăn cung cấp đầy đủ dinh dưỡng cho gia đình trong những ngày cuối năm bận rộn, bí đỏ chứa nhiều vitamin A, tôm cung cấp protein và chứa nhiều canxi, tốt cho sức khỏe.",4 người,10 Phút,Dễ,"Khác, Khác, Tôm, Rau củ quả khác, Củ quả, Tinh bột khác, Thực đơn hàng ngày, Bữa trưa, Bữa tối, Sinh nhật, Món mặn, Cha, Mẹ, Người lớn tuổi, Trẻ em","Bí đỏ: 100g, Tôm sú: 200g, Đậu cô ve Nhật: 100g, Cơm nguội: 2 chén, Hành lá: 2 cây, Ngò rí: 2 cây, Ớt hiểm: 3 lát, Tiêu, tỏi băm, dầu ăn, Nước tương LISA, Hạt nêm Aji-ngon® Heo, Bí đỏ: 100g, Tôm sú: 200g, Đậu cô ve Nhật: 100g, Cơm nguội: 2 chén, Hành lá: 2 cây, Ngò rí: 2 cây, Ớt hiểm: 3 lát, Tiêu, tỏi băm, dầu ăn, Nước tương LISA, Hạt nêm Aji-ngon® Heo","Bí đỏ gọt vỏ, bào nhuyễn. Tôm bóc hết vỏ, lấy chỉ đen, cắt hạt lựu. Đậu cô ve tước bỏ xơ, rửa sạch, cắt hạt lựu. Hành lá cắt nhỏ. Ngò rí rửa sạch, để ráo.","Phi thơm 1M tỏi băm, xào chín tôm và đậu cô ve, cho cơm vào, nêm 1,5m hạt nêm Aji-ngon®, chiên đến khi hạt cơm săn lại, cho bí đỏ vào đảo đều, bí chín thì rắc thêm hành lá, trộn đều, tắt bếp.","Cho cơm chiên ra dĩa, rắc ngò rí lên trên, dùng nóng kèm nước tương LISA và ớt cắt lát.",Bào bí đỏ thật nhuyễn giúp bí mau chín.Khi nấu cơm để chiên thì nấu cơm phải khô hoặc dùng cơm nguội.Sử dụng hạt nêm Aji-ngon® trộn đều khi chiên giúp cơm thấm đều gia vị.Chiên cơm bằng lửa lớn và nhanh tay để bí không làm cơm bị nhão.,,,,,,,,,,,,,,,,,
https://monngonmoingay.com/xuc-xich-chien-xu/,https://monngonmoingay.com/wp-content/smush-webp/2015/08/IMG-5811-xuc-xich-chien-xu.png.webp,https://www.youtube.com/channel/UC-2EWHDbHnx5JOeyWfLdIxQ,Xúc xích chiên xù,"Xúc xích chiên xù là một món vừa ngon, vừa lạ mà lại chế biến rất nhanh, phù hợp cho cả người lớn lẫn trẻ em.",4 người,5 Phút,Dễ,"Chiên, Trứng, Khác, Bánh mì, Các loại thịt khác, Các loại rau, Thực đơn hàng ngày, Sinh nhật, Khác, Bữa trưa, Bữa tối, Giáng sinh, Lễ hội hóa trang, Các món ăn kèm, món phụ, Ăn vặt, Món Âu, Mẹ, Trẻ em","Sandwich: 4 lát, Xúc xích: 4 cây, Trứng gà: 2 quả, Bột xù: 1 chén, Xà lách: 1 cây, Tương ớt, Xốt Mayonnaise Aji-mayo® Vị Nguyên Bản, Sandwich: 4 lát, Xúc xích: 4 cây, Trứng gà: 2 quả, Bột xù: 1 chén, Xà lách: 1 cây, Tương ớt, Xốt Mayonnaise Aji-mayo® Vị Nguyên Bản","Sandwich cắt bỏ rìa, dùng cán dao cán mỏng. Trứng gà đánh tan. Xà lách rửa sạch, để ráo. Phết 1 lớp mỏng xốt Mayonnaise Aji-mayo® lên mặt lát sandwich, đặt cây xúc xích lên trên, gấp 2 mép bên hông vào, cuốn tròn lại.","Nhúng cuốn xúc xích qua trứng, tẩm bột xù rồi cho vào chảo dầu nóng chiên chín vàng, vớt ra để ráo dầu.","Xếp cuốn xúc xích chiên xù ra dĩa kèm rau xà lách, khi ăn chấm với tương ớt.",Chiên ngập dầu với lửa lớn để sandwich không bị rút dầu. Có thể thay thế xúc xích bằng 1 loại thịt nguội tùy theo sở thích.,,,,,,,,,,,,,,,,,
https://monngonmoingay.com/cat-heo-xao-bi-ngoi/,https://monngonmoingay.com/wp-content/smush-webp/2015/08/IMG-0112-cat-heo-xao-bi-ngoi.png.webp,https://www.youtube.com/channel/UC-2EWHDbHnx5JOeyWfLdIxQ,Cật heo xào bí ngòi,"Đây là món ăn ngon, với cật heo bổ dưỡng cho thận có tác dụng bồi bổ cơ thể, và nhất là chế biến đơn giản, nhanh chóng.",4 người,10 Phút,Dễ,"Món Xào, Thịt heo, Cà rốt, Củ quả, Cuối tuần, Bữa trưa, Bữa tối, Các món ăn kèm, món phụ, Cha, Mẹ, Người lớn tuổi, Trẻ em","Bí ngòi xanh: 1 trái, Bí ngòi vàng: 1 trái, Cật heo: 2 quả, Cà rốt: 1 củ, Hành lá: 2 cây, Ngò rí: 2 cây, Nước mắm, tỏi băm, Hạt nêm Aji-ngon® Heo, Bí ngòi xanh: 1 trái, Bí ngòi vàng: 1 trái, Cật heo: 2 quả, Cà rốt: 1 củ, Hành lá: 2 cây, Ngò rí: 2 cây, Nước mắm, tỏi băm, Hạt nêm Aji-ngon® Heo","Bí ngòi rửa sạch, bỏ bớt ruột, cắt miếng vừa ăn. Cà rốt cắt sợi nhỏ. Ngò rí rửa sạch cắt nhỏ. Hành lá phần đầu trắng băm nhuyễn. Cật heo cắt dọc, lạng bỏ phần trắng ở giữa, rửa sạch với muối, khứa xéo trên mặt trong của cật rồi cắt thành miếng nhỏ, ướp với 1/3m tiêu, 1/2m hạt nêm Aji-ngon® và đầu hành trắng băm, để thấm.","Phi thơm 1M tỏi băm, xào cật heo nhanh tay vài phút rồi cho cà rốt và bí ngòi vào, nêm 1/2M nước mắm, đảo đều, xào đến khi rau chín thì tắt bếp.","Cho cật heo xào bí ngòi ra dĩa, rắc tiêu, ngò rí lên trên, dùng nóng.","Nên lọc bỏ phần trắng trong cật ra, rửa sạch với muối để cật thơm ngon và không bị mùi hôi.Bí ngòi mau chín nên cho vào sau cùng, xào nhanh rồi tắt bếp ngay.",,,,,,,,,,,,,,,,,
https://monngonmoingay.com/sup-sac-mau/,https://monngonmoingay.com/wp-content/smush-webp/2015/08/IMG-5655-sup-sac-mau.png.webp,https://www.youtube.com/channel/UC-2EWHDbHnx5JOeyWfLdIxQ,Súp sắc màu,"Một món ăn có nhiều sắc màu sẽ cũng cấp nhiều và đa dạng các chất dinh dưỡng, vitamin và khoáng chất, rất tốt cho sức khỏe.",4 người,5 Phút,Dễ,"Canh/Súp, Hầm, Cá, Tôm, Trứng, Rau củ quả khác, Củ quả, Thực đơn hàng ngày, Khác, Bữa sáng, Giáng sinh, Ăn vặt, Cha, Mẹ, Người lớn tuổi, Trẻ em","Bắp Mỹ hạt: 50g, Đậu cô ve: 50g, Tôm đất: 50g, Cá giả: 1/3 thanh, Cua giả: 3 thanh, Trứng: 1 quả, Ngò rí: 5 cây, Tiêu, bột năng, Hạt nêm Aji-ngon® Heo, Nước tương ""Phú Sĩ"", Bắp Mỹ hạt: 50g, Đậu cô ve: 50g, Tôm đất: 50g, Cá giả: 1/3 thanh, Cua giả: 3 thanh, Trứng: 1 quả, Ngò rí: 5 cây, Tiêu, bột năng, Hạt nêm Aji-ngon® Heo, Nước tương ""Phú Sĩ""","Thanh cá cắt lát mỏng. Thanh cua cắt xéo làm 3 khúc. Bắp hạt luộc chín. Đậu cô ve tước bỏ xơ, cắt hạt lựu. Tôm bóc vỏ, cắt hạt lựu. Trứng gà đánh tan. Hòa tan 1M bột năng với 1/2 chén nước. Ngò rí rửa sạch, cắt nhỏ.","Đun sôi 1 lít nước, cho đậu cô ve và bắp vào nấu khoảng 2 phút, nêm 1,5M hạt nêm Aji-ngon®, cho tôm nấu vừa chín, thêm thanh cá, giảm lửa, cho nước bột năng vào từ từ để tạo độ sệt, đổ trứng vào, khuấy đều để tạo sợi, cuối cùng cho thanh cua vào, tắt bếp.","Múc súp ra tô, rắc thêm ngò rí và tiêu, dùng nóng kèm nước tương Phú Sĩ tùy khẩu vị.",Khi chọn cá thanh/cua thanh phải còn nguyên hình dạng không có đá đông bên ngoài.Cho thanh cua vào sau cùng để thanh cua không bị rã nát.Ăn súp kèm nước tương Phú Sĩ sẽ thơm ngon hơn.,,,,,,,,,,,,,,,,,
https://monngonmoingay.com/cuon-lap-xuong-chien-gion/,https://monngonmoingay.com/wp-content/smush-webp/2015/08/4_CuonLapXuongChienGion_CQC5454.png.webp,https://www.youtube.com/channel/UC-2EWHDbHnx5JOeyWfLdIxQ,Cuốn lạp xưởng chiên giòn,"Lạp xưởng là nguyên liệu có thể tự chế biến tại gia. Nhưng nếu không có thời gian, dùng lạp xưởng làm sẵn cũng tiện lợi, mà thơm ngon không kém. Hôm nay, chỉ trong thời gian rất ngăn, đầu bếp sẽ hướng dẫn bạn thực hiện món Cuốn Lạp Xưởng Chiên Giòn thơm ngon.",4 người,25 Phút,Dễ,"Chiên, Hải sản khác, Các loại thịt khác, Cuối tuần, Khác, Lễ hội hóa trang, Sinh nhật, Ăn vặt, Nam, Cha, Mẹ, Trẻ em","Tàu hủ ky loại mềm : 2 miếng, Lạp xưởng : 2 cây, Chả cá thác lác : 300g, Đầu hành lá băm : 2M, Bột năng : 2M, Tiêu trắng hạt rang thơm, giã bể, dầu ăn, Hạt nêm Aji-ngon® Heo, Tàu hủ ky loại mềm : 2 miếng, Lạp xưởng : 2 cây, Chả cá thác lác : 300g, Đầu hành lá băm : 2M, Bột năng : 2M, Tiêu trắng hạt rang thơm, giã bể, dầu ăn, Hạt nêm Aji-ngon® Heo","Lạp xưởng luộc chín, làm nguội cắt đôi. Tàu hũ ky cắt miếng 10x15cm. Trộn cá thác lác với 1M tiêu giã bễ, 2M đầu hành lá băm, 1m hạt nêm Aji-ngon®, quết đều.","Cuốn lạp xưởng: Rắc một ít bột năng lên miếng tàu hũ ky. Phết đều một lớp mỏng cá thác lác lên trên 1/3 miếng tàu hủ ky. Cho lạp xưởng vào gấp hai đầu, cuộn tròn để phần mí phía dưới. Hấp chín, để nguội, lau khô. Chiên cuốn lạp xưởng ngập dầu với lửa vừa đến khi vàng giòn, để ráo.","Cắt cuốn lạp xưởng thành miếng vừa ăn, dùng kèm với tương ớt và xà lách dầu giấm.",Luộc lạp xưởng trước để lạp xưởng mềm và bớt mùi gắt.Hấp cuốn lạp xưởng trước khi chiên để cuốn lạp xưởng định hình tốt hơn.,,,,,,,,,,,,,,,,,
https://monngonmoingay.com/trung-chien-com-xanh/,https://monngonmoingay.com/wp-content/smush-webp/2015/08/IMG-5609-trung-chien-com-xanh.png.webp,https://www.youtube.com/channel/UC-2EWHDbHnx5JOeyWfLdIxQ,Trứng chiên cốm xanh,Món trứng chiên cốm xanh thơm mùi cốm xanh tươi sẽ truỵền cảm xúc thương yêu đến những người thân trong gia đình.,4 người,5 Phút,Dễ,"Chiên, Cà chua, Trứng, Rau củ quả khác, Thịt heo, Cuối tuần, Sinh nhật, Khác, Ăn vặt, Bắc","Trứng cút: 12 quả, Giò sống: 150g, Cốm xanh khô: 100g, Trứng gà: 1 quả, Cần tây: 1 cọng, Xà lách xoong: 1 ít, Cà chua bi: 5 quả, Tiêu, tương xí muội, bột bắp, dầu ăn, Xốt Mayonnaise Aji-mayo® Vị Nguyên Bản, Trứng cút: 12 quả, Giò sống: 150g, Cốm xanh khô: 100g, Trứng gà: 1 quả, Cần tây: 1 cọng, Xà lách xoong: 1 ít, Cà chua bi: 5 quả, Tiêu, tương xí muội, bột bắp, dầu ăn, Xốt Mayonnaise Aji-mayo® Vị Nguyên Bản","Trứng cút luộc chín, bóc vỏ. Xà lách xoong và cà chua bi rửa sạch, để ráo. Trứng gà đánh tan. Cần tây tước bỏ xơ, cắt hạt lựu, trộn chung với giò sống và 1m tiêu đập dập. Bọc giò sống xung quanh quả trứng cút thành hình bầu dục, to bằng quả trứng gà ta, lăn qua bột bắp, nhúng qua trứng rồi tẩm cốm xanh xung quanh.","Đun nóng dầu, cho trứng cút tẩm cốm xanh vào chiên chín vàng, vớt ra để ráo dầu. Trộn xốt: trộn đều 2M xốt Mayonnaise Aji-mayo® với 1M tương xí muội.","Xếp trứng chiên cốm xanh ra dĩa, trang trí xung quanh với xà lách xoong và cà chua bi, khi ăn chấm với xốt Mayonnaise Aji-mayo® trộn tương xí muội.","Nếu làm số lượng lớn nên hấp chín trước, khi chiên sẽ nhanh hơn. Xoa bột bắp vào tay trước khi bọc trứng với giò sống sẽ đỡ bị dính tay hơn.",,,,,,,,,,,,,,,,,
https://monngonmoingay.com/ca-hoi-cuon-mang-tay/,https://monngonmoingay.com/wp-content/smush-webp/2015/08/IMG-5936-ca-hoi-cuon-mang-tay.png.webp,https://www.youtube.com/channel/UC-2EWHDbHnx5JOeyWfLdIxQ,Cá hồi cuộn măng tây,"Là món ăn rất nhiều dinh dưỡng, nhất là nguồn a xít béo omega 3, có tác dụng bảo vệ hệ tim mạch, chống choresterol, giảm nguy cơ cao huyết áp.",4 người,10 Phút,Dễ,"Chiên, Cá, Thịt heo, Rau củ quả khác, Các loại rau, Thực đơn hàng ngày, Sinh nhật, Khác, Bữa trưa, Bữa tối, Món mặn, Cha, Mẹ, Người lớn tuổi, Trẻ em","Cá hồi phi lê: 120g, Măng tây: 100g, Thịt ba rọi xông khói: 100g, Hành tây: 1/2 củ, Thì là: 3 cây, Chanh, ớt sừng, dầu ăn, tiêu, tương ớt, Hạt nêm Aji-ngon® Heo, Xốt Mayonnaise Aji-mayo® Vị Nguyên Bản, Cá hồi phi lê: 120g, Măng tây: 100g, Thịt ba rọi xông khói: 100g, Hành tây: 1/2 củ, Thì là: 3 cây, Chanh, ớt sừng, dầu ăn, tiêu, tương ớt, Hạt nêm Aji-ngon® Heo, Xốt Mayonnaise Aji-mayo® Vị Nguyên Bản","Hành tây cắt sợi dày 5mm, ướp với 1/3 m hạt nêm Aji-ngon® và 1/3 m tiêu. Ớt sừng bỏ hạt, cắt sợi dài 6cm. Thì là băm nhỏ, để lá và cọng riêng. Chanh vắt lấy nước cốt. Cá hồi cắt lát mỏng hình chữ nhật dài 7cm, ngang 4cm, ướp với 1/2m tiêu, 1/2m hạt nêm Aji-ngon®, 1m cọng thì là băm và 1m nước cốt chanh, để thấm.","Trải lát cá hồi ra, xếp lên 3 cọng măng tây, 1 miếng hành tây và 1 sợi ớt sừng, cuộn lại, dùng thịt ba rọi xông khói cuốn nhanh phía ngoài. Đun nóng 1M dầu trong chảo, cho cuộn cá vào chiên áp chảo đến khi chín vàng. Trộn xốt: trộn đều 1M xốt Mayonnaise Aji-mayo® với 1M tương ớt và 1m thì là băm.","Xếp cuốn cá hồi cuộn măng tây ra dĩa, khi ăn chấm với xốt Mayonnaise Aji-mayo® trộn.",Ướp cá với thì là và chanh giúp giảm mùi chanh và tăng mùi thơm đặc trưng của món ăn. Vì thịt ba rọi xông khói có sẵn vị mặn nên chỉ ướp cá hồi với vị nhạt.,,,,,,,,,,,,,,,,,
https://monngonmoingay.com/chao-tim-gan/,https://monngonmoingay.com/wp-content/smush-webp/2015/08/IMG-0085-chao-tim-gan.png.webp,https://www.youtube.com/channel/UC-2EWHDbHnx5JOeyWfLdIxQ,Cháo tim gan,"Cháo tim gan là món ăn rất tốt cho trẻ em, trong tim gan có nhiều vitamin A, vitamin D, vitamin B, chất sắt, giúp tăng cường khả năng miễn dịch cho các bé.",4 người,15 Phút,Dễ,"Canh/Súp, Hầm, Thịt heo, Nấm, Rau củ quả khác, Gạo, Thực đơn hàng ngày, Bữa sáng, Bữa tối, Bữa trưa, Cha, Mẹ, Người lớn tuổi, Trẻ em","Gạo dẻo mới: 120g, Gạo nếp: 40g, Tim heo: 150g, Gan heo: 150g, Nấm rơm: 100g, Hành tây: 1/2 củ, Gừng: 1 củ, Hành lá, ngò rí, chanh ớt, Muối, tiêu, nước mắm, dầu ăn, hành phi, Hạt nêm Aji-ngon® Heo, Gạo dẻo mới: 120g, Gạo nếp: 40g, Tim heo: 150g, Gan heo: 150g, Nấm rơm: 100g, Hành tây: 1/2 củ, Gừng: 1 củ, Hành lá, ngò rí, chanh ớt, Muối, tiêu, nước mắm, dầu ăn, hành phi, Hạt nêm Aji-ngon® Heo","Hành tây cắt múi nhỏ. Hành lá phần đầu trắng bằm nhuyễn, phần lá cắt nhỏ. Ngò rí cắt nhỏ. Gừng 1/2 băm nhuyễn, 1/2 cắt sợi. Nấm rơm ngâm rửa sạch, cắt làm tư, xào sơ với đầu hành trắng, nêm 1/3m hạt nêm Aji-ngon® và 1/2m tiêu. Tim heo và gan heo cắt lát mỏng, ướp với 1m hạt nêm Aji-ngon®. 1/2m tiêu, 1m gừng bằm và đầu hành băm nhuyễn.","Cho gạo dẻo và gạo nếp vào nồi với 0,5 lít nước, nấu cho cạn và gạo nở ra, thêm 1 lít nước lạnh vào nấu cho gạo nở bung. Cho nấm rơm, hành tây và tim, gan vào, nấu vừa chín tới, nêm 1/2m muối, 1m hạt nêm Aji-ngon®, 1/2m tiêu và 1/2m nước mắm, tắt lửa.","Múc cháo ra tô, hành phi, hành ngò và gừng cắt sợi. Dùng nóng kèm thêm với nước mắm, chanh và ớt tùy khẩu vị.","Dùng cả gạo và gạo nếp nấu cháo sẽ giúp món cháo thơm ngon hơn .Có thể thay gạo nguyên hạt bằng gạo tấm để nấu cháo mau nhừ.Nấu cháo ban đầu ít nước, sau đó đổ thêm nước lạnh để cháo mau nhừ, tiết kiệm thời gian hơn.",,,,,,,,,,,,,,,,,
https://monngonmoingay.com/sup-ngheu-rong-bien-2/,https://monngonmoingay.com/wp-content/smush-webp/2015/08/IMG-5829-sup-ngheu-rong-bien.png.webp,https://www.youtube.com/channel/UC-2EWHDbHnx5JOeyWfLdIxQ,Súp nghêu rong biển,"Món súp ăn rất thanh mát và bổ dưỡng lại không mất nhiều thời gian chuẩn bị, rong biển còn cung cấp những khoáng chất tốt, có tác dụng giảm huyết áp, giảm cholesterol cho cơ thể.",4 người,10 Phút,Dễ,"Canh/Súp, Hầm, Khác, Hải sản khác, Đậu hũ, Rau củ quả khác, Thực đơn hàng ngày, Cuối tuần, Sinh nhật, Khác, Bữa sáng, Bữa trưa, Bữa tối, Giáng sinh, Các món ăn kèm, món phụ, Món Á, Cha, Mẹ, Người lớn tuổi, Trẻ em","Nghêu: 1kg, Rong biển sợi: 10g, Đậu hũ non: 1/2 miếng, Ngò rí: 5 cây, Gừng, bột năng, tiêu, Hạt nêm Aji-ngon® Heo, Nghêu: 1kg, Rong biển sợi: 10g, Đậu hũ non: 1/2 miếng, Ngò rí: 5 cây, Gừng, bột năng, tiêu, Hạt nêm Aji-ngon® Heo","Nghêu ngâm rửa sạch, luộc vừa chín, tách lấy thịt nghêu, làm sạch, lọc 200ml nước luộc nghêu giữ lại. Rong biển ngâm nở, rửa sạch, cắt nhỏ. Đậu hũ non cắt hạt lựu. Ngò rí cắt nhỏ. Gừng gọt vỏ, cắt sợi. Hòa tan 1M bột năng với ½ chén nước.","Lấy 200ml nước luộc nghêu và 800ml nước lọc vào nồi, đun sôi, cho thịt nghêu và rong biển vào, nêm 1M hạt nêm Aji-ngon®, cho nước bột năng vào, khuấy đều cho sánh lại, thêm đậu hũ non và 1M gừng cắt sợi vào, nếm vị vừa ăn, thêm ngò rí, tắt bếp.","Múc súp nghêu rong biển ra tô, rắc thêm tiêu, dùng nóng.","Không nên luộc nghêu quá lâu, nghêu sẽ mất nước và bị dai.Sau khi cho rong biển vào phải nấu nhanh và tắt bếp để rong biển không bị nát.",,,,,,,,,,,,,,,,,
https://monngonmoingay.com/xuc-xich-xao-khoai-tay/,https://monngonmoingay.com/wp-content/smush-webp/2015/08/IMG-0159-xuc-xich-xao-khoai-tay.png.webp,https://www.youtube.com/channel/UC-2EWHDbHnx5JOeyWfLdIxQ,Xúc xích xào khoai tây,"Là món ăn nhiều màu sắc sẽ giúp trẻ vui thích và dễ ăn hơn, món này đơn giản dễ thực hiện, lại nấu trong tíc tắc, nhưng vẫn đảm bảo yếu tố dinh dưỡng.",4 người,10 Phút,Dễ,"Món Xào, Rau củ quả khác, Cà rốt, Các loại thịt khác, Củ quả, Thực đơn hàng ngày, Bữa trưa, Bữa tối, Món mặn, Món Âu, Cha, Mẹ, Trẻ em","Xúc xích: 3 cây, Khoai tây bi: 250g, Hành tây: 50g, Cà rốt: 1/2 củ, Ô liêu đen: 10 quả, Ngò rí: 2 cây, Bơ lạt, tỏi băm, tiêu, Xốt Mayonnaise LISA, Hạt nêm Aji-ngon® Heo, Xúc xích: 3 cây, Khoai tây bi: 250g, Hành tây: 50g, Cà rốt: 1/2 củ, Ô liêu đen: 10 quả, Ngò rí: 2 cây, Bơ lạt, tỏi băm, tiêu, Xốt Mayonnaise LISA, Hạt nêm Aji-ngon® Heo","Xúc xích cắt làm 4, chẻ bông 2 đầu, trụng sơ. Khoai tây luộc vừa chín tới, bóc vỏ, tỉa đôi. Cà rốt gọt vỏ, cắt hình trái tram, luộc chín. Ướp cà rốt và khoai tây với 1m hạt nêm Aji-ngon® và 1/2m tiêu, để cho thấm. Hành tây cắt múi cau. Ô liu cắt khoanh tròn. Ngò rí cắt nhỏ.","Đun nóng 1 miếng bơ, phi thơm 1M tỏi băm, cho xúc xích, khoai tây, cà rốt, hành tây và ô liu vào xào chín, thêm 2M xốt Mayonnaise LISA vào đảo đều, tắt bếp.","Cho xúc xích xào khoai tây ra dĩa, rắc ngò rí lên trên, dùng nóng.","Nên ướp gia vị lúc khoai tây và cà rốt còn nóng, gia vị sẽ dễ thấm và ngon hơn. Xúc xích chẻ bông giúp tạo hình đẹp và thấm gia vị hơn.",,,,,,,,,,,,,,,,,
https://monngonmoingay.com/ca-cuon-rong-bien/,https://monngonmoingay.com/wp-content/smush-webp/2015/08/IMG-0290-ca-cuon-rong-bien.png.webp,https://www.youtube.com/channel/UC-2EWHDbHnx5JOeyWfLdIxQ,Cá cuộn rong biển,"Cá cuộn rong biển là món ăn đơn giản nhưng hấp dẫn sẽ giúp bé thích thú và ăn ngon miệng hơn, rong biển chúa rất nhiều khoáng chất và vitamin rất tốt cho sức khỏe.",4 người,15 Phút,Dễ,"Gỏi/Trộn, Cá, Cà chua, Trứng, Rau củ quả khác, Các loại rau, Củ quả, Cuối tuần, Món mặn, Món Á, Cha, Mẹ, Người lớn tuổi, Trẻ em","Phi lê cá basa : 200g, Tía tô: 12 lá, Rong biển: 2 lá, Trứng gà: 1 quả, Bột chiên giòn: 1 gói, Rau xà lách, dưa leo, cà chua, Nước mắm, tiêu, wasabi, Xốt Mayonnaise LISA, Hạt nêm Aji-ngon® Heo, Phi lê cá basa : 200g, Tía tô: 12 lá, Rong biển: 2 lá, Trứng gà: 1 quả, Bột chiên giòn: 1 gói, Rau xà lách, dưa leo, cà chua, Nước mắm, tiêu, wasabi, Xốt Mayonnaise LISA, Hạt nêm Aji-ngon® Heo","Cá thấm khô, cắt miếng vuông 1cm, dài 6cm, ướp với 1m hạt nêm Aji-ngon®, 1/2m nước mắm và 1/4m tiêu, để thấm. Lá tía tô rửa sạch, để ráo. Lá rong biển cắt miếng vuông 6cm. Trứng gà lấy lòng đỏ, đánh tan. Xà lách rửa sạch, để ráo. Dưa leo, cà chua cắt lát. Cuộn: đặt lên miếng rong biển 1 lá tía tô và 1 miếng cá, cuộn tròn lại. Pha bột chiên giòn với lòng đỏ trứng và nước lạnh thành hỗn hợp sệt.","Đun nóng dầu, nhúng cuộn cá qua hỗn hợp bột chiên giòn rồi chiên chín vàng, vớt ra để ráo dầu. Trộn xốt: trộn đều 2M xốt Mayonnaise LISA với 1/4m wasabi.","Xếp xà lách, dưa leo, cà chua ra dĩa, xếp cá chiên lên trên, khi ăn chấm với xốt Mayonnaise LISA trộn wasabi.",Lau cá thật khô trước khi ướp để cá không ra nước.Pha bột chiên giòn không quá sệt để bột chỉ áo 1 lớp bên ngoài.,,,,,,,,,,,,,,,,,
https://monngonmoingay.com/sup-cua-cu-nang/,https://monngonmoingay.com/wp-content/smush-webp/2015/08/IMG-5119-sup-cua-cu-nang.png.webp,https://www.youtube.com/channel/UC-2EWHDbHnx5JOeyWfLdIxQ,Súp cua củ năng,"Súp cua củ năng là món ăn giúp thanh nhiệt cơ thể rất tốt trong mùa nóng, có vị ngọt thanh và mùi thơm hấp dẫn.",4 người,10 Phút,Dễ,"Canh/Súp, Hầm, Thịt gà, Nấm, Hải sản khác, Cà rốt, Rau củ quả khác, Trứng, Củ quả, Thực đơn hàng ngày, Sinh nhật, Khác, Bữa sáng, Giáng sinh, Ngày hè, Các món ăn kèm, món phụ, Mẹ, Người lớn tuổi, Trẻ em","Nước dùng gà: 800ml, Thịt ức gà: 1 miếng, Củ năng: 150g, Cua: 1 con, Cà rốt: 20g, Nấm mèo: 2 tai, Trứng gà: 2 quả, Ngò rí, bột năng, dầu mè, Nước tương LISA, Hạt nêm Aji-ngon® Heo, Nước tương ""Phú Sĩ"", Nước dùng gà: 800ml, Thịt ức gà: 1 miếng, Củ năng: 150g, Cua: 1 con, Cà rốt: 20g, Nấm mèo: 2 tai, Trứng gà: 2 quả, Ngò rí, bột năng, dầu mè, Nước tương LISA, Hạt nêm Aji-ngon® Heo, Nước tương ""Phú Sĩ""","Cua làm sạch, hấp chín, gỡ lấy thịt và 2 càng, xé nhỏ, ướp 1/3m hạt nêm Aji-ngon® và 1/3m tiêu. Củ năng gọt vỏ, cắt sợi. Cà rốt cắt sợi. Nấm mèo ngâm nở, rửa sạch, cắt sợi. Trứng gà đánh tan. Ngò rí cắt nhỏ. Hòa tan 2M bột năng với 1/2 chén nước.","Đun sôi nước dùng (hoặc 800ml nước) với 1,5M hạt nêm Aji-ngon® cho cà rốt, củ năng vào nấu chín, thêm thịt cua và nấm mèo vào. Giảm nhỏ lửa, cho nước bột năng vào từ từ đến khi súp có độ sánh vừa, đổ trứng vào, khuấy đều để tạo sợi, nêm thêm 1m dầu mè và 2,5m hạt nêm Aji-ngon®, tắt bếp.","Múc súp ra tô, rắc tiêu và ngò rí lên trên, trang trí với 2 càng cua, dùng nóng kèm nước tương LISA.","Để trứng tạo vân đẹp, đổ trứng qua 1 cái rây.Chọn củ năng to, chắc, không bị sâu, héo hay úng nước.",,,,,,,,,,,,,,,,,
https://monngonmoingay.com/salad-cu-sen-khoai-tay/,https://monngonmoingay.com/wp-content/smush-webp/2015/08/IMG-5291-salad-cu-sen-khoai-tay.png.webp,https://www.youtube.com/channel/UC-2EWHDbHnx5JOeyWfLdIxQ,Salad củ sen khoai tây,"Món salad củ sen khoai tây này là món trộn thập cẩm, nguyên liệu chính là rất nhiều loại rau, củ, quả bổ dưỡng, cung cấp nhiều chất dinh dưỡng cho thực khách, không những thế còn rất ngon và hấp dẫn.",4 người,15 Phút,Dễ,"Gỏi/Trộn, Cà rốt, Rau củ quả khác, Trứng, Các loại rau, Củ quả, Thực đơn hàng ngày, Khác, Bữa sáng, Bữa trưa, Bữa tối, Sinh nhật, Các món ăn kèm, món phụ, Món Âu, Cha, Mẹ","Củ sen: 150g, Khoai tây: 150g, Rau mầm: 50g, Cà rốt: 50g, Trứng cút: 5 quả, Ngò rí: 3 cây, Ớt bột Paprika, mè trắng, mè đen, ""AJINOMOTO"" Giấm gạo lên men, Xốt Mayonnaise Aji-mayo® Vị Nguyên Bản, Nước tương ""Phú Sĩ"", Củ sen: 150g, Khoai tây: 150g, Rau mầm: 50g, Cà rốt: 50g, Trứng cút: 5 quả, Ngò rí: 3 cây, Ớt bột Paprika, mè trắng, mè đen, ""AJINOMOTO"" Giấm gạo lên men, Xốt Mayonnaise Aji-mayo® Vị Nguyên Bản, Nước tương ""Phú Sĩ""","Củ sen gọt vỏ, cắt lát mỏng, ngâm trong nước có 1m giấm để không bị đen. Khoai tây gọt vỏ, cắt sợi, ngâm vào nước để không bị đen. Cà rốt, rau mầm rửa sạch, để ráo cắt sợi. Luộc củ sen, cà rốt và khoai tây vừa chín tới, vớt ra ngâm ngay vào nước lạnh rồi để ráo. Trứng cút luộc chín, bóc bỏ vỏ, cắt đôi. Mè rang thơm.","Trộn đều 2M xốt Mayonnaise Aji-Mayo® với 2m nước tương “Phú Sĩ”, 1m mè trắng, 1m mè đen và 2m Giấm gạo lên men LISA®. Cho củ sen, khoai tây, cà rốt vào tô, đảo đều. Cho thêm trứng cút và ớt bột Paprika.","Xếp rau mầm, củ sen, khoai tây, cà rốt và trứng cút ra dĩa, cho xốt Mayonnaise Aji-Mayo® trộn lên trên, trang trí với ngò rí, rắc thêm ớt bột và mè rang lên, trước khi ăn trộn đều.",Ngâm củ sen trong nước pha ít giấm để củ sen được trắng.,,,,,,,,,,,,,,,,,
https://monngonmoingay.com/bap-vang-tron-xuc-xich/,https://monngonmoingay.com/wp-content/smush-webp/2015/08/IMG-5466-bap-vang-tron-xuc-xich.png.webp,https://www.youtube.com/channel/UC-2EWHDbHnx5JOeyWfLdIxQ,Bắp vàng trộn xúc xích,"Đây là món ăn có nguyên liệu chính là rất nhiều loại rau củ bổ dưỡng, kết hợp với xúc xích tạo nên hương vị mới, vừa lạ mà vừa quen, chắc chắn sẽ là món khoái khẩu của các bé dịp cuối tuần.",4 người,5 Phút,Dễ,"Gỏi/Trộn, Hải sản khác, Cà rốt, Rau củ quả khác, Các loại thịt khác, Các loại rau, Củ quả, Thực đơn hàng ngày, Sinh nhật, Bữa sáng, Bữa trưa, Bữa tối, Các món ăn kèm, món phụ, Món Âu, Cha, Mẹ, Người lớn tuổi, Trẻ em","Xúc xích ăn liền: 2 cây, Bắp hạt: 1 hộp, Xà lách Đà Lạt: 5 lá, Cà rốt: 100g, Ngò tây: 20g, Muối, tiêu, Xốt Mayonnaise Aji-mayo® Vị Nguyên Bản, Xúc xích ăn liền: 2 cây, Bắp hạt: 1 hộp, Xà lách Đà Lạt: 5 lá, Cà rốt: 100g, Ngò tây: 20g, Muối, tiêu, Xốt Mayonnaise Aji-mayo® Vị Nguyên Bản","Xúc xích cắt khoanh mỏng. Cà rốt cắt hạt lựu, luộc chín. Rau xà lách rửa sạch, cắt nhỏ. Ngò tây cắt nhuyễn.","Cho bắp hạt, xúc xích, cà rốt, ngò tây và rau xà lách vào tô, nêm 1/2m muối, tiêu và 3M xốt Mayonnaise Aji-mayo®, trộn đều.","Bày bắp vàng trộn xúc xích ra dĩa, trang trí với ngò tây.","Nên chọn bắp hạt đã hấp vừa chín, còn độ giòn. Nếu không mua bắp hấp thì có thể dùng bắp tươi, gọt lấy hạt rồi hấp chín.Salad Đà Lạt thì sẽ có độ giòn và ngon hơn.",,,,,,,,,,,,,,,,,
https://monngonmoingay.com/gio-heo-ham-bong-atiso/,https://monngonmoingay.com/wp-content/smush-webp/2015/08/IMG-5156-gio-heo-ham-bong-atiso.png.webp,https://www.youtube.com/channel/UC-2EWHDbHnx5JOeyWfLdIxQ,Giò heo hầm bông atiso,"Với tiêu chí món ăn ngon, bổ, dễ thực hiện của chương trình, món giò heo hầm bông atiso là một sự lựa chọn hoàn hảo cho gia đình vào những dịp cuối tuần, giúp nâng cao sức khỏe cho cả người lớn lẫn trẻ em.",4 người,10 Phút,Dễ,"Hầm, Hấp/Tiềm, Thịt heo, Khác, Cà rốt, Củ quả, Khác, Cuối tuần, Bữa trưa, Bữa tối, Món mặn, Món nhậu, Trung, Cha, Mẹ, Người lớn tuổi, Trẻ em","Nước dùng gà: 2 lít, Giò heo: 4 khoanh, Bông atiso: 1 cái, Cà rốt: 50g, Hành ngò, hành tím, Muối, tiêu, Hạt nêm Aji-ngon® Heo, Nước dùng gà: 2 lít, Giò heo: 4 khoanh, Bông atiso: 1 cái, Cà rốt: 50g, Hành ngò, hành tím, Muối, tiêu, Hạt nêm Aji-ngon® Heo","Giò heo chần qua nước sôi pha 2m hạt nêm Aji-ngon®, vớt ra để ráo, ướp với 1m hạt nêm Aji-ngon® và 4 củ hành tím đập dập. Bông atiso rửa sạch, cắt bỏ phần già, nếu bông to thì cắt dọc làm 2, phần cọng tước sơ, cắt khúc xéo vừa ăn. Cà rốt tỉa hoa, hành ngò cắt nhỏ cắt dày 1cm.","Cho nước dùng vào nồi áp suất, đun ấm, cho chân giò vào nấu lửa vừa, hớt bọt kĩ, thêm bông atiso và cà rốt vào đun sôi, nêm 1M hạt nêm Aji-ngon®, đậy nắp nồi lại, hầm 7-10 phút cho thịt mềm, nêm thêm 1M hạt nêm Aji-ngon® cho vừa ăn.","Múc canh ra tô, rắc thêm tiêu và hành ngò, dùng nóng.","Chọn bông atiso to, phần non nhiều, còn tươi.Ngâm bông atiso trong nước muối 10 phút, rửa kĩ dưới vòi nước chảy.Nếu nấu bằng nồi thường mất khoảng 1h, tùy loại giò heo.",,,,,,,,,,,,,,,,,
https://monngonmoingay.com/canh-ca-rau-day/,https://monngonmoingay.com/wp-content/smush-webp/2015/08/IMG-5184-canh-ca-rau-day.png.webp,https://www.youtube.com/channel/UC-2EWHDbHnx5JOeyWfLdIxQ,Canh cá rau đay,"Trong tiết trời nóng bức, không gì tuyệt hơn được thưởng thức một bát canh cá rau đay, vừa bổ dưỡng thơm ngon, vừa đậm đà hương vị quê hương.",4 người,5 Phút,Dễ,"Canh/Súp, Hầm, Cá, Hải sản khác, Củ quả, Các loại rau, Thực đơn hàng ngày, Bữa trưa, Bữa tối, Ngày hè, Các món ăn kèm, món phụ, Bắc, Cha, Mẹ, Người lớn tuổi, Trẻ em","Cá rô đồng: 2 con, Rau đay: 150g, Mướp hương: 1 trái, Hành tím, Nước mắm, tiêu, Hạt nêm Aji-ngon® Heo, Cá rô đồng: 2 con, Rau đay: 150g, Mướp hương: 1 trái, Hành tím, Nước mắm, tiêu, Hạt nêm Aji-ngon® Heo","Cá rô làm sạch, khứa dọc 2 bên sống lưng, ướp với 1/2m hạt nêm Aji-ngon®, 1m nước mắm và 1/2m tiêu, để thấm. Rau đay lặt rửa sạch, cắt nhỏ. Mướp hương gọt vỏ, cắt xéo. Hành tím băm nhỏ.","Phi thơm hành tím, cho cá vào xào sơ rồi cho vào nồi có 1 lít nước sôi, luộc chín, vớt ra, rỉa lấy thịt cá. Nêm vào nồi canh 1M hạt nêm Aji-ngon®, cho rau đay vào nấu chín, cuối cùng cho mướp hương vào đảo nhẹ rồi tắt bếp.","Múc canh ra tô, rắc thêm tiêu, dùng nóng với cơm.",Phi thơm hành tím để chiên cá sẽ khử mùi tanh và tạo mùi thơm cho cá.Nên khứa 2 bên sống lưng cá để khi ướp cá thấm gia vị hơn.,,,,,,,,,,,,,,,,,
https://monngonmoingay.com/nui-tron-ca-ngu/,https://monngonmoingay.com/wp-content/smush-webp/2015/08/IMG-5041-nui-tron-ca-ngu.png.webp,https://www.youtube.com/channel/UC-2EWHDbHnx5JOeyWfLdIxQ,Nui trộn cá ngừ,"Mang phong cách chế biến theo kiểu Tây, nui trộn cá ngừ là món ăn có hương vị thơm ngon, lạ miệng, hơn nữa lại dễ làm, cung cấp nhiều chất dinh dưỡng cho các bé, ăn hoài mà không thấy ngán.",4 người,5 Phút,Dễ,"Gỏi/Trộn, Cá, Cà chua, Rau củ quả khác, Khác, Các loại rau, Củ quả, Tinh bột khác, Thực đơn hàng ngày, Sinh nhật, Khác, Bữa sáng, Bữa trưa, Bữa tối, Cha, Mẹ, Người lớn tuổi, Trẻ em","Nui tròn loại nhỏ: 80g, Cà chua: 1 trái, Dưa leo: 1/2 trái, Cá ngừ ngâm dầu: 1 hộp, Xà lách: 3 lá, Ngò rí: 2 cây, Muối, tiêu, dầu ăn, ""AJINOMOTO"" Giấm gạo lên men, Xốt Mayonnaise Aji-mayo® Vị Nguyên Bản, Nui tròn loại nhỏ: 80g, Cà chua: 1 trái, Dưa leo: 1/2 trái, Cá ngừ ngâm dầu: 1 hộp, Xà lách: 3 lá, Ngò rí: 2 cây, Muối, tiêu, dầu ăn, ""AJINOMOTO"" Giấm gạo lên men, Xốt Mayonnaise Aji-mayo® Vị Nguyên Bản","Luộc chín nui trong nước sôi có 1m dầu ăn, vớt ra ngâm vào nước lạnh cho nguội, để ráo. Cà chua bỏ hạt, cắt hạt lựu. Dưa leo bỏ ruột, cắt hạt lựu. Cá ngừ lấy ra tô, dằm nhỏ, trộn đều với 1/2m tiêu. Ngò rí cắt nhỏ.","Cho nui vào tô, nêm 1/4m muối và 1 ít tiêu, thêm cà chua, dưa leo, cá ngừ và ngò rí vào, trộn đều với 1/2m Giấm gạo lên men LISA® và 3M xốt Mayonnaise Aji-mayo® .","Xếp rau xà lách xung quanh dĩa, cho nui trộn lên trên, trang trí với cà chua và ngò rí.",Luộc nui trong nước có dầu ăn để nui không bị dính vào nhau. Nên để các nguyên liệu thật ráo trước khi trộn salad để khi trộn salad không bị chảy nước.,,,,,,,,,,,,,,,,,
https://monngonmoingay.com/muc-chien-ngu-sac/,https://monngonmoingay.com/wp-content/smush-webp/2015/08/IMG-0116-muc-chien-ngu-sac.png.webp,https://www.youtube.com/channel/UC-2EWHDbHnx5JOeyWfLdIxQ,Mực chiên ngũ sắc,"Một món ăn với cách chế biến mới lạ, mùi vị hấp dẫn mang màu sắc bắt mắt, lãng mạn, thích hợp để chiêu đãi trong những bữa tiệc.",4 người,15 Phút,Dễ,"Chiên, Mực/Bạch tuộc, Khác, Rau củ quả khác, Tinh bột khác, Cuối tuần, Khác, Sinh nhật, Bữa tối, Bữa trưa, Giáng sinh, Lễ hội hóa trang, Món nhậu, Cha, Mẹ, Người lớn tuổi, Trẻ em","Mực ống: 2 con, Bột gạo: 150g, Mè đen: 1M, Lá cẩm: 100g, Lá dứa: 30g, Bột nghệ, ớt bột, Tiêu, tương ớt, dầu ăn, Hạt nêm Aji-ngon® Heo, Xốt Mayonnaise Aji-mayo® Vị Nguyên Bản, Mực ống: 2 con, Bột gạo: 150g, Mè đen: 1M, Lá cẩm: 100g, Lá dứa: 30g, Bột nghệ, ớt bột, Tiêu, tương ớt, dầu ăn, Hạt nêm Aji-ngon® Heo, Xốt Mayonnaise Aji-mayo® Vị Nguyên Bản","Mực làm sạch, cắt khoanh dày 0,5cm, ướp với 1/2m hạt nêm Aji-ngon® và tiêu, để thấm. Mè đen giã nhuyễn. Lá dứa cắt nhỏ, thêm 50g nước vào xay nhuyễn, vắt lấy 4M nước. Lá cẩm cắt nhỏ, xay nhuyễn với 2/3 chén nước, lọc lấy 4M nước lá cẩm. Pha bột tẩm màu đen: trộn đều 1M xốt Mayonnaise Aji-Mayo® với 4M nước lọc, 3M bột gạo và 1M mè đen. Pha bột tẩm màu vàng: trộn 1M xốt Mayonnaise Aji-Mayo®với 4M nước lọc, 3M bột gạo, 1/3m bột nghệ và 1/2m ớt bột. Pha bột tẩm màu xanh: trộn 1M xốt Mayonnaise Aji-Mayo® với 4M nước lá dứa và 3M bột gạo. Pha bột tẩm màu tím: trộn 1M xốt Mayonnaise Aji-Mayo® với 4M nước lá cẩm và 3M bột gạo. Pha bột tẩm màu trắng: trộn 1M xốt Mayonnaise Aji-Mayo® với 4M nước lọc và 3M bột gạo.","Lăn mực qua bột gạo, chia thành 5 phần, nhúng mỗi phần qua 1 loại bột tẩm rồi chiên chín vàng, vớt ra để ráo dầu.","Xếp mực chiên ngũ sắc ra dĩa, khi ăn chấm với xốt Mayonnaise Aji-Mayo® trộn ớt băm hoặc ớt bột paprika.",Mực lau thật khô trước khi chiên để không bị bắn dầu.Trộn bột tẩm với xốt Mayonnaise Aji-Mayo® sau khi chiên sẽ giữ được màu sắc tươi tự nhiên.,,,,,,,,,,,,,,,,,
https://monngonmoingay.com/chao-trung-thit-bam/,https://monngonmoingay.com/wp-content/smush-webp/2015/08/chao-trung-thit-bam-540-360.jpg.webp,https://www.youtube.com/channel/UC-2EWHDbHnx5JOeyWfLdIxQ,Cháo trứng thịt bằm,"Đây là món cháo giải cảm truyền thống, còn được gọi là cháo thương hàn có thể dùng cho trẻ em, hay người lớn tuổi đều được.",4 người,30 Phút,Dễ,"Canh/Súp, Hầm, Thịt heo, Trứng, Các loại thịt khác, Gạo, Thực đơn hàng ngày, Khác, Bữa sáng, Cha, Mẹ, Người lớn tuổi, Trẻ em","Thịt thăn heo: 150g, Gạo tẻ: 70g, Gạo nếp: 30g, Trứng gà: 4 quả, Hành lá: 2 cây, Ngò rí: 1 ít, Hành tím băm: 2m, Muối, tiêu, nước mắm, dầu ăn, ""AJINOMOTO"" Giấm gạo lên men, Hạt nêm Aji-ngon® Heo, Thịt thăn heo: 150g, Gạo tẻ: 70g, Gạo nếp: 30g, Trứng gà: 4 quả, Hành lá: 2 cây, Ngò rí: 1 ít, Hành tím băm: 2m, Muối, tiêu, nước mắm, dầu ăn, ""AJINOMOTO"" Giấm gạo lên men, Hạt nêm Aji-ngon® Heo","Gạo tẻ và nếp vo sạch, cho vào nồi nấu với 750ml nước đến khi cháo nở đặc sệt. Hành lá phần đầu trắng băm nhuyễn, phần lá cắt nhỏ cùng với ngò rí. Thịt heo băm nhuyễn, ướp với 1m hành tím băm, 1/2m hạt nêm Aji-ngon®, 1/4m tiêu và 5M nước lọc, để thấm 15 phút.","Đun sôi 1 lít nước với 3M Giấm gạo lên men LISA®, giảm lửa, đập trứng thả nhẹ vào nồi sao cho lòng trắng trứng bao quanh lòng đỏ, luộc đến khi trứng nổi lên, vớt ra rửa qua nước lạnh, bóc bớt màng lòng trắng trứng còn dính xung quanh. Thêm 750ml nước lạnh, nấu tiếp đến khi cháo nhừ. Phi thơm 1M hành tím băm với 2M dầu ăn, xào thịt heo vừa chín và tơi đều, cho vào nồi cháo, có độ đặc vừa, nêm thêm 1m hạt nêm Aji-ngon® và 1M nước mắm, nếm vị vừa ăn.","Múc cháo ra tô, cho trứng vào, rắc hành lá, ngò rí và tiêu lên mặt, dùng nóng.",Ướp thịt với ít nước lạnh để khi xào thịt tơi đều.,Cháo trứng thịt bằm,15.0,162.5,13.75,0.5,0.25,0.5,0.5,0.25,10.0,0.75,150.0,100.0,7.5,2.0,112.5,150.0
https://monngonmoingay.com/salad-nui-ca-hoi/,https://monngonmoingay.com/wp-content/smush-webp/2015/08/IMG_8371_1-salad-nui-ca-hoi.png.webp,https://www.youtube.com/channel/UC-2EWHDbHnx5JOeyWfLdIxQ,Salad nui cá hồi,"Salad nui cá hồi là món ăn phù hợp với những chuyến đi picnic vì gọn, nhẹ, cách chế biến không cầu kì và đặc biệt đơn giản, dễ làm.",4 người,20 Phút,Dễ,"Gỏi/Trộn, Cá, Rau củ quả khác, Khác, Củ quả, Các loại rau, Thực đơn hàng ngày, Sinh nhật, Cuối tuần, Khác, Bữa trưa, Bữa tối, Món Âu, Cha, Mẹ, Người lớn tuổi, Trẻ em","Nui khô: 50g, Cá hồi xông khói: 60g, Hành tây: 30g, Thì là: 1 cây, Dưa leo: 25g, Muối, tiêu, Xốt Mayonnaise Aji-mayo® Vị Nguyên Bản, Nui khô: 50g, Cá hồi xông khói: 60g, Hành tây: 30g, Thì là: 1 cây, Dưa leo: 25g, Muối, tiêu, Xốt Mayonnaise Aji-mayo® Vị Nguyên Bản","Nui luộc chín, vớt ra xả nước lạnh, để ráo. Cá hồi xông khói cắt sợi mỏng 0,5cm. Hành tây cắt nhỏ, ướp với 1/2m muối, để 5 phút rồi xả sạch, vắt ráo. Dưa leo rửa sạch, bỏ ruột, cắt sợi. Thì là rửa sạch, cắt nhỏ.","Cho nui, cá hồi xông khói, dưa leo, hành tây và thì là vào tô, trộn đều với 1m tiêu và 3M xốt Mayonnaise Aji-Mayo®.","Cho salad nui ra dĩa, thêm xốt Mayonnaise Aji-Mayo® lên trên, trước khi ăn trộn đều.",Ngâm nui vào nước đá sau khi luộc để nui giòn và ngon hơn.Dưa leo bỏ hạt để không bị chảy nước.,Salad nui cá hồi,9.5,80.0,5.0,0.75,0.5,0.5,1.25,0.5,7.5,0.25,10.0,50.0,6.25,1.0,62.5,125.0
https://monngonmoingay.com/chao-ngheu/,https://monngonmoingay.com/wp-content/smush-webp/2015/08/AGF_0603-chao-ngheu.png.webp,https://www.youtube.com/channel/UC-2EWHDbHnx5JOeyWfLdIxQ,Cháo nghêu,"Cháo nghêu là món ăn đặc trưng của vùng đồng bằng sông Cửu Long, rất ngon, dễ ăn và bổ dưỡng. Có tác dụng thanh nhiệt, giải độc, bổ gan thận và tráng dương.",4 người,45 Phút,Dễ,"Canh/Súp, Hầm, Hải sản khác, Khác, Rau củ quả khác, Gạo, Cuối tuần, Thực đơn hàng ngày, Khác, Sinh nhật, Nam, Bữa sáng, Bữa tối, Bữa trưa, Nam, Cha, Mẹ, Người lớn tuổi, Trẻ em","Nghêu: 1kg, Dừa nạo: 500g, Gạo thơm: 150g, Giá: 100g, Gạo neeso: 50g, Nước dùng: 1 lít, Hành lá, ngò rí, ớt, chanh, Hành tím, tỏi, hành phi, Muối hột, nước mắm, tiêu, dầu ăn, Hạt nêm Aji-ngon® Heo, Nghêu: 1kg, Dừa nạo: 500g, Gạo thơm: 150g, Giá: 100g, Gạo neeso: 50g, Nước dùng: 1 lít, Hành lá, ngò rí, ớt, chanh, Hành tím, tỏi, hành phi, Muối hột, nước mắm, tiêu, dầu ăn, Hạt nêm Aji-ngon® Heo","Gạo dẻo, gạo nếp vo sạch, để ráo. Hành tím, tỏi bóc vỏ, băm nhỏ. Hành lá phần đầu trắng băm nhuyễn, phần lá cắt nhỏ. Nghêu tách lấy thịt, rạch và nặn bỏ phần đen, rửa sạch, để ráo, ướp với 1m hành phi, 1m đầu hành lá băm, 1/2m tiêu, 1/2m muối hột và 1/2m hạt nêm Aji-ngon®, để 10 phút cho thấm rồi xào sơ. Dừa nạo nhồi kĩ với nước nóng, vắt lấy 1 chén nước cốt và 1 tô nước dão.","Cho 1 lít nước dùng và gạo dẻo, gạo nếp vài nồi đun sôi, giảm nhỏ lửa nấu đến khi hạt gạo nở hết. Thêm 2/3 phần nước dão dừa vào, đun sôi lại, nêm 1/2m tiêu và 1/2m hạt nêm Aji-ngon®. Cho nghêu vào, khuấy đều nhanh tay rồi thêm nước cốt dừa vào.","Múc cháo ra tô, ăn kèm giá, chanh, ớt, thêm tiêu, nước mắm và hành phi tùy khẩu vị.","Dùng muối hột để món cháo có vị đậm đà hơn.Không nên xào nghêu chín quá vì thịt sẽ bị dai, không ngon.",Cháo nghêu,15.0,187.5,13.75,1.25,1.25,1.25,0.0,1.25,37.5,3.75,25.0,75.0,5.0,5.0,125.0,200.0
https://monngonmoingay.com/sup-ngheu-chua-cay/,https://monngonmoingay.com/wp-content/smush-webp/2015/08/sup-ngheu-chua-cay-15an1741.jpg.webp,https://www.youtube.com/channel/UC-2EWHDbHnx5JOeyWfLdIxQ,Súp nghêu chua cay,"Súp nghêu chua cay là món ăn khai vị, ngon, dễ nấu và tất nhiên là giàu chất dinh dưỡng.",4 người,20 Phút,Dễ,"Canh/Súp, Hầm, Hải sản khác, Nấm, Rau củ quả khác, Đậu hũ, Sinh nhật, Cuối tuần, Thực đơn hàng ngày, Khác, Bữa tối, Bữa trưa, Giáng sinh, Các món ăn kèm, món phụ, Cha, Mẹ, Người lớn tuổi, Trẻ em","Nghêu: 1,5kg, Đậu hũ trắng: 1 miếng, Nấm rơm: 50g, Bắp hạt: 50g, Đậu bi: 50g, Ngò rí: 3 cây, Tỏi: 2 tép, Tương ớt, tương cà, Bột năng, tiêu, Hạt nêm Aji-ngon® Heo, Nghêu: 1,5kg, Đậu hũ trắng: 1 miếng, Nấm rơm: 50g, Bắp hạt: 50g, Đậu bi: 50g, Ngò rí: 3 cây, Tỏi: 2 tép, Tương ớt, tương cà, Bột năng, tiêu, Hạt nêm Aji-ngon® Heo","Nghêu rửa sạch, cho vào nồi luộc chín, vớt ra gỡ lấy thịt, lọc lấy ½ lít nước luộc nghêu. Tỏi đập dập, băm nhỏ. Ngò rí cắt nhỏ. Hòa tan 3M bột năng với ½ chén nước. Đậu hũ cắt hạt lựu. Nấm rơm ngâm nước muối, rửa sạch, cắt hạt lựu. Đậu bi, bắp hạt rửa sạch, để ráo.","Cho vào nồi ½ lít nước và ½ lít nước luộc nghêu, cho nấm rơm, bắp hạt và đậu bi vào đun sôi. Phi thơm tỏi, cho nghêu vào xào, nêm 1M tương ớt, 1M tương cà, xào thơm rồi trút qua nồi súp. Đợi sôi lại, nêm 1,5M hạt nêm Aji-ngon®, giảm lửa rồi đổ nước bột năng vào từ từ, khuấy đều cho nước súp sánh lại, thêm đậu hũ vào rồi tắt bếp.","Múc súp ra chén, rắc thêm tiêu và ngò rí, dùng nóng.","Muốn nghêu nhả sạch cát, ngâm nghêu qua 1 đêm trong nước vo gạo hoặc nước có pha ít muối.Luộc nghêu với lửa nhỏ, khi nghêu há miệg là nghêu vừa chín tới.",Súp nghêu chua cay,6.25,87.5,10.0,1.25,1.25,2.0,0.0,0.5,37.5,2.0,20.0,75.0,10.0,0.5,150.0,175.0
https://monngonmoingay.com/canh-ga-nau-bong-cai-2/,https://monngonmoingay.com/wp-content/smush-webp/2015/08/canh-ga-nau-bong-cai-15an172.jpg.webp,https://www.youtube.com/channel/UC-2EWHDbHnx5JOeyWfLdIxQ,Canh gà nấu bông cải,"Là món canh rất ngon và bổ dưỡng, vừa giàu đạm, vừa giàu chất sắt và Vitamin.",4 người,25 Phút,Dễ,"Canh/Súp, Hầm, Thịt gà, Cà rốt, Rau củ quả khác, Củ quả, Thực đơn hàng ngày, Bữa trưa, Bữa tối, Các món ăn kèm, món phụ, Cha, Người lớn tuổi, Mẹ, Trẻ em","- Thịt gà: 200g, - Bông cải trắng: 100g, - Cà rốt: 100g, - Bông cải xanh: 100g, - Hành lá: 2 cây, - Ngò rí: 1 ít, - Hành tím băm: 1M, - Muối, nước mắm, tiêu, dầu ăn, Hạt nêm Aji-ngon® Heo, - Thịt gà: 200g, - Bông cải trắng: 100g, - Cà rốt: 100g, - Bông cải xanh: 100g, - Hành lá: 2 cây, - Ngò rí: 1 ít, - Hành tím băm: 1M, - Muối, nước mắm, tiêu, dầu ăn, Hạt nêm Aji-ngon® Heo","Thịt gà lóc xương lấy thịt, cắt khối vuông, ướp với 1M đầu hành tím băm, 1/2m tiêu và 2m hạt nêm Aji-ngon®, để thấm. Xương nấu nước dùng. Bông cải trắng, xanh làm sạch, cắt thành những búp nhỏ. Cuống bông cải gọt vỏ, cắt xéo hình móng ngựa. Cà rốt cắt miếng. Hành lá cắt khúc ngắn 3cm. Ngò rí cắt nhỏ.","Đun nóng dầu, phi thơm đầu hành băm, cho thịt gà vào xào săn rồi cho qua nồi nước dùng, thêm cà rốt vào nấu khoảng 2-3 phút thì cho cuống bông cải vào nấu gần chín, cho tiếp bông cải vào nấu chín, nêm 1m hạt nêm Aji-ngon®, 1m muối, 1m bột ngọt AJI-NO-MOTO và 1m nước mắm. Cuối cùng cho hành lá vào và 1 ít tiêu.","Múc canh ra tô, trang trí với ngò rí và rắc ít tiêu lên trên, dùng nóng.","Để nước canh được trong, tiếp tục vớt bọt sau khi cho thịt gà vào nấu.Nêm thêm nước mắm làm tăng thêm hượng vị món canh.",Canh gà nấu bông cải,3.75,87.5,11.25,1.75,1.5,30.0,0.0,0.125,15.0,0.5,30.0,87.5,15.0,0.75,150.0,100.0
https://monngonmoingay.com/lap-xuong-xao-ngu-sac/,https://monngonmoingay.com/wp-content/smush-webp/2015/08/211.png.webp,https://www.youtube.com/channel/UC-2EWHDbHnx5JOeyWfLdIxQ,Lạp xưởng xào ngũ sắc,"Đây là một cách mới để biến món lạp xưởng quen thuộc thành món ngon tuyệt vời cho cả nhà cùng thưởng thức. Lạp xưởng săn giòn, thơm lừng, kết hợp cùng nhiều loại rau củ thấm vị và thơm dầu mè, khiến cho món lạp xưởng dễ ngán trở nên bắt cơm một cách kỳ lạ, đồng thời vẫn đầy đủ dinh dưỡng và vitamin cần thiết cho một ngày bận rộn.",4 người,15 Phút,Dễ,"Món Xào, Hải sản khác, Các loại thịt khác, Nấm, Củ quả, Thực đơn hàng ngày, Bữa trưa, Bữa tối, Cuối tuần, Các món ăn kèm, món phụ, Nam, Cha, Mẹ, Người lớn tuổi, Trẻ em","Lạp xưởng : 1 cây, Giò lụa : 50g, Bắp Mỹ hạt : 100g, Củ sắn cắt hạt lựu : 100g, Nấm đông cô : 5 tai, Đậu cove Nhật : 50g, Ớt sừng cắt hạt lựu : 1 trái, Tỏi băm, Hành lá, ngò rí, Muối, tiêu, dầu hào, dầu mè, dầu ăn., Ăn kèm: xôi trắng., Hạt nêm Aji-ngon® Heo, Lạp xưởng : 1 cây, Giò lụa : 50g, Bắp Mỹ hạt : 100g, Củ sắn cắt hạt lựu : 100g, Nấm đông cô : 5 tai, Đậu cove Nhật : 50g, Ớt sừng cắt hạt lựu : 1 trái, Tỏi băm, Hành lá, ngò rí, Muối, tiêu, dầu hào, dầu mè, dầu ăn., Ăn kèm: xôi trắng., Hạt nêm Aji-ngon® Heo","Luộc chín lạp xưởng trong chảo cho cạn nước, lăn lạp xưởng cho hơi sém bên ngoài, cắt vuông cỡ hạt bắp. Giò lụa cắt như lạp xưởng. Nấm đông cô ngâm nở, luộc chín, cắt vuông 1cm. Đậu cove cắt khúc 1cm. Hành lá, ngò rí cắt khúc 2cm.","Phi thơm 2M dầu ăn với tỏi băm, cho lạp xưởng, giò lụa xào nhanh tay, thêm bắp hạt, đậu cove, củ sắn và nấm đông cô vào xào, nêm 1M dầu hào, 1m hạt nêm Aji-ngon®, xào đến khi rau nấm vừa chín thì thêm ớt sừng vào đảo đều, tắt lửa và thêm hành lá, ngò rí, 1/3m dầu mè.","Múc ra đĩa, rắc tiêu, ăn kèm xôi, chấm nước tương và ớt cắt lát.",Áp chảo lạp xưởng sau khi luộc để tạo mùi thơm cho món ăn.,Lạp xưởng xào ngũ sắc,13.75,130.0,6.25,2.0,1.75,3.75,0.0,0.125,12.5,0.625,17.5,62.5,7.5,3.75,100.0,200.0
https://monngonmoingay.com/suon-kho-nam/,https://monngonmoingay.com/wp-content/smush-webp/2015/08/8-SuonKhoNam_CQC5166.png.webp,https://www.youtube.com/channel/UC-2EWHDbHnx5JOeyWfLdIxQ,Sườn kho nấm,"Thêm món “phiên bản” kho lạ miệng, dễ ăn từ các đầu bếp Món Ngon Mỗi Ngày! Miếng sườn chín mềm, thấm đều gia vị, beo béo và cay nhẹ. Kho chung nấm giòn giòn ngòn ngọt và thơm giúp thịt mau chín, có vị thơm ngọt tự nhiên. Nước kho màu nâu cánh gián, thơm nước dừa, mang lại cảm giác thèm ăn. Đảm bảo sẽ là một món bắt cơm cho cả gia đình!",4 người,30 Phút,Dễ,"Kho, Om/Rim, Khác, Nấm, Thịt heo, Củ quả, Thực đơn hàng ngày, Bữa trưa, Bữa tối, Món mặn, Cha, Mẹ, Người lớn tuổi, Trẻ em","Sườn heo : 600g, Nấm rơm : 100g, Nấm đông cô khô : 10 tai, Thơm : 1/4 trái, Nước dừa : 2 chén, Hành tỏi băm, hành lá, ngò rí, ớt hiểm, Muối, tiêu, Hạt nêm Aji-ngon® Heo, Nước tương ""Phú Sĩ"", Sườn heo : 600g, Nấm rơm : 100g, Nấm đông cô khô : 10 tai, Thơm : 1/4 trái, Nước dừa : 2 chén, Hành tỏi băm, hành lá, ngò rí, ớt hiểm, Muối, tiêu, Hạt nêm Aji-ngon® Heo, Nước tương ""Phú Sĩ""","Sườn chặt miếng 4cm, ướp với 1M hành tỏi băm, 1m muối, 3M nước tương “Phú Sĩ”, 1/2m tiêu, 1M hạt nêm Aji-ngon®, để thấm. Nấm rơm khứa chữ thập trên đầu nấm. Nấm đông cô ngâm nở, rửa sạch. Thơm cắt rẽ quạt. Hành lá,ngò rí cắt khúc 2cm. Ớt hiểm đập dập.","Đun nóng chảo, phi thơm dầu với 1m hành tỏi băm, cho 2 loại nấm vào xào nhanh khoảng 2 phút. Trút ra. Tiếp tục đun nóng dầu, phi thơm hành tỏi, cho sườn vào xào săn lại. Thêm ớt hiểm, nước dừa vào kho, đậy nắp khoảng 5 phút, cho tiếp thơm, nấm vào, kho mở nắp, để lửa nhỏ đến khi sườn chín mềm, tắt lửa.","Cho món ăn ra dĩa, rắc thêm hành ngò, tiêu.","Chọn nấm đông cô nhỏ vừa, có độ dày, ít nở, màu nâu sáng.Xào nấm trước khi kho giúp nấm thơm và có vị béo.",Sườn kho nấm,3.75,212.5,16.25,2.0,0.75,6.25,0.0,0.2,12.5,1.0,45.0,125.0,3.75,3.75,175.0,150.0
https://monngonmoingay.com/snack-com/,https://monngonmoingay.com/wp-content/smush-webp/2015/08/03_CQC4521_SnackCom.png.webp,https://www.youtube.com/channel/UC-2EWHDbHnx5JOeyWfLdIxQ,Snack cốm,"Hãy đãi bạn bè và gia đình món ngon khó cưỡng này, bạn không những sẽ nhận được những lời khen có cánh mà còn được đề nghị chia sẻ bí quyết nữa đấy! Đơn giản chỉ với khoai môn và phô mai que, bạn đã có thể tạo ra một món snack đặc sắc với cốm xanh thơm lừng, chiên lên giòn tan khiến mọi người không thể cưỡng lại miếng tiếp theo. Nghĩ thôi đã thèm, phải không nào? Bắt tay vào làm ngay nhé!",4 người,25 Phút,Dễ,"Khác, Khác, Rau củ quả khác, Các loại rau, Tinh bột khác, Cuối tuần, Các món ăn kèm, món phụ, Ăn vặt, Bắc, Trẻ em","Khoai môn : 150g, Phô mai : 3 thanh, Cốm xanh : 200g, Bột mì : 100g, Tiêu, dầu ăn, Hạt nêm Aji-ngon® Nấm, Khoai môn : 150g, Phô mai : 3 thanh, Cốm xanh : 200g, Bột mì : 100g, Tiêu, dầu ăn, Hạt nêm Aji-ngon® Nấm","Khoai môn gọt sạch vỏ, cắt que, luộc ít nước đến khi vừa chín. Rắc ít tiêu, 1/3m hạt nêm Aji-ngon® từ Nấm hương & Hạt sen vào khoai môn, xóc đều. Để 10 phút cho khoai môn thấm gia vị. Phô mai que chẻ dọc. Bột mì khuấy với nước cho hơi sệt.","Xay thô 1/2 lượng cốm xanh, nhúng phô mai que vào bột mì, sau đó lăn qua cốm đã xay. Trút 1/2 lượng cốm xanh còn lại ra dĩa, nhúng khoai môn vào bột mì, sau đó lăn qua cốm đã xay. Dùng tay nắm phần cốm để cốm bám chặt vào khoai. Đặt chảo dầu nóng lên bếp, chiên khoai ngập dầu, sau đó chiên phô mai. Vớt ra để ráo dầu.",Dùng nóng làm món ăn chơi hoặc dùng với cơm.,"Làm chín khoai trước khi chiên để khoai chín kỹ, khi chiên sẽ nhanh và cốm không bị cháy.Ướp gia vị vào khoai hấp khi còn nóng và để khoai dễ thấm gia vị.",Snack cốm,27.5,225.0,8.75,3.75,2.0,1.25,0.75,0.25,75.0,0.5,15.0,87.5,5.0,5.0,125.0,100.0
https://monngonmoingay.com/cai-thao-xao-tim-heo/,https://monngonmoingay.com/wp-content/smush-webp/2015/08/IMG-0030-cai-thao-xao-tim-heo.png.webp,https://www.youtube.com/channel/UC-2EWHDbHnx5JOeyWfLdIxQ,Cải thảo xào tim heo,"Cải thảo như quí vị đã biết trong chương trình tuần trước là một nguyên liệu có thể cung cấp nước, vitamin cho cơ thể đồng thời cũng rất thích hợp trong các thực đơn mùa hè. Tuần này, chị em hãy cùng vào bếp làm tiếp một món cải thảo ngon, bổ, khỏe cho cả gia đình mình nhé.",4 người,10 Phút,Dễ,"Món Xào, Rau củ quả khác, Thịt heo, Nấm, Các loại rau, Củ quả, Thực đơn hàng ngày, Bữa trưa, Bữa tối, Món mặn, Cha, Mẹ, Người lớn tuổi, Trẻ em","Tim heo: 1/2 quả (150g), Cải thảo: 200g, Nấm đông cô: 8 tai, Cà bi: 100g, Hành tỏi băm, hành ngò, tiêu, Hạt nêm Aji-ngon® Heo, Nước tương ""Phú Sĩ"", Tim heo: 1/2 quả (150g), Cải thảo: 200g, Nấm đông cô: 8 tai, Cà bi: 100g, Hành tỏi băm, hành ngò, tiêu, Hạt nêm Aji-ngon® Heo, Nước tương ""Phú Sĩ""","Tim heo làm sạch, cắt miếng mỏng vừa ăn, ướp 1/4m tiêu, 1m hành tỏi băm và 1/2m hạt nêm Aji-ngon®, để thấm. Cải thảo rửa sạch, cắt khúc xéo 2cm. Nấm đông cô cắt sợi. Cà bi cắt đôi. Hành ngò cắt khúc.","Phi thơm hành tỏi, xào với lửa to cho tim heo gần chín, thêm ít nước, cho nấm đông cô, cuống cải thảo, lá cải thảo, cà chua bi vào đảo đều, nêm 1m hạt nêm Aji-ngon®, đảo đều, tắt lửa, rắc thêm tiêu, hành ngò.","Dùng nóng, chấm kèm nước tương “Phú Sĩ” và ớt cắt lát.","Nấm đông cô tươi cắt vừa ăn, không quá nhỏ để khi xào không bị nhũn.Chọn tim heo màu hồng tươi, có độ bóng và đủ lớn.",Cải thảo xào tim heo,3.75,62.5,7.5,1.25,1.25,7.5,0.0,0.375,15.0,1.25,50.0,62.5,12.5,0.75,150.0,125.0
https://monngonmoingay.com/canh-ga-nau-khoai-tay/,https://monngonmoingay.com/wp-content/smush-webp/2015/08/IMG-0398-canh-ga-nau-khoai-tay1.png.webp,https://www.youtube.com/channel/UC-2EWHDbHnx5JOeyWfLdIxQ,Canh gà nấu khoai tây,"Bé ở nhà lười ăn và có nguy cơ bị suy dinh dưỡng? Bạn còn chờ gì nữa mà không nấu món Canh gà nấu khoai tây này mà tẩm bổ cho bé. Khoai tây là một trong những thực phẩm giàu dưỡng chất nhất với hàm lượng tinh bột cao; kết hợp với gà, món canh này có thể giúp bé nhà bạn phòng tránh suy dinh dưỡng đó.",4 người,10 Phút,Dễ,"Canh/Súp, Hầm, Thịt gà, Rau củ quả khác, Cà rốt, Củ quả, Thực đơn hàng ngày, Bữa trưa, Bữa tối, Món mặn, Cha, Mẹ, Người lớn tuổi, Trẻ em","Đùi gà: 300g, Khoai tây: 250g, Cà rốt: 1/2 củ, Hành tây: 1/2 củ, Hành lá, tiêu xanh đập dập, ngò rí, hành tím băm, Tiêu, Hạt nêm Aji-ngon® Heo, Đùi gà: 300g, Khoai tây: 250g, Cà rốt: 1/2 củ, Hành tây: 1/2 củ, Hành lá, tiêu xanh đập dập, ngò rí, hành tím băm, Tiêu, Hạt nêm Aji-ngon® Heo","Đùi gà chặt nhỏ vừa ăn, ướp 1M hành tím băm, 1M hạt nêm Aji-ngon®, 1 ít tiêu và 1 nhánh tiêu xanh đập dập, trộn đều. Khoai tây cắt miếng vuông 4cm. Cà rốt cắt miếng vừa ăn. Hành tây cắt múi cau. Hành ngò cắt nhỏ.","Phi thơm hành tím, xào gà săn, cho 1 lít nước, cà rốt vào nấu sôi khoảng 2 – 3 phút. Sau đó, nêm 1M hạt nêm Aji-ngon®, thêm khoai tây và 1 nhánh tiêu đập dập vào, nấu đến khi gần chín, cho hành tây và một ít muối, nếm vị vừa ăn, tắt lửa, rắc thêm hành ngò.",Dùng nóng.,"Đối với thịt gà, phần cánh và đùi rất thích hợp cho món canh này.Tiêu đập dập sẽ tăng thêm hương vị cho món ăn.",Canh gà nấu khoai tây,11.25,137.5,11.25,2.0,1.25,2.5,0.125,0.2,7.5,0.625,37.5,75.0,6.25,2.0,175.0,100.0
https://monngonmoingay.com/tom-xao-sa-cay/,https://monngonmoingay.com/wp-content/smush-webp/2015/08/tom-xao-sa-cay-11an127.jpg.webp,https://www.youtube.com/channel/UC-2EWHDbHnx5JOeyWfLdIxQ,Tôm xào sả cay,"Tôm xào sả cay là một món ăn ngon, sử dụng nguyên liệu sả có tác dụng chữa được nhiều bệnh như đầy bụng, cảm cúm.",4 người,30 Phút,Dễ,"Món Xào, Tôm, Thực đơn hàng ngày, Bữa trưa, Bữa tối, Món mặn, Món nhậu, Cha, Mẹ","Tôm sú: 300g, Ớt hiểm: 3 trái, Ớt sừng: 1 trái, Sả: 2 cây, Tỏi băm, sả băm, ngò rí, Muối, tiêu, dầu điều, dầu ăn, Hạt nêm Aji-ngon® Heo, Tôm sú: 300g, Ớt hiểm: 3 trái, Ớt sừng: 1 trái, Sả: 2 cây, Tỏi băm, sả băm, ngò rí, Muối, tiêu, dầu điều, dầu ăn, Hạt nêm Aji-ngon® Heo","Tôm lấy chỉ lưng, bóc vỏ, bỏ đầu, chừa đuôi. Ướp với 1m hạt nêm Aji-ngon® với 1/3 m muối, 1M dầu điều, 1/2m tiêu, 1m tỏi băm, 1M sả băm , trộn đều khoảng 15 phút. Sả cắt xéo dày 2mm. Ớt hiểm băm nhuyễn. Ớt sừng cắt lát.","Phi thơm tỏi và sả băm, chỉnh lửa lớn rồi cho tôm vào xào chín, thêm sả cắt lát, ớt cắt lát và ớt băm vào đảo đều rồi tắt bếp.","Múc tôm ra dĩa, dùng nóng với cơm trắng.","Chọn tôm sú tươi, vỏ bóng, màu xanh trong thì tôm xào xong sẽ có màu đỏ đẹp.Khi xào hải sản nên để lửa lớn để khử mùi tanh của hải sản.",Tôm xào sả cay,1.25,87.5,15.0,0.5,0.5,3.75,0.0,0.375,25.0,0.5,75.0,75.0,5.0,0.75,87.5,125.0
https://monngonmoingay.com/ca-trung-chien-bo-toi/,https://monngonmoingay.com/wp-content/smush-webp/2015/08/CQC6886_catrung.png.webp,https://www.youtube.com/channel/UC-2EWHDbHnx5JOeyWfLdIxQ,Cá trứng chiên bơ tỏi,"Cá trứng chiên vàng rụm, vị ngọt thịt và beo béo của cá kết hợp cùng mùi bơ tỏi thơm nưng nức… Đây là một món ăn vừa đẹp mắt vừa ngon miệng, chắc chắn sẽ làm mới bữa cơm gia đình nhà bạn.",4 người,30 Phút,Dễ,"Chiên, Cá, Các loại thịt khác, Hải sản khác, Rau củ quả khác, Khác, Thực đơn hàng ngày","Cá trứng : 300g, Ớt sừng cắt quả trám : 1 trái, Bơ : 20g, Chanh Mỹ : 1/2 trái, Hành lá : 5 cọng, Tỏi băm, Dầu ăn, muối, Aji-Quick® Bột Tẩm Khô Chiên Giòn, Cá trứng : 300g, Ớt sừng cắt quả trám : 1 trái, Bơ : 20g, Chanh Mỹ : 1/2 trái, Hành lá : 5 cọng, Tỏi băm, Dầu ăn, muối, Aji-Quick® Bột Tẩm Khô Chiên Giòn","Chanh Mỹ vỏ cắt nhuyễn, sau đó vắt lấy nước. Cá trứng ướp 1M nước cốt chanh và 1M tỏi băm.","Đun nóng dầu ăn, lần lượt tẩm cá qua Aji-Quick® Bột Chiên Gà Giòn, sau đó đem chiên chín vàng, vớt ra để ráo dầu. Phi thơm tỏi với bơ trong chảo khác, cho đầu hành và ớt sừng vào đảo đều, cho cá trứng và vỏ chanh vào xốc đều, búng 1 ít muối lên cá rồi trút ra dĩa.","Dọn kèm với muối tiêu chanh, dùng nóng.",Dùng vỏ chanh Mỹ xốc chung với cá trứng giúp tạo màu sắc đẹp cho món ăn đồng thời tạo mùi thơm nhẹ độc đáo.Xốc cá trứng với bơ và tỏi phi giúp tăng hương thơm đặc trưng của món ăn.,Cá trứng chiên bơ tỏi,2.5,137.5,13.75,0.5,0.25,3.75,1.25,0.75,75.0,0.5,37.5,125.0,5.0,2.0,100.0,150.0
https://monngonmoingay.com/salad-nga/,https://monngonmoingay.com/wp-content/smush-webp/2015/08/Salad-Nga-540-360.jpg.webp,https://www.youtube.com/channel/UC-2EWHDbHnx5JOeyWfLdIxQ,Salad Nga,"Salad Nga nổi tiếng từ nhiều thế kỷ, rất được nhiều người Châu Á ưa chuộng vì tính sáng tạo và dễ thực hiện.",4 người,15 Phút,Dễ,"Gỏi/Trộn, Hải sản khác, Thịt heo, Cà rốt, Rau củ quả khác, Trứng, Thực đơn hàng ngày, Khác","Thịt nguội: 1 lát, Trứng gà: 2 quả, Cà rốt: 1 củ, Đậu bi: 50g, Ngò tây: 1nhánh, Khoai tây: 2 củ, Muối, tiêu, Xốt Mayonnaise Aji-mayo® Vị Nguyên Bản, Thịt nguội: 1 lát, Trứng gà: 2 quả, Cà rốt: 1 củ, Đậu bi: 50g, Ngò tây: 1nhánh, Khoai tây: 2 củ, Muối, tiêu, Xốt Mayonnaise Aji-mayo® Vị Nguyên Bản","Khoai tây, cà rốt gọt vỏ, cắt hạt lựu, luộc chín với 1/2m muối, vớt ra cho vào tô nước lạnh, để ráo. Đậu bi luộc chín, vớt ra tô nước lạnh để ráo. Thịt nguội cắt hạt lựu. Ngò tây rửa sạch, cắt nhuyễn. Trứng gà luộc chín, bóc vỏ, cắt khoanh.","Cho khoai tây, cà rốt, đậu bi, thịt nguội và ngò tây vào tô, trộn đều với 1/2m muối, 1/2m tiêu và 3M xốt Mayonnaise Aji-Mayo®.","Cho salad Nga ra dĩa, xếp trứng gà lên, trang trí với ngò tây cắt nhỏ.",Khi luộc trứng nên khuấy nhẹ để giữ lòng đỏ ở giữa.Rau củ sau khi luộc xong nên ngâm vào nước đã để giữ độ giòn và màu sắc.,Salad Nga,8.75,112.5,6.25,1.5,1.75,3.75,0.5,0.375,12.5,0.5,100.0,62.5,12.5,2.0,175.0,150.0
https://monngonmoingay.com/sake-kep-tom-chien-gion/,https://monngonmoingay.com/wp-content/smush-webp/2015/08/IMG-0152-sake-kep-tom-chien-gion.png.webp,https://www.youtube.com/channel/UC-2EWHDbHnx5JOeyWfLdIxQ,Sake kẹp tôm chiên giòn,"Buffet cuối tuần, họp mặt bạn bè, tiệc nhẹ… mà bạn vẫn chưa biết làm món gì? Món Sake kẹp tôm chiên giòn cực kì đẹp mắt này đảm bảo sẽ khiến mọi người khen ngợi bạn hết lời đó.",4 người,10 Phút,Dễ,"Chiên, Tôm, Cuối tuần","Sake: 500g (16 lát), Giò sống: 100g, Tôm sú: 12 con, Hành tây: 1/4 củ, Salad trộn dầu, Dầu ăn, tiêu, tương ớt, Aji-Quick® Bột Chiên Giòn, Hạt nêm Aji-ngon® Heo, Xốt Mayonnaise Aji-mayo® Vị Nguyên Bản, Sake: 500g (16 lát), Giò sống: 100g, Tôm sú: 12 con, Hành tây: 1/4 củ, Salad trộn dầu, Dầu ăn, tiêu, tương ớt, Aji-Quick® Bột Chiên Giòn, Hạt nêm Aji-ngon® Heo, Xốt Mayonnaise Aji-mayo® Vị Nguyên Bản","Tôm sú: 8 con lột vỏ, chừa đuôi, chẻ dọc bụng, cắt bỏ phần đuôi nhọn, 4 con bóc vỏ, giã nhuyễn. Sake cắt lát 3mm. Hành tây cắt hạt lựu nhỏ. Làm nhân: xào hành tây, trộn chung với giò sống, tôm giã nhuyễn, 1M hạt nêm Aji-ngon®, 1/4M tiêu, vo thành 8 viên bằng nhau. Cho nhân và 1 con tôm vào giữa 2 miếng sake, kẹp lại.","Pha Aji-Quick® Bột Chiên Giòn Hải Sản với nước theo hướng dẫn trên bao bì. Nhúng sake qua bột, cho vào dầu nóng chiên vàng, vớt ra để ráo dầu. Trộn xốt: trộn đều 2M xốt Mayonnaise Aji-Mayo® với 1M tương ớt.","Xếp sake chiên tôm ra dĩa, bày salad dầu giấm bên cạnh, khi ăn chấm với xốt Mayonnaise Aji-Mayo® trộn tương ớt.","Chẻ dọc bụng tôm để tôm bám vào nhân, khi chiên sẽ đẹp hơn.Nhúng sake qua bột sẽ tạo độ kết dính và định hình món ăn.",Sake kẹp tôm chiên giòn,16.25,162.5,8.75,2.0,1.25,2.5,0.0,0.25,20.0,0.75,37.5,75.0,7.5,2.5,150.0,175.0
https://monngonmoingay.com/cai-bo-xoi-xao-thit/,https://monngonmoingay.com/wp-content/smush-webp/2015/08/CQC6811-cai-bo-xoi-xao-thit.png.webp,https://www.youtube.com/channel/UC-2EWHDbHnx5JOeyWfLdIxQ,Cải bó xôi xào thịt,"Món cải bó xôi xào đơn giản mà rất giàu dinh dưỡng, nhất là đối với người thiếu máu. Thịt xào mềm và thấm vị, cải bó xôi vừa chín tới. Nhất là mùi vị của nước tương kết hợp với củ cải trắng mài nhuyễn kèm mè rang đem lại hương vị độc đáo cho món ăn.",4 người,15 Phút,Dễ,"Món Xào, Cà rốt, Thịt heo, Các loại thịt khác, Hải sản khác, Rau củ quả khác, Khác, Thực đơn hàng ngày","Cải bó xôi : 250g, Thịt nạc dăm : 100g, Cà rốt : 70g, Củ cải trắng mài nhỏ : 2M, Hành tỏi băm, Mè rang, Tiêu, dầu ăn, Hạt nêm Aji-ngon® Heo, Nước tương ""Phú Sĩ"", Cải bó xôi : 250g, Thịt nạc dăm : 100g, Cà rốt : 70g, Củ cải trắng mài nhỏ : 2M, Hành tỏi băm, Mè rang, Tiêu, dầu ăn, Hạt nêm Aji-ngon® Heo, Nước tương ""Phú Sĩ""","Thịt heo cắt lát mỏng, ướp 1m hành tỏi băm, 1M củ cải trắng, 1/2M hạt nêm Aji-ngon® và ít tiêu, để thấm. Cải bó xôi cắt khúc 5cm. Cà rốt cắt sợi. Pha nước chấm: pha 1/3 chén nước tương “Phú Sĩ” với 1M củ cải trắng mài và 1M mè rang giã nhuyễn.","Phi thơm hành tỏi băm, xào săn thịt, cho tiếp cà rốt và cải bó xôi vào xào, thêm 1M nước, nêm 1M nước tương “Phú Sĩ” và 1/2M hạt nêm Aji-ngon®, tắt lửa.","Cho món ăn ra dĩa, rắc mè rang lên trên, khi ăn chấm kèm nước tương đã pha.","Cải bó xôi rất nhanh chín, không nên xào quá lâu.Giã dập mè để nước chấm có vị béo và thơm của mè.",Cải bó xôi xào thịt,3.75,62.5,6.25,1.25,1.25,7.5,0.0,0.125,37.5,0.75,15.0,62.5,25.0,0.75,125.0,100.0
https://monngonmoingay.com/dau-rong-xao-trung/,https://monngonmoingay.com/wp-content/smush-webp/2015/08/IMG-0017-dau-rong-xao-trung.png.webp,https://www.youtube.com/channel/UC-2EWHDbHnx5JOeyWfLdIxQ,Đậu rồng xào trứng,Đi chợ mua được đậu rồng tươi ngon quá mà chưa biết làm món gì cho thật “bõ công”Quí vị và các bạn hãy thử trổ tài làm món Đậu rồng xào trứng vừa ngon vừa đẹp mắt này xem sao!,4 người,15 Phút,Dễ,"Món Xào, Trứng, Rau củ quả khác, Thực đơn hàng ngày","Đậu rồng 150g, Cật heo: 100g, Cật heo: 100g, Trái ớt hiểm: 1 trái, Lòng đỏ trứng vịt: 2 cái, Hành lá, ngò rí, Hành tỏi băm: 1M, Dầu ăn, nước mắm, rượu trắng, tiêu, Hạt nêm Aji-ngon® Heo, Nước tương ""Phú Sĩ"", Đậu rồng 150g, Cật heo: 100g, Cật heo: 100g, Trái ớt hiểm: 1 trái, Lòng đỏ trứng vịt: 2 cái, Hành lá, ngò rí, Hành tỏi băm: 1M, Dầu ăn, nước mắm, rượu trắng, tiêu, Hạt nêm Aji-ngon® Heo, Nước tương ""Phú Sĩ""","Đậu rồng lặt rửa sạch, cắt xéo. Cà rốt cắt sợi dài 4cm. Hành lá, ngò rí cắt nhỏ. Trứng vịt lấy lòng đỏ đánh tan, nêm ít tiêu. Cật heo làm sạch, khứa xéo ca rô rồi cắt miếng dày 2cm, ướp với 1/2M hạt nêm Aji-ngon®, 1/4M tiêu và 1M hành tỏi băm, để thấm.","Phi thơm 1M hành tỏi băm, cho cật heo vào xào, nêm 1M rượu trắng, 1 ít nước, xào vừa chín tới, trút ra dĩa. Thêm 1M dầu ăn vào chảo, phi hành tỏi băm, cho đậu rồng và cà rốt vào xào, nêm 1M hạt nêm Aji-ngon®, xào rau vừa chín thì trút cật đã xào vào, cho lòng đỏ trứng vào đảo đều, thêm 1 ít nước, trứng chín thì tắt bếp.","Cho đậu rồng xào trứng ra dĩa, rắc hành ngò và tiêu lên trên, khi ăn chấm kèm nước tương “Phú Sĩ” và ớt cắt lát.","Chọn đậu rồng xanh non, màu sáng, có rìa dún nhiều, trái thẳng.Cật heo sau khi sơ chế nên rửa qua rượu trắng để khử mùi.",Đậu rồng xào trứng,2.0,70.0,6.25,0.5,1.25,5.0,0.125,0.3,8.75,1.0,112.5,62.5,12.5,1.5,100.0,150.0
https://monngonmoingay.com/khoai-tay-xao-ba-roi-xong-khoi/,https://monngonmoingay.com/wp-content/smush-webp/2015/08/KhoaiTayXAO_CQC6625.png.webp,https://www.youtube.com/channel/UC-2EWHDbHnx5JOeyWfLdIxQ,Khoai tây xào ba rọi xông khói,Bạn đang tìm một món ăn đầy dinh dưỡng mà vẫn tiện cho bé mang theo đến trường? Khoai tây xào ba rọi xông khói sẽ là một gợi ý hấp dẫn đấy! Mùi thơm đặc trưng của húng lủi hòa cùng vị bùi bùi của khoai và vị chua ngọt của xốt mayonnaise sẽ khiến bữa trưa của con bạn thêm ngon miệng.,4 người,20 Phút,Dễ,"Món Xào, Thịt heo, Cà rốt, Các loại thịt khác, Hải sản khác, Rau củ quả khác, Khác, Thực đơn hàng ngày","Khoai tây: 200g, Ba rọi xông khói: 50g, Cà rốt: 50g, Đậu Hà Lan trái: 100g, Húng lủi, Hành tỏi băm, Tương cà, dầu ăn, Hạt nêm Aji-ngon® Heo, Xốt Mayonnaise Aji-mayo® Vị Nguyên Bản, Khoai tây: 200g, Ba rọi xông khói: 50g, Cà rốt: 50g, Đậu Hà Lan trái: 100g, Húng lủi, Hành tỏi băm, Tương cà, dầu ăn, Hạt nêm Aji-ngon® Heo, Xốt Mayonnaise Aji-mayo® Vị Nguyên Bản","Khoai tây, cà rốt dùng dao sấn lát sau đó cắt lại thành que 1cm. Đậu Hà Lan cắt miếng vừa ăn. Trụng sơ khoai tây, cà rốt, đậu Hà Lan vớt ra để ráo. Thịt ba rọi xông khói chiên chín giòn, cắt miếng nhỏ. Húng lủi cắt nhỏ.","Phi thơm hành tỏi băm, cho khoai tây, cà rốt và đậu Hà Lan vào xào, nêm 1m hạt nêm Aji-ngon®, thêm 1/3 chén nước cho khoai chín đều và thấm gia vị. Xào đến khi nước cạn, thêm 2M xốt Mayonnaise Aji-Mayo® và 1M tương cà vào đảo đều, rắc thêm rau húng lủi cắt nhỏ, tắt lửa.","Cho khoai tây ra dĩa, rắc thịt ba rọi xông khói lên trên. Dùng nóng.","Chần sơ khoai tây, cà rốt và đậu Hà Lan giúp khi xào chín đều và tiết kiệm thời gian nấu.Chiên thịt ba rọi xông khói với ít dầu ăn và lửa nhỏ để thịt giòn và bớt mỡ.",Khoai tây xào ba rọi xông khói,11.25,87.5,3.0,2.0,1.5,6.25,0.0,0.125,10.0,0.375,7.5,37.5,7.5,2.0,150.0,100.0
https://monngonmoingay.com/ca-chem-luc-lac-hat-dieu/,https://monngonmoingay.com/wp-content/smush-webp/2015/08/CaChem_CQC5067.png.webp,https://www.youtube.com/channel/UC-2EWHDbHnx5JOeyWfLdIxQ,Cá chẽm lúc lắc hạt điều,"Cá vàng ruộm hòa cùng màu xanh ớt chuông, vị ngọt thịt cá hòa cùng vị chua chua béo nhẹ của xốt, hương thơm của gừng quyện cùng mùi bơ thơm nưng nức… Cá chẽm lúc lắc hạt điều, một món ăn vừa đẹp mắt vừa ngon miệng, chắc chắn sẽ làm mới bữa cơm gia đình nhà bạn.",4 người,25 Phút,Dễ,"Khác, Cá, Các loại thịt khác, Hải sản khác, Rau củ quả khác, Khác, Thực đơn hàng ngày, Món mặn, Cha, Mẹ, Người lớn tuổi, Trẻ em","Phi lê cá chẽm: 200g g, Hạt điều: 50, Ớt chuông xanh: 30g, Hành tây: 1 củ, Gừng cắt quả trám, ớt sừng cắt sợi, Nước tỏi, dầu mè, Bơ Xốt cà chua, Muối, tiêu, chanh, Tiêu, dầu ăn, Aji-Quick® Bột Chiên Giòn, Hạt nêm Aji-ngon® Heo, Nước tương ""Phú Sĩ"", Phi lê cá chẽm: 200g g, Hạt điều: 50, Ớt chuông xanh: 30g, Hành tây: 1 củ, Gừng cắt quả trám, ớt sừng cắt sợi, Nước tỏi, dầu mè, Bơ Xốt cà chua, Muối, tiêu, chanh, Tiêu, dầu ăn, Aji-Quick® Bột Chiên Giòn, Hạt nêm Aji-ngon® Heo, Nước tương ""Phú Sĩ""","Cá cắt khối vuông 2cm, ướp với ít hạt nêm Aji-ngon®, 1m nước tỏi, 1m nước cốt chanh, tiêu, gừng sợi, dầu mè, để thấm. Cắt quả trám ớt chuông. Pha Aji-Quick® Bột Chiên Giòn Hải Sản với nước theo tỷ lệ hướng dẫn trên bao bì. Hành tây cắt múi cau.","Đun nóng dầu ăn, lần lượt nhúng cá vào hỗn hợp Aji-Quick® Bột Chiên Giòn Hải Sản, sau đó đem chiên ngập dầu đến khi cá chín vàng giòn, vớt ra để ráo dầu., Cho 3M bơ vào chảo, cho hạt điều vào rang thơm với bơ. Vớt hạt điều ra, thêm bơ và dầu vào, tiếp tục xào hành tây, cho tiếp cá vào xóc chung với hạt điều, ớt chuông, 2M xốt cà và 1M nước tương “Phú Sĩ”.","Xếp cá ra dĩa, dùng nóng.","Ướp cá với ít gừng cắt sợi để cá thơm, có tác dụng khử tanh.Rang trước hạt điều với bơ giúp tăng độ giòn và hương vị thơm ngon của hạt điều.",Cá chẽm lúc lắc hạt điều,6.25,112.5,11.25,2.0,0.75,6.25,0.0,0.0,12.5,0.5,20.0,100.0,5.0,2.0,150.0,175.0
https://monngonmoingay.com/lau-hoa-muc/,https://monngonmoingay.com/wp-content/smush-webp/2015/08/08_CQC2390_LauHoaMuc.png.webp,https://www.youtube.com/channel/UC-2EWHDbHnx5JOeyWfLdIxQ,Lẩu hoa mực,"Món lẩu tuy chua cay quen thuộc mà lạ miệng và cực kỳ dễ ăn cho những ngày tiệc tùng bận rộn! Những bông hoa mực giòn giòn với nhân cá thác lác dai mềm nóng hổi ăn với bún, nước mắm và các loại rau thì quả là một sự kết hợp tuyệt vời! Nồi lẩu có màu sắc hài hòa, đặc biệt những con mực khiến món ăn của bạn giống như vườn hoa nở rộ rất đẹp mắt.",4 người,40 Phút,Dễ,"Lẩu, Mực/Bạch tuộc, Rau củ quả khác, Cuối tuần","Mực ống : 500g, Cá thác lác : 200g, Cà chua : 3 trái, Thơm : 1/4 trái, Sả cây : 3 cây, Tiêu xanh : 2 nhánh, Ớt sừng cắt hình thoi : 1 trái, Đầu hành lá băm, Hành tỏi băm, Rau nhút, kèo nèo, hoa kim châm, rau om ngò gai, Bột năng, Bún, Nước mắm, dầu ăn, Gia vị nêm sẵn Aji-Quick® Lẩu Thái, Mực ống : 500g, Cá thác lác : 200g, Cà chua : 3 trái, Thơm : 1/4 trái, Sả cây : 3 cây, Tiêu xanh : 2 nhánh, Ớt sừng cắt hình thoi : 1 trái, Đầu hành lá băm, Hành tỏi băm, Rau nhút, kèo nèo, hoa kim châm, rau om ngò gai, Bột năng, Bún, Nước mắm, dầu ăn, Gia vị nêm sẵn Aji-Quick® Lẩu Thái","Các loại rau nhặt sạch cắt khúc vừa ăn. Sả cây và ớt đập dập. Cà chua cắt múi cau, thơm cắt lát. Mực ống làm sạch, cắt khúc 6cm, dùng kéo cắt xung quanh 2cm thành hình hoa, chần sơ qua nước sôi, để ráo. Quết cá thác lác với đầu hành lá băm, 1/2m hạt nêm Aji-ngon® và 1M tiêu xanh đập dập. Tẩm một ít bột năng vào bên trong hoa mực, nhồi cá thác lác đã quết vào bên trong mực cho đầy, ấn ớt sừng lên mặt.","Phi thơm hành tỏi băm với dầu ăn, cho cà chua và thơm vào xào chín, cho 1.5 lít nước vào, cho sả cây vào nấu cùng, nước sôi cho gói Aji-Quick® Gia vị nêm sẵn Lẩu Thái vào, cho mực vào nấu chín, tắt lửa.","Cho nước lẩu ra nồi ăn kèm các loại rau, bún, chấm nước mắm và ớt cắt lát.",Rắc ít bột năng khô vào bên trong mực để tạo độ kết dính cho mực và nhân.Cho hoa mực vào lúc nước dùng sôi để mực không bị tanh và nhanh chín.,Lẩu hoa mực,11.25,162.5,16.25,3.75,1.25,10.0,0.0,0.375,37.5,1.25,62.5,100.0,7.5,1.25,150.0,450.0
https://monngonmoingay.com/ba-roi-chien-sa-ot/,https://monngonmoingay.com/wp-content/smush-webp/2015/08/Baroichiensaot-540-360.jpg.webp,https://www.youtube.com/channel/UC-2EWHDbHnx5JOeyWfLdIxQ,Ba rọi chiên sả ớt,"Là món ăn đơn giản trong bữa ăn gia đình hàng ngày, thơm ngon và tốt cho sức khỏe.",4 người,20 Phút,Dễ,"Chiên, Thịt heo, Khác, Rau củ quả khác, Thực đơn hàng ngày","Thịt ba rọi: 400g, Sả: 2 cây, Ớt hiểm đỏ: 4 trái, Tỏi: 6 tép, Muối, nước mắm, Hạt nêm Aji-ngon® Heo, Thịt ba rọi: 400g, Sả: 2 cây, Ớt hiểm đỏ: 4 trái, Tỏi: 6 tép, Muối, nước mắm, Hạt nêm Aji-ngon® Heo","Tỏi, sả băm nhuyễn. Ớt bỏ hạt, băm nhỏ. Thịt ba rọi ướp với 1/2m muối, 1m nước mắm, 1/2m hạt nêm Aji-ngon®, 2/3 lượng sả, tỏi, ớt bằm, để 4h cho thịt thấm đều.","Đun nóng ít dầu trong chảo, gạt sạch sả, tỏi, ớt bám trên thịt rồi cho thịt vào chiên rám hai mặt, thêm 1/2 chén nước vào, đậy kín và chiên lửa riu riu để thịt chín. Khi thịt chín, mở nắp, chiên thêm một chút để hai mặt vàng đều, vớt ra để nguội. Dùng 1 chảo khác, phi thơm phần sả, tỏi và ớt còn lại.","Thịt cắt lát dày khoảng 0,3cm, xếp ra dĩa rồi rải hỗn hợp sả, tỏi, ớt phi vàng lên mặt.","Ướp thịt trong 4h để thịt hơi lên men chua, món ăn sẽ ngon hơn.",Ba rọi chiên sả ớt,1.25,350.0,10.0,0.25,0.25,3.75,0.0,0.2,5.0,0.75,75.0,75.0,2.5,12.5,100.0,375.0
https://monngonmoingay.com/canh-ga-dui-trong/,https://monngonmoingay.com/wp-content/smush-webp/2015/08/6.Canhgaduitrong2.png.webp,https://www.youtube.com/channel/UC-2EWHDbHnx5JOeyWfLdIxQ,Cánh gà dùi trống,"Đây là món ăn ngon lạ, đơn giản, nhanh gọn và đặc biệt rất hợp với khẩu vị của các bé.",4 người,45 Phút,Dễ,"Chiên, Thịt gà, Trứng, Thực đơn hàng ngày","Cánh gà: 600g, Tỏi: 2 tép, Hành tím: 2 củ, Chanh: 1 trái, Lá chanh: 2 lá, Trứng gà: 2 trái, Bột mì, bột xù, Tương ớt, tương cà, Muối, tiêu, dầu ăn, Hạt nêm Aji-ngon® Heo, Xốt Mayonnaise Aji-mayo® Vị Nguyên Bản, Cánh gà: 600g, Tỏi: 2 tép, Hành tím: 2 củ, Chanh: 1 trái, Lá chanh: 2 lá, Trứng gà: 2 trái, Bột mì, bột xù, Tương ớt, tương cà, Muối, tiêu, dầu ăn, Hạt nêm Aji-ngon® Heo, Xốt Mayonnaise Aji-mayo® Vị Nguyên Bản","Hành, tỏi giã nhuyễn, vắt lấy nước. Lá chanh cắt nhuyễn. Chanh vắt lấy nước cốt. Trứng gà đập vào tô, đánh tan. Khứa nhẹ vào giữa hai khớp cánh gà, bẻ cho xương nhô ra, dùng tay tuốt để dồn thịt về một bên, xong cắt đứt phần này ra. Sau đó làm tương tự với khớp còn lại. Ướp cánh gà với nước cốt hành, tỏi, 2m hạt nêm Aji-ngon®, 1m muối, 1/2m tiêu và 1m nước cốt chanh, để thấm 10-15 phút.","Đun nóng dầu, tẩm cánh gà qua bột mì, nhúng qua trứng, lăn qua bột xù rồi cho vào chiên vàng, vớt ra để ráo dầu. Quấn giấy bạc phần xương cho đẹp. Pha xốt chấm: trộn đều 4M xốt Mayonnaise Aji-Mayo® với 1M tương ớt, 2M tương cà và lá chanh cắt nhuyễn.","Xếp cánh gà chiên ra dĩa, chấm với xốt vừa pha và ăn kèm xà lách trộn.",Ướp thịt với 1 ít nước cốt chanh món ăn sẽ thơm hơn.,Cánh gà dùi trống,,,,,,,,,,,,,,,,
https://monngonmoingay.com/bong-thien-ly-xao-tom/,https://monngonmoingay.com/wp-content/smush-webp/2015/08/IMG-0143-bong-thien-ly-xao-tom.png.webp,https://www.youtube.com/channel/UC-2EWHDbHnx5JOeyWfLdIxQ,Bông thiên lý xào tôm,"Ngày mùa nóng mà được ăn một dĩa Bông thiên lý xào tôm thì còn gì tuyệt vời bằng. Không những ngon, ngọt, bông thiên lý còn có tác dụng giảm cân nữa đó các bạn gái ơi.",4 người,20 Phút,Dễ,"Món Xào, Tôm, Rau củ quả khác, Thực đơn hàng ngày, Món mặn, Cha, Mẹ, Người lớn tuổi, Trẻ em","Tôm tươi: 150g, Bông thiên lý: 150g, Giá: 50g, Hành tím băm: 2M, Hành tím phi: 1M, Ớt xắt lát, Tiêu, tương ớt, dầu ăn, Hạt nêm Aji-ngon® Heo, Nước tương ""Phú Sĩ"", Tôm tươi: 150g, Bông thiên lý: 150g, Giá: 50g, Hành tím băm: 2M, Hành tím phi: 1M, Ớt xắt lát, Tiêu, tương ớt, dầu ăn, Hạt nêm Aji-ngon® Heo, Nước tương ""Phú Sĩ""","Tôm làm sạch, ướp 1/2M hạt nêm Aji-ngon®, 1 ít tiêu, 1M hành tím, để thấm. Bông thiên lý và giá lặt rửa sạch.","Phi thơm hành tím, cho tôm vào xào, trút ra dĩa. Thêm dầu ăn vào chảo, cho thiên lý vào xào, thêm 2M nước, nêm 1M hạt nêm Aji-ngon®, cho giá và tôm vào đảo đều. Tắt lửa.","Cho bông thiên lý xào tôm ra dĩa, rắc thêm tiêu, hành phi, chấm kèm nước tương “Phú Sĩ” và ớt cắt lát hoặc tương ớt.","Chọn bông thiên lý tươi non, còn nhiều búp.Xào bông thiên lý nhanh tay để giữ được độ giòn.",Bông thiên lý xào tôm,,,,,,,,,,,,,,,,
https://monngonmoingay.com/trung-hap-kieu-nhat/,https://monngonmoingay.com/wp-content/smush-webp/2015/08/10.TrunghapkieuNhat3.png.webp,https://www.youtube.com/channel/UC-2EWHDbHnx5JOeyWfLdIxQ,Trứng hấp kiểu Nhật,"Là món ăn của Nhật Bản vừa bổ dưỡng lại rất dễ ăn, cực kì phù hợp với người già hoặc trẻ nhỏ.",4 người,40 Phút,Dễ,"Hấp/Tiềm, Trứng, Cá, Tôm, Rau củ quả khác, Thực đơn hàng ngày","Trứng gà: 5 quả, Tôm sú: 4 con, Nấm hương: 50g, Thịt ức gà: 50g, Thanh cá giả: 1/2 thanh, Cải bó xôi: 1 cây, Nước tương ""Phú Sĩ"", Hạt nêm Aji-ngon® Heo, Trứng gà: 5 quả, Tôm sú: 4 con, Nấm hương: 50g, Thịt ức gà: 50g, Thanh cá giả: 1/2 thanh, Cải bó xôi: 1 cây, Nước tương ""Phú Sĩ"", Hạt nêm Aji-ngon® Heo","Tôm tươi bóc bỏ đầu và vỏ. Thịt gà thái miếng. Thanh cá giả cắt lát. Nấm hương ngâm mềm trong nước có pha ít bột năng cho trắng, rửa sạch, bỏ chân, cắt đôi. Cải bó xôi rửa sạch, cắt khúc ngắn. Chần sơ tôm, thịt gà, nấm và cải bó xôi rồi vớt ra ngâm qua nước lạnh, để ráo. Cho 0,5 lít nước ấm vào tô, nêm 1M nước tương LISA và 2M hạt nêm Aji-ngon®. Trứng gà đánh tan, dùng rây lược trứng rồi cho vào tô nước gia vị đã nguội.","Đổ trứng pha nước gia vị vào khoảng 1/3 chén, cho vào nồi hấp khoảng 10 phút cho trứng hơi đặc lại. Lấy ra xếp tôm, cá giả, thịt gà, nấm và cải bó xôi vào, đổ thêm trứng, cho vào nồi hấp thêm 20 phút nữa cho trứng chín.",Dùng nóng như món khai vị.,Lược trứng qua rây sẽ làm cho hỗn hợp trứng mịn và không bị rỗ sau khi hấp.,Trứng hấp kiểu Nhật,,,,,,,,,,,,,,,,
https://monngonmoingay.com/canh-bap-cai-thit-xong-khoi/,https://monngonmoingay.com/wp-content/smush-webp/2015/08/IMG-0164-canh-bap-cai-thit-ong-khoi.png.webp,https://www.youtube.com/channel/UC-2EWHDbHnx5JOeyWfLdIxQ,Canh bắp cải thịt xông khói,Món canh có nguyên liệu chính từ thịt xông khói này được kết hợp với bắp cải – một loại rau rất quen thuộc sẽ tạo nên một món ăn rất lạ miệng và ngon tuyệt vời. Quí vị hãy thử đổi món cho gia đình mình vào cuối tuần này xem!,4 người,20 Phút,Dễ,"Canh/Súp, Các loại thịt khác, Cà rốt, Thịt heo, Nấm, Thực đơn hàng ngày","Bắp cải: 200g, Thịt xông khói: 100g, Cà rốt: 50g, Nấm rơm: 50g, Hành lá, ngò rí, muối, tiêu, tỏi băm, Hạt nêm Aji-ngon® Heo, Bắp cải: 200g, Thịt xông khói: 100g, Cà rốt: 50g, Nấm rơm: 50g, Hành lá, ngò rí, muối, tiêu, tỏi băm, Hạt nêm Aji-ngon® Heo","Thịt ba chỉ xông khói và bắp cải cắt miếng vuông 3cm. Nấm rơm rửa sạch, chẻ làm đôi. Cà rốt tỉa hoa, cắt lát dày 3mm. Hành ngò cắt nhỏ.","Phi thơm tỏi với ít dầu ăn, cho thịt xông khói vào xào thơm, cho nấm rơm vào xào hơi mềm, thêm 1 lít nước đun sôi, nêm 1/2M muối, 1M hạt nêm Aji-ngon®. Cho bắp cải và cà rốt vào nấu chín, thêm hành ngò, tắt bếp.","Cho canh ra tô, rắc thêm tiêu, dùng nóng với cơm.","Cho nấm vào xào ngay sau khi xào thịt xông khói, nấm sẽ thơm và thấm vị hơn.Nên xào kĩ thịt heo xông khói để thịt có mùi thơm.",Canh bắp cải thịt xông khói,,,,,,,,,,,,,,,,
https://monngonmoingay.com/salad-cua-va-mi-y-2/,https://monngonmoingay.com/wp-content/smush-webp/2015/08/IMG_8552_SaladCuaVaMiY.png.webp,https://www.youtube.com/channel/UC-2EWHDbHnx5JOeyWfLdIxQ,Salad cua mì ý,"Món ăn này giàu năng lượng, mùi vị lại thơm ngon để thay đổi khẩu vị trong gia đình.",4 người,10 Phút,Dễ,"Món Xào, Hải sản khác, Rau củ quả khác, Trứng, Khác, Thực đơn hàng ngày","Mì Ý: 50g, Thịt cua: 100g, Hành tây: 1/4 củ, Trứng gà: 1 quả, Ngò rí: 3 cây Muối, tiêu, kem tươi, Xốt Mayonnaise Aji-mayo® Vị Nguyên Bản, Mì Ý: 50g, Thịt cua: 100g, Hành tây: 1/4 củ, Trứng gà: 1 quả, Ngò rí: 3 cây Muối, tiêu, kem tươi, Xốt Mayonnaise Aji-mayo® Vị Nguyên Bản","Mì Ý luộc chín trong nước có 1m dầu ăn để mì không bị dính với nhau, vớt ra ngâm vào nước lạnh, để ráo. Hành tây cắt lát mỏng, ướp với 1m muối, để 10 phút rồi xả sạch, vắt ráo. Trứng gà luộc chín, tách riêng lòng đỏ nghiền nhỏ, lòng trắng cắt hạt lựu. Ngò rí rửa sạch, cắt nhỏ.","Pha xốt: trộn đều 2M xốt Mayonnaise Aji-Mayo® với 1M kem tươi và 1/4m tiêu, 1/4m muối. Cho mì Ý, thịt cua, hành tây, lòng trắng trứng và ngò rí vào tô, trộn đều với hỗn hợp xốt.","Gắp salad ra dĩa, rắc lòng đỏ trứng và ngó rí lên trên.","Mì Ý nên luộc lâu hơn thời gian hướng dẫn trên bao bì 2-3 phút, mì sẽ mềm và ngon hơn.Ngâm hành tây với muối khoảng 10 phút cho hành bớt tây.",Salad cua mì ý,,,,,,,,,,,,,,,,
https://monngonmoingay.com/lau-ech-sa-te/,https://monngonmoingay.com/wp-content/smush-webp/2015/08/6_LauEchSaTe_CQC5225.png.webp,https://www.youtube.com/channel/UC-2EWHDbHnx5JOeyWfLdIxQ,Lẩu ếch sa tế,"Với nước dùng màu đỏ hấp dẫn, dậy mùi sa tế đặc trưng, món Lẩu ếch sa tế là một gợi ý hay cho những buổi họp mặt ấm cúng. Đây cũng là công thức đảm bảo cho một bữa ăn ngon miệng với vị chua ngọt cay cay rất vừa ăn.",4 người,20 Phút,Dễ,"Lẩu, Cà chua, Đậu hũ, Ếch, Các loại rau, Nấm, Cuối tuần","Thit ếch: 500g, Cà chua: 2 trái, Nấm rơm: 150g, Riềng: 50g, Ớt hiểm: 3 trái, Sả: 5 cây, Sa tế: 3M, Hành tím: 5 củ, Đậu hũ trắng: 1 miếng, Rau om, ngò gai, Bún Ăn kèm: cần nước, nấm kim châm, bông thiên lý, kèo nèo, bông so đũa…, Dầu ăn, nước mắm, Gia vị nêm sẵn Aji-Quick® Lẩu Thái, Thit ếch: 500g, Cà chua: 2 trái, Nấm rơm: 150g, Riềng: 50g, Ớt hiểm: 3 trái, Sả: 5 cây, Sa tế: 3M, Hành tím: 5 củ, Đậu hũ trắng: 1 miếng, Rau om, ngò gai, Bún Ăn kèm: cần nước, nấm kim châm, bông thiên lý, kèo nèo, bông so đũa…, Dầu ăn, nước mắm, Gia vị nêm sẵn Aji-Quick® Lẩu Thái","Chặt ếch làm tư, ướp 3M sa tế, để 15 phút cho thấm gia vị. Cà chua cắt múi cau. Nấm rơm khía chữ thập trên đầu. Riềng cắt sợi nhuyễn. Sả cắt khúc 10cm, đập dập. Hành tím, ớt hiểm đập dập. Đậu hũ cắt miếng vuông cạnh 2cm. Rau om, ngò gai cắt khúc 2cm.","Phi thơm hành tím và ớt hiểm, xào săn ếch và nấm rơm, nêm 1M nước mắm, tiếp tục cho 1.5 lít nước sôi vào, nêm 1 gói Aji-Quick® Gia vị nêm sẵn Lẩu Thái, thêm sả, riềng, cà chua và đậu hũ vào nấu sôi lại, thêm rau om, ngò gai.","Dùng nóng với bún, kèm các loại rau như: cần nước, nấm kim châm, bông thiên lý, kèo nèo, bông so đũa và nước mắm ớt.","Ướp ếch với sa tế để ếch thấm và dậy mùi sa tế, tạo hương vị đặc trưng cho món ăn.Xào ếch với nước mắm sẽ giúp ếch thấm vị đậm đà hơn.",Lẩu ếch sa tế,,,,,,,,,,,,,,,,
https://monngonmoingay.com/tom-chien-com/,https://monngonmoingay.com/wp-content/smush-webp/2015/08/7.tomchiencom3.png.webp,https://www.youtube.com/channel/UC-2EWHDbHnx5JOeyWfLdIxQ,Tôm chiên cốm,"Món ăn bổ dưỡng, được trình bày đẹp mắt, thường được phục vụ trong các buổi tiệc.",4 người,20 Phút,Dễ,"Chiên, Tôm, Cà chua, Rau củ quả khác, Trứng, Khác","Tôm sú: 300g, Cốm dẹp: 200g, Cà chua: 1 trái, Trứng gà: 2 quả, Bột mì: 150g, Hành tỏi băm, tiêu, dầu ăn, muối, Cần tây, ngò rí, ớt sừng, dưa leo, xà lách, Hạt nêm Aji-ngon® Heo, Xốt Mayonnaise Aji-mayo® Vị Nguyên Bản, Tôm sú: 300g, Cốm dẹp: 200g, Cà chua: 1 trái, Trứng gà: 2 quả, Bột mì: 150g, Hành tỏi băm, tiêu, dầu ăn, muối, Cần tây, ngò rí, ớt sừng, dưa leo, xà lách, Hạt nêm Aji-ngon® Heo, Xốt Mayonnaise Aji-mayo® Vị Nguyên Bản","Tôm lấy chỉ lưng, bóc vỏ, bỏ đầu chừa đuôi, rửa sơ qua nước muối, cắt chéo bụng rồi nắn tôm cho thẳng, lau khô. Trộn đều hỗn hợp gia vị gồm: 1m nước hành tỏi băm, 1/3m hạt nêm Aji-ngon® và 1/2m tiêu. Cho tôm vào ướp khoảng 5 phút cho thấm gia vị. Trứng gà đập ra tô, đánh tan. Cần tây và ớt băm nhỏ.","Lăn tôm qua bột mì, nhúng qua trứng rồi lăn qua cốm dẹp cho cốm bám đều xung quanh tôm rồi cho vào chảo dầu nóng chiên chín tới, vớt ra để ráo dầu. Pha xốt: trộn đều 4M xốt Mayonnaise Aji-Mayo® với 1m cần tây băm và 2m ớt băm.","Xếp tôm chiên cốm ra dĩa, khi ăn chấm với hỗn hợp xốt vừa trộn.",Nên cắt tôm sâu 2cm để khi chiên tôm tạo hình con bướm.Sau khi chiên xong nên vớt vụn cốm để dầu không bị đen khi chiên lần 2.,Tôm chiên cốm,,,,,,,,,,,,,,,,
https://monngonmoingay.com/gan-xot-mat-ong-2/,https://monngonmoingay.com/wp-content/smush-webp/2015/08/IMG_3697-gan-xot-mat-ong.png.webp,https://www.youtube.com/channel/UC-2EWHDbHnx5JOeyWfLdIxQ,Gan xốt mật ong,Hôm nay chị em hãy đãi gia đình mình một món ăn rất ngọt ngào và thơm ngon này nhé – Gan xốt mật ong.,4 người,15 Phút,Dễ,"Khác, Thịt heo, Rau củ quả khác, Khác, Thực đơn hàng ngày","Gan heo: 200g, Hành tây: 1/2 củ nhỏ, Ớt chuông đỏ: 1/2 trái, Hành lá: 4 cây, Tỏi băm: 1m, Dầu ăn, rượu trắng, mật ong,, Tiêu, nước gừng, Ngũ vị hương, bột năng, Hạt nêm Aji-ngon® Heo, Nước tương ""Phú Sĩ"", Gan heo: 200g, Hành tây: 1/2 củ nhỏ, Ớt chuông đỏ: 1/2 trái, Hành lá: 4 cây, Tỏi băm: 1m, Dầu ăn, rượu trắng, mật ong,, Tiêu, nước gừng, Ngũ vị hương, bột năng, Hạt nêm Aji-ngon® Heo, Nước tương ""Phú Sĩ""","Gan cắt miếng vừa ăn, ướp 1m rượu trắng, 1m hạt nêm Aji-ngon®, 1m tỏi băm,1m nước gừng, 1/2m tiêu, 1/3m ngũ vị hương, để thấm trong khoảng 2-3 phút, rồi cho thêm 1m bột năng vào. Hành tây cắt múi cau. Hành lá cắt khúc 2-3cm. Ớt chuông bỏ cuống, cắt hình thoi. Pha xốt: trộn đều 2M nước tương “Phú Sĩ”, 1M mật ong và 6M nước.","Phi thơm tỏi băm với 2M dầu ăn, cho gan vào xào săn và xốt nước tương vào xào cho nước sệt lại, tiếp tục cho lần lượt hành tây và ớt chuông, hành lá vào xào.","Cho món gan xốt mật ong ra dĩa, rắc thêm tiêu, ăn nóng với cơm và chấm nước tương “Phú Sĩ”.","Chọn loại gan bột là loại gan mịn, có màu sáng và đồng nhất.Ướp bột năng vào gan để khi xào gan sẽ không bị khô, ra nước mà vẫn chín mềm rất ngon.Xào gan vừa chín tới để gan mềm và có vị ngon.",Gan xốt mật ong,,,,,,,,,,,,,,,,
https://monngonmoingay.com/tom-chien-xot-kiwi/,https://monngonmoingay.com/wp-content/smush-webp/2015/08/IMG-0012-tom-chien-xot-kiwi.png.webp,https://www.youtube.com/channel/UC-2EWHDbHnx5JOeyWfLdIxQ,Tôm chiên xốt kiwi,"Với Aji-Quick® Bột chiên giòn Hải Sản sẽ giúp dễ dàng hơn khi chế biến món ăn này cho các bé mà không kém phần hấp dẫn, lạ và độc đáo, rất thích hợp cho không khí ngày hè.",4 người,15 Phút,Dễ,"Chiên, Tôm, Rau củ quả khác, Cuối tuần","Tôm sú: 300g, Kiwi: 1 trái, Tương cà, Dầu ăn, Aji-Quick® Bột Chiên Giòn, Xốt Mayonnaise Aji-mayo® Vị Nguyên Bản, Tôm sú: 300g, Kiwi: 1 trái, Tương cà, Dầu ăn, Aji-Quick® Bột Chiên Giòn, Xốt Mayonnaise Aji-mayo® Vị Nguyên Bản","Tôm bóc vỏ, bỏ đầu, chừa đuôi, lấy chỉ lưng. Kiwi gọt vỏ, băm nhỏ. Pha xốt: trộn đều kiwi băm với 1M xốt Mayonnaise Aji-Mayo®, 1M tương cà.","Pha bột: Pha Aji-Quick® Bột Chiên Giòn Hải Sản theo hướng dẫn trên bao bì. Đun nóng dầu ăn, lần lượt nhúng tôm vào Aji-Quick® Bột Chiên Giòn Hải Sản, đem chiên giòn, vớt ra để ráo dầu.","Xếp tôm chiên ra dĩa, khi ăn chấm kèm xốt pha.","Chọn kiwi trái tròn đều, da ửng vàng, không bị dập.Kết hợp kiwi với xốt Mayonnaise Aji-Mayo®sẽ tạo ra 1 món xốt mới lạ và hấp dẫn.",Tôm chiên xốt kiwi,,,,,,,,,,,,,,,,
https://monngonmoingay.com/canh-tom-bap-vien/,https://monngonmoingay.com/wp-content/smush-webp/2015/08/IMG-3750-canh-tom-bap-vien.png.webp,https://www.youtube.com/channel/UC-2EWHDbHnx5JOeyWfLdIxQ,Canh tôm bắp viên,"Canh tôm bắp viên là món rất ngon, đẹp mắt, dễ thực hiện, thích hợp để thay đổi thực đơn của gia đình vào dịp cuối tuần.",4 người,30 Phút,Dễ,"Canh/Súp, Tôm, Thịt heo, Rau củ quả khác, Nấm, Thực đơn hàng ngày","Tôm đất: 200g, Nấm rơm: 100g, Giò sống: 50g, Bắp Mỹ: 1/2 trái, Su hào: 1/2 củ, Cà rốt: 1/2 củ, Hành lá, ngò rí, tiêu, Hạt nêm Aji-ngon® Heo, Tôm đất: 200g, Nấm rơm: 100g, Giò sống: 50g, Bắp Mỹ: 1/2 trái, Su hào: 1/2 củ, Cà rốt: 1/2 củ, Hành lá, ngò rí, tiêu, Hạt nêm Aji-ngon® Heo","Tôm bóc vỏ, bỏ đầu, băm nhỏ. Su hào, cà rốt gọt vỏ, cắt miếng vừa ăn. Trích ra 1M cà rốt để băm nhỏ. Bắp Mỹ gỡ lấy hạt, băm nhỏ. Hành lá phần đầu trắng băm nhỏ, phần lá cắt nhỏ cùng ngò rí. Nấm rơm ngâm rửa sạch, cắt đôi. Trộn đều tôm, bắp, giò sống với 2m hành lá, 2m đầu hành băm, 1M cà rốt băm, nêm 1m hạt nêm Aji-ngon® và 1/4m tiêu, viên thành viên tròn nhỏ.","Đun sôi 1 lít nước, cho cà rốt, su hào và nấm rơm vào nấu khoảng 3 phút, cho tôm viên vào, đợi nước canh sôi lại, nêm 2M hạt nêm Aji-ngon®, 1/3m tiêu, ngò rí và hành lá, nếm vị vừa ăn, tắt bếp.","Múc canh ra tô, rắc thêm tiêu và hành ngò, dùng nóng.","Giò sống đã đuợc nêm vừa ăn, chỉ cần thêm tiêu và đầu hành lá băm.",Canh tôm bắp viên,,,,,,,,,,,,,,,,
https://monngonmoingay.com/canh-rau-muong-khoai-so/,https://monngonmoingay.com/wp-content/smush-webp/2015/08/IMG-2541-canh-rau-muong-khoai-so.png.webp,https://www.youtube.com/channel/UC-2EWHDbHnx5JOeyWfLdIxQ,Canh rau muống khoai sọ,"Canh rau muống khoai sọ là món đơn giản, dễ nấu nhưng đảm bảo cũng không kém phần ngon miệng và rất hấp dẫn, bổ sung vào thực đơn hàng ngày của gia đình.",4 người,15 Phút,Dễ,"Canh/Súp, Rau củ quả khác, Hải sản khác, Thực đơn hàng ngày","Rau muống: 200g g, Khoai sọ: 200g, Cá thác lác: 150, Ngò rí: 2 cây, Hành lá: 2 cây, Ớt sừng: 1 trái, Tiêu, nước mắm, Hạt nêm Aji-ngon® Heo, Rau muống: 200g g, Khoai sọ: 200g, Cá thác lác: 150, Ngò rí: 2 cây, Hành lá: 2 cây, Ớt sừng: 1 trái, Tiêu, nước mắm, Hạt nêm Aji-ngon® Heo","Rau muống lặt rửa sạch, cắt khúc dài 5cm. Hành lá phần đầu trắng băm nhuyễn, phần lá cắt nhỏ cùng ngò rí. Ớt sừng 1/2 cắt lát, 1/2 băm nhỏ. Khoai sọ gọt rửa sạch, cắt miếng vừa ăn. Cá thác lác ướp với 1m hạt nêm Aji-ngon®, 1/2m tiêu, 1m đầu hành băm và 1m ớt băm, viên thành viên tròn nhỏ.","Đun sôi 1,5 lít nước, cho cá thác lác vào, nêm 1,5M hạt nêm Aji-ngon®, cho tiếp khoai sọ vào, nấu đến khi khoai chín mềm. Cuối cùng thêm rau muống vào, đợi rau chín thì nêm thêm 1M nước mắm, tắt bếp.","Múc canh ra tô, rắc hành lá, ngò rí và tiêu lên trên, dùng nóng với cơm.",Luộc sơ khoai rồi mới gọt vỏ sẽ đỡ bị nhớt và tránh ngứa tay hơn.Rau muống cho vào sau khi đã nêm gia vị để rau vừa chín tới sẽ ngon hơn.,Canh rau muống khoai sọ,,,,,,,,,,,,,,,,
https://monngonmoingay.com/chao-thit-bo-trung-muoi/,https://monngonmoingay.com/wp-content/smush-webp/2015/08/IMG-2274-chao-thit-bo-trung-muoi.png.webp,https://www.youtube.com/channel/UC-2EWHDbHnx5JOeyWfLdIxQ,Cháo thịt bò trứng muối,"Món cháo bổ dưỡng có tính nhiệt nên rất tốt cho việc giải cảm, rất ngon miệng, lạ miệng nhưng vẫn rất dễ ăn và đầy đủ dinh dưỡng cho những bà mẹ trẻ có con nhỏ nhé.",4 người,45 Phút,Dễ,"Canh/Súp, Khác, Thịt bò, Trứng, Thực đơn hàng ngày","Thịt bò: 150g, Gạo tẻ: 70g, Gạo nếp: 30g, Gừng: 1 củ nhỏ, Hành tím: 2 củ, Trứng vịt muối: 4 quả, Hành lá, ngò rí, tiêu, muối, dầu ăn, Hạt nêm Aji-ngon® Heo, Thịt bò: 150g, Gạo tẻ: 70g, Gạo nếp: 30g, Gừng: 1 củ nhỏ, Hành tím: 2 củ, Trứng vịt muối: 4 quả, Hành lá, ngò rí, tiêu, muối, dầu ăn, Hạt nêm Aji-ngon® Heo","Gạo và nếp vo sạch, để ráo. Gừng gọt vỏ, 1/2 cắt lát, 1/2 băm nhỏ. Hành tím băm nhỏ. Hành lá, ngò rí cắt nhỏ. Trứng vịt muối rửa sạch, luộc chín, sau đó cắt đôi, nạo lấy lòng đỏ, bẻ miếng nhỏ. Thịt bò băm nhỏ, ướp với 1m hạt nêm Aji-ngon®, 1/4m muối, 1/4m tiêu, 1m hành tím băm và 1m gừng băm, để thấm.","Cho gạo và nếp vào nồi, thêm 750ml nước, nêm 1/2m muối, nấu đến khi đặc, thêm tiếp 750ml nước lạnh vào nồi nấu đến khi cháo nhừ. Phi thơm hành tím, cho thịt bò vào chảo thật nóng rồi tắt bếp ngay để xào săn, trút vào nồi cháo nấu sôi, tắt lửa, nêm 1m hạt nêm Aji-ngon®.","Múc cháo ra tô, rải lòng đỏ trứng muối, rắc tiêu, hành lá, ngò rí và gừng lên mặt, dùng nóng.",Chọn gạo mới để nấu thì cháo sẽ thơm và dẻo hơn.Luộc trứng vịt muối khoảng 12 phút là trứng chín.Xào sơ thịt bò trước khi nấu để thịt bò mềm và không quá nồng.,Cháo thịt bò trứng muối,,,,,,,,,,,,,,,,
https://monngonmoingay.com/chim-cut-nhoi-com-hap/,https://monngonmoingay.com/wp-content/smush-webp/2015/08/chim-cut-nhoi-com-hap-47an559.jpg.webp,https://www.youtube.com/channel/UC-2EWHDbHnx5JOeyWfLdIxQ,Chim cút nhồi cốm hấp,"Là 1 món ăn ngon bổ dưỡng cho sức khỏe với các nguyên liệu, phương pháp chế biến đơn giản rất thích hợp dùng cho các bữa tiệc hay dịp lễ.",4 người,40 Phút,Dễ,"Hấp/Tiềm, Khác, Thịt heo, Cà rốt, Nấm, Cuối tuần","Chim cút: 2 con, Cốm dẹp: 20g, Giò sống: 150g, Hạt sen luộc chín: 50g, Nấm hương luộc chín: 5 tai, Cà rốt: 50g, Nước dùng: 1 chén, Hành tím băm, Hành lá, ngò rí, Tiêu, hắc xì dầu, dầu ăn, Hạt nêm Aji-ngon® Heo, Chim cút: 2 con, Cốm dẹp: 20g, Giò sống: 150g, Hạt sen luộc chín: 50g, Nấm hương luộc chín: 5 tai, Cà rốt: 50g, Nước dùng: 1 chén, Hành tím băm, Hành lá, ngò rí, Tiêu, hắc xì dầu, dầu ăn, Hạt nêm Aji-ngon® Heo","Chim cút mổ moi, làm sạch, ướp 1/2m hạt nêm Aji-ngon®, 1/2m tiêu, để thấm. Cà rốt tỉa hoa cắt lát 5mm. Đầu hành lá cắt khúc. Trộn đều giò sống, 2M cốm, 1m hành tím băm và 1/2m tiêu, sau đó nhồi vào bụng chim cút, cài tăm lại. Bôi da chim cút bằng hắc xì dầu.","Đun nóng dầu ăn, chiên sơ cho da cút hơi vàng, vớt ra để ráo. Đặt chim cút vào dĩa sâu lòng, xếp nấm, cà rốt, hạt sen, đầu hành lá và thêm nước dùng, đem hấp chín khoảng 20 phút.","Trang trí món ăn với ngò rí và tiêu, dùng nóng.",Cốm khi quết chung với giò sống sẽ giúp nhân có màu đẹp và kết dính tốt hơn.Hắc xì dầu giúp da chim cút có màu nâu đẹp và tạo mùi thơm cho món ăn.,Chim cút nhồi cốm hấp,,,,,,,,,,,,,,,,
https://monngonmoingay.com/suon-kho-giam-mat-ong/,https://monngonmoingay.com/wp-content/smush-webp/2015/08/7_CQC3190_SuonKhoGiamMatOng.png.webp,https://www.youtube.com/channel/UC-2EWHDbHnx5JOeyWfLdIxQ,Sườn kho giấm mật ong,"Sườn kho có vị chua ngọt hài hòa, thơm mùi tỏi, mùi gừng đem lại cảm giác thật lạ miệng đúng không nào!",4 người,30 Phút,Dễ,"Kho, Thịt heo, Các loại thịt khác, Hải sản khác, Rau củ quả khác, Khác, Thực đơn hàng ngày","Sườn non dày thịt: 400g, Ớt hiểm: 2 trái, Ớt sừng: 1 trái, Mè trắng rang: 1M, Hành tỏi băm: 1M, Hành lá, gừng củ, Tiêu, muối, mật ong, dầu điều, dầu hào, ""AJINOMOTO"" Giấm gạo lên men, Hạt nêm Aji-ngon® Heo, Nước tương ""Phú Sĩ"", Sườn non dày thịt: 400g, Ớt hiểm: 2 trái, Ớt sừng: 1 trái, Mè trắng rang: 1M, Hành tỏi băm: 1M, Hành lá, gừng củ, Tiêu, muối, mật ong, dầu điều, dầu hào, ""AJINOMOTO"" Giấm gạo lên men, Hạt nêm Aji-ngon® Heo, Nước tương ""Phú Sĩ""","Sườn chặt miếng 3x4cm. Ướp với 1M hạt nêm Aji-ngon®, 3M giấm gạo lên men LISA®, 1/2M gừng cắt sợi, 2M nước tương “Phú Sĩ”, 2M mật ong, 1M dầu hào, 1m muối, 1m tiêu, 2 trái ớt hiểm, 1M hành tỏi băm, trộn đều. Để thấm 10 phút. Ớt sừng cắt hình thoi, hành lá cắt khúc, gừng cắt sợi.","Phi thơm gừng và hành tỏi với dầu điều, cho sườn vào đảo cho săn, cho thêm nước ướp sườn vào chung kho với lửa vừa, thêm nước trong quá trình kho để sườn chín mềm. Đậy nắp đến khi nước kho sanh sánh, sườn chín vừa, còn độ giòn, tắt lửa.","Cho sườn ra đĩa, rắc hành lá và mè rang. Dọn kèm cơm, rau, dưa.","Dùng giấm ướp và kho giúp sườn có vị chua dịu và tăng độ giòn.Kho sườn với lửa vừa và đậy nắp giúp sườn chín, thấm gia vị, món ăn ít mất nước trong khi kho.",Sườn kho giấm mật ong,,,,,,,,,,,,,,,,
https://monngonmoingay.com/mi-xao-gion-so-diep/,https://monngonmoingay.com/wp-content/smush-webp/2015/08/19-Mi-xao-gion-so-diep-540-360.jpg.webp,https://www.youtube.com/channel/UC-2EWHDbHnx5JOeyWfLdIxQ,Mì xào giòn sò điệp,"Món ăn lạ miệng với sợi mì chiên giòn thơm, kết hợp cùng vị ngọt tự nhiên của sò điệp và các loại rau củ, chắc hẳn là món ăn đổi bữa rất thú vị và hấp dẫn cho cả gia đình.",4 người,25 Phút,Dễ,"Món Xào, Cà rốt, Các loại thịt khác, Hải sản khác, Rau củ quả khác, Khác, Thực đơn hàng ngày","Cồi sò điệp lớn: 200g, Cải thìa: 4 cây, Nước dùng: 1 chén, Hành tây: 1 củ, Cà rốt: 1/2 củ, Rau cần tàu: 10 cọng, Tỏi băm: 1M, Bột năng: 1m, Mì vàng: 1 vắt, Dầu màu điều, dầu ăn, tiêu, Hạt nêm Aji-ngon® Heo, Xốt Mayonnaise Aji-mayo® Vị Nguyên Bản, Nước tương ""Phú Sĩ"", Cồi sò điệp lớn: 200g, Cải thìa: 4 cây, Nước dùng: 1 chén, Hành tây: 1 củ, Cà rốt: 1/2 củ, Rau cần tàu: 10 cọng, Tỏi băm: 1M, Bột năng: 1m, Mì vàng: 1 vắt, Dầu màu điều, dầu ăn, tiêu, Hạt nêm Aji-ngon® Heo, Xốt Mayonnaise Aji-mayo® Vị Nguyên Bản, Nước tương ""Phú Sĩ""","Sò điệp ướp 1/2m hạt nêm Aji-ngon®, 1/2m tiêu, 1m tỏi băm, 1m xốt Mayonnaise Aji-Mayo®. Trộn đều xong cho thêm 1m bột năng. Cải thìa cắt khúc. Cà rốt tỉa hoa cắt khoanh. Chần sơ cà rốt, cải thìa. Cần tàu cắt khúc. Hành tây cắt múi cau.","Luộc cà rốt gần chín thì để cải thìa vào luộc chung. Luộc xong vớt ra để ngâm vào nước với ít đá để giữ màu. Phi thơm tỏi với màu điều, cho sò điệp vào xào lửa lớn. Tiếp tục cho hành tây, cà rốt và cải thìa vào xào, thêm 1/2 chén nước dùng, nêm 1M nước tương “Phú Sĩ”. Cho rau cần vào đảo đều, tắt lửa, thêm 2M xốt Mayonnaise Aji-Mayo® vào đảo đều. Đun nóng dầu, chiên mì vàng giòn, vớt ra để ráo.",Lấy mì chiên giòn ra dĩa. Cho hỗn hợp lên trên. Dùng nóng.,"Luộc cà rốt và chần cải thìa trước để khi xào nguyên liệu chín đều.Ướp xốt Mayonnaise Aji-Mayo® vào sò điệp giúp nguyên liệu mềm, thơm và không bị khô.",Mì xào giòn sò điệp,,,,,,,,,,,,,,,,
https://monngonmoingay.com/ga-luc-lac-phu-hanh-nhan/,https://monngonmoingay.com/wp-content/smush-webp/2015/08/3_CQC1979_GaLucLacPhuHanhNhan.png.webp,https://www.youtube.com/channel/UC-2EWHDbHnx5JOeyWfLdIxQ,Gà lúc lắc phủ hạnh nhân,"Hạt hạnh nhân bùi bùi, béo béo, kết hợp với thịt gà săn giòn, vị chua ngọt cân đối, đảm bảo sẽ là 1 món ngon nữa cho ngày mùng 3 Tết đây!!!",4 người,40 Phút,Dễ,"Khác, Thịt gà, Các loại thịt khác, Hải sản khác, Rau củ quả khác, Khác, Thực đơn hàng ngày, Món mặn, Cha, Trẻ em","Má đùi gà rút xương: 300g, Hạnh nhân căt lát, rang vàng, Ớt Đà Lạt xanh, đỏ: 100g, Hành tây: 1/2 củ, Thơm: 1/4 trái, Nước dừa tươi: 1/3 chén, Gừng băm, Ngò rí, Hành tỏi băm, dầu hào, tương ớt, tương cà, mật ong, tiêu, Dầu ăn, rượu trắng, Hạt nêm Aji-ngon® Heo, ""AJINOMOTO"" Giấm gạo lên men, Má đùi gà rút xương: 300g, Hạnh nhân căt lát, rang vàng, Ớt Đà Lạt xanh, đỏ: 100g, Hành tây: 1/2 củ, Thơm: 1/4 trái, Nước dừa tươi: 1/3 chén, Gừng băm, Ngò rí, Hành tỏi băm, dầu hào, tương ớt, tương cà, mật ong, tiêu, Dầu ăn, rượu trắng, Hạt nêm Aji-ngon® Heo, ""AJINOMOTO"" Giấm gạo lên men","Thịt gà cắt khối vuông 2cm, ướp với 1M gừng băm, 1m hành băm, 1m tỏi băm, 1/2m tiêu, 1m hạt nêm Aj-ngon®, 1m mật ong, 1m rượu trắng, 1m Giấm gạo lên men LISA®, để thấm, trước khi xào sẽ trộn thêm 1m bột năng khô. Ớt Đà Lạt, hành tây và thơm cắt vuông 1.5 cm. Pha 1/2M bột năng với nước Pha xốt: Khuấy đều 1M Giấm gạo lên men LISA®, 1m dầu hào, 1/2M tương ớt, 1/2M tương cà, 1/2M mật ong, 1/3 chén nước dừa, 1/2m hạt nêm Aji-ngon®. Xào thịt gà: Cho hành tỏi băm, ít rượu, ớt và hành tây, phi thơm với thịt gà. Xào lần cuối: Phi thơm dầu với hành tỏi băm cùng nước bột năng, cho thịt gà cùng rau củ đã xào vào","Phi thơm hành tỏi băm, cho thịt gà vào xóc với chút rượu cho thơm, khi gà vừa chín tới cho ớt Đà Lạt và hành tây vào xào, tiếp tục cho thơm vào đảo đều rồi trút ra dĩa. Phi thơm gừng và hành tỏi băm, cho xốt vào khuấy chín, thêm nước bột năng tạo độ sánh, cuối cùng cho gà vào xốc nhanh tay, tắt lửa.","Cho gà ra dĩa phủ hạnh nhân lên trên, rắc thêm tiêu và ngò rí. Dùng nóng.",Ướp và xào gà với giấm ngoài tạo vị chua cho món ăn còn giúp thịt có độ săn giòn.Rắc hạnh nhân vào sau cùng để giữ độ giòn thơm của hạnh nhân.,Gà lúc lắc phủ hạnh nhân,,,,,,,,,,,,,,,,
https://monngonmoingay.com/bong-so-dua-chien-gion/,https://monngonmoingay.com/wp-content/smush-webp/2015/08/CQC1681_bong-so-dua.png.webp,https://www.youtube.com/channel/UC-2EWHDbHnx5JOeyWfLdIxQ,Bông so đũa chiên giòn,"Không chỉ ngon mà đẹp mắt, không chỉ lạ miệng mà thuận tiện, bông so đũa chiên giòn chắc chắn sẽ là 1 sự lựa chọn thú vị cho ngày cuối tuần của các chị em nhân dịp Tết đến.",4 người,30 Phút,Dễ,"Chiên, Cá, Các loại thịt khác, Hải sản khác, Rau củ quả khác, Khác, Thực đơn hàng ngày, Món mặn, Cha, Mẹ, Người lớn tuổi, Trẻ em","Bông so đũa: 100g, Cá thác lác: 200g, Giò sống: 50g, Hành tỏi băm Hành lá: 2 nhánh, Nước mắm, tiêu, dầu ăn, tương ớt, Ớt sừng băm, Aji-Quick® Bột Chiên Giòn, Xốt Mayonnaise Aji-mayo® Vị Nguyên Bản, Bông so đũa: 100g, Cá thác lác: 200g, Giò sống: 50g, Hành tỏi băm Hành lá: 2 nhánh, Nước mắm, tiêu, dầu ăn, tương ớt, Ớt sừng băm, Aji-Quick® Bột Chiên Giòn, Xốt Mayonnaise Aji-mayo® Vị Nguyên Bản","Cá thác lác quết nhuyễn với 1/2m nước mắm. Trộn hỗn hợp gồm: giò sống, cá thác lác, hành tỏi băm, hành lá cắt nhuyễn, ớt băm và 1/2m tiêu. Bông so đũa ngắt bỏ nhụy. Nhồi hỗn hợp vào bông so đũa. Pha 1 gói Aji-Quick® Bột Chiên Giòn Hải Sản với nước theo tỷ lệ ghi trên bao bì. Để 10 phút.","Đun nóng dầu ăn, lần lượt nhúng bông so đũa vào hỗn hợp bột, đem chiên trong chảo ngập dầu đến khi chín vàng. Vớt ra để ráo.","Bày bông so đũa ra dĩa, trang trí ngò rí. Khi dùng chấm kèm với xốt Mayonnaise Aji-Mayo® pha tương ớt (tỷ lệ 2:1).",Nhồi nhân vào bông so đũa nhẹ tay để không làm gãy cánh.Ngắt nhụy bông so đũa nhằm giảm vị đắng và chát.Có thể sử dụng bông bí thay bông so đũa để thực hiện món ăn này.,Bông so đũa chiên giòn,,,,,,,,,,,,,,,,
https://monngonmoingay.com/xoi-vien-ngoc/,https://monngonmoingay.com/wp-content/smush-webp/2015/08/IMG-3076-xoi-vien-ngoc.png.webp,https://www.youtube.com/channel/UC-2EWHDbHnx5JOeyWfLdIxQ,Xôi viên ngọc,"Xôi viên ngọc là món ngon, lạ với màu sắc sáng, tươi đẹp, trang nhã. Dùng thay đổi khẩu vị trong bữa ăn hằng ngày cũng như chiêu đãi khách vào dịp Tết đến.",4 người,30 Phút,Dễ,"Hấp/Tiềm, Tôm, Rau củ quả khác, Cuối tuần, Món mặn, Cha, Mẹ, Người lớn tuổi, Trẻ em","Nếp bún thơm: 300g, Chả tôm hoặc chả cá: 250g, Lá cẩm: 200g, Khuôn giấy trắng nhỏ cỡ số 5, Lá chuối, Tương ớt, mù tạt xanh, nước lá dứa, Xốt Mayonnaise Aji-mayo® Vị Nguyên Bản, Nếp bún thơm: 300g, Chả tôm hoặc chả cá: 250g, Lá cẩm: 200g, Khuôn giấy trắng nhỏ cỡ số 5, Lá chuối, Tương ớt, mù tạt xanh, nước lá dứa, Xốt Mayonnaise Aji-mayo® Vị Nguyên Bản","Lăn nhẹ chả tôm hoặc chả cá cho kín đều các mặt. Cắt nhỏ lá cẩm ngâm vào nước ấm cho ra màu, dùng nước này để ngâm nếp nở trong khoảng 3 tiếng. Lá chuối cắt thành những hình tròn nhỏ dùng để lót xôi khi hấp.","Lót lá chuối vào dĩa, xếp viên xôi lên trên, hấp 8-10p. Trong lúc hấp ta xịt chút nước lên trên mặt cho xôi nở và dẻo. Làm xốt chấm: trộn đều 2M xốt Mayonnaise Aji-Mayo® với 2M tương ớt và 1m mù tạt xanh.","Xếp xôi viên ngọc ra dĩa, để hơi nguội, khi ăn chấm kèm xốt Mayonnaise Aji-Mayo® trộn.","Lá cẩm nấu từ nước lạnh sẽ cho màu tươi và dễ ra màu hơn.Lăn chả vào nếp cho thật kín, khi hấp sẽ đẹp hơn.",Xôi viên ngọc,,,,,,,,,,,,,,,,
https://monngonmoingay.com/lau-ca-ro-phi/,https://monngonmoingay.com/wp-content/smush-webp/2015/08/CQC1788_lau-ca-ro-phi.png.webp,https://www.youtube.com/channel/UC-2EWHDbHnx5JOeyWfLdIxQ,Lẩu cá rô phi,Cuối tuần các chị em hãy trổ tài làm món lẩu cá rô phi để cả nhà có thể quây quần bên mâm cơm trong tiết trời hơi se lạnh này nhé.,4 người,20 Phút,Dễ,"Lẩu, Cá, Cà chua, Các loại thịt khác, Hải sản khác, Rau củ quả khác, Khác, Cuối tuần, Món mặn","Cá rô phi: 1 con (khoảng 600g), Cà chua: 100g, Thơm: 100g, Bún Rau ăn kèm: kèo nèo, cọng súng, hoa hẹ, Sả cây, hành tỏi băm, Rau om, ngò gai, ớt trái, Dầu ăn, nước mắm, muối, Gia vị nêm sẵn Aji-Quick® Lẩu Thái, Hạt nêm Aji-ngon® Heo, Cá rô phi: 1 con (khoảng 600g), Cà chua: 100g, Thơm: 100g, Bún Rau ăn kèm: kèo nèo, cọng súng, hoa hẹ, Sả cây, hành tỏi băm, Rau om, ngò gai, ớt trái, Dầu ăn, nước mắm, muối, Gia vị nêm sẵn Aji-Quick® Lẩu Thái, Hạt nêm Aji-ngon® Heo","Cá rô phi làm sạch, cắt đôi, ướp với 1/3m muối, chiên sơ cá. Các loại rau rửa sạch, để ráo, xếp ra dĩa. Sả cây đập dập. Rau thơm cắt khúc. Cà chua cắt múi cau. Thơm cắt lát.","Phi thơm hành tỏi băm, xào mềm cà chua và thơm, nêm 1/3m hạt nêm Aji-ngon®, cho vào 1.5 lít nước nấu sôi, nêm 1 gói Aji-Quick® Gia vị nêm sẵn Lẩu Thái, thêm sả cây và rau thơm.","Nấu chín cá trong lẩu, dùng nóng với bún và các loại rau. Chấm nước mắm ớt.",Có thể chiên sơ cá để thịt cá dai và thơm hơn.Làm sạch màng đen bên trong ruột cá để cá không bị tanh,Lẩu cá rô phi,,,,,,,,,,,,,,,,
https://monngonmoingay.com/than-heo-cuon-nhan-jambon-pho-mai/,https://monngonmoingay.com/wp-content/smush-webp/2015/08/8.thanheocuonjambon1.png.webp,https://www.youtube.com/channel/UC-2EWHDbHnx5JOeyWfLdIxQ,Thăn heo cuộn nhân Jambon phô mai,"Đây là món ăn với rất nhiều dinh dưỡng và rất dễ chế biến, thường dùng trong các bữa tiệc hoặc bổ sung vào thực đơn cuối tuần của gia đình",4 người,40 Phút,Dễ,"Khác, Thịt heo, Trứng, Khác, Rau củ quả khác, Cuối tuần, Sinh nhật, Khác, Lễ hội hóa trang, Món mặn, Cha, Mẹ, Trẻ em","Thịt thăn heo: 320g, Jambon: 2 lát, Phô mai: 2 lát, Trứng gà: 3 quả, Dưa chuột ngâm chua: 2 trái, Ngò tây, bột mì, bột xù, Muối, tiêu, dầu ăn, Xốt Mayonnaise Aji-mayo® Vị Nguyên Bản, Hạt nêm Aji-ngon® Heo, Thịt thăn heo: 320g, Jambon: 2 lát, Phô mai: 2 lát, Trứng gà: 3 quả, Dưa chuột ngâm chua: 2 trái, Ngò tây, bột mì, bột xù, Muối, tiêu, dầu ăn, Xốt Mayonnaise Aji-mayo® Vị Nguyên Bản, Hạt nêm Aji-ngon® Heo","Thịt cắt lát, đập mỏng cỡ 2mm, ướp với 1/2m muối, 1/2m tiêu, 1m hạt nêm Aji-ngon®, để thấm. Cắt lát phô mai ra làm 4 phần, jambon cắt vuông cạnh 3cm 1 quả trứng gà luộc chín, bóc vỏ, băm nhỏ. 2 quả trứng đánh tan. Dưa leo ngâm chua, ngò tây băm nhuyễn. Trải miếng thịt ra, xếp jambon và phô mai lên trên, gấp lại thành hình vuông cạnh 4cm.","Đun nóng dầu, lăn thịt qua bột mì, nhúng qua trứng rồi tẩm bột xù, cho vào chiên vàng đều, vớt ra để ráo dầu. Pha xốt: trộn đều 4M xốt Mayonnaise Aji-Mayo® với 1M trứng luộc, dưa chuột ngâm chua và 2m ngò tây băm.","Xếp thịt ra dĩa, dùng kèm với hỗn hợp xốt vừa trộn.",Nên dần thịt trước khi chế biến để thịt mềm và dễ thấm gia vị hơn.Không nên chiên ở lửa nhỏ quá vì dầu sẽ bám nhiều vào thịt không ngon.,Thăn heo cuộn nhân Jambon phô mai,,,,,,,,,,,,,,,,
https://monngonmoingay.com/bo-cuon-pho-mai/,https://monngonmoingay.com/wp-content/smush-webp/2015/08/8.bocuonphomai2.png.webp,https://www.youtube.com/channel/UC-2EWHDbHnx5JOeyWfLdIxQ,Bò cuộn phô mai,"Bò cuộn phô mai là món ăn truyền thống của Pháp với rất nhiều dinh dưỡng và rất thông dụng trong các nhà hàng hiện nay, đặc biệt là trong dịp năm mới.",4 người,45 Phút,Dễ,"Khác, Thịt bò, Thịt heo, Cà rốt, Cà chua, Trứng, Khác, Củ quả, Giáng sinh, Món mặn, Cha, Mẹ, Người lớn tuổi, Trẻ em","Bò phi lê: 400g, Thịt băm: 120g, Giò sống: 25g, Phô mai: 2 lát, Trứng gà, hành tây, lá thơm, cần tây, Cà chua hộp, mù tạc vàng, bột mì, Cà rốt, hành boaro, ngò tây băm, Muối, tiêu, dầu ăn, rượu Brandy, Hạt nêm Aji-ngon® Heo, Bò phi lê: 400g, Thịt băm: 120g, Giò sống: 25g, Phô mai: 2 lát, Trứng gà, hành tây, lá thơm, cần tây, Cà chua hộp, mù tạc vàng, bột mì, Cà rốt, hành boaro, ngò tây băm, Muối, tiêu, dầu ăn, rượu Brandy, Hạt nêm Aji-ngon® Heo","Thịt bò cắt thành 4 miếng bằng nhau, dùng dụng cụ đập thịt đập dẹp còn dày cỡ 5mm, ướp với 1/2m muối và 1/2m tiêu, để thấm. Cà rốt, hành tây, cần tây, boaro mỗi thứ băm lấy 1M, còn lại cắt miếng nhỏ. Xào thơm các loại rau băm, để nguội, cho vào trộn đều với thịt xay, giò sống, ngò tây băm, 1m mù tạc vàng, 1/2 trứng gà đánh tan, tất cả quết dẻo. Trải miếng thịt bò ra, cho nhân và ½ miếng phô mai vào giữa, gấp 2 đầu rồi cuộn lại, dùng dây buộc chặt vừa.","Đun nóng ít dầu, cho từng cuộn thịt bò vào chiên vàng và thêm 1M rượu Brandy vào chiên, tắt lửa, gắp thịt ra dĩa. Tiếp tục cho các loại rau vào xào đến khi rau vừa vàng thì thêm 1M bột mì và 1M cà chua hộp cho lên màu, thêm 2 lá thơm nhỏ, 4 chén nước và 2m hạt nêm Aji-ngon®. Cho tiếp cuộn thịt bò vào, nấu nhỏ lửa khoảng 30 phút cho thịt mềm, nước sệt lại thì gắp thịt ra riêng, nước xốt lược bỏ xác.","Cắt bỏ chỉ buộc, xếp thịt bò ra dĩa, chan xốt lên trên, ăn kèm rau củ xào.",Dùng lửa mạnh để đốt rượu cho thịt được thơmNên xào rau củ với lửa vừa để rau củ không bị cháy và nước xốt không bị đắng.,Bò cuộn phô mai,,,,,,,,,,,,,,,,
https://monngonmoingay.com/khai-vi-ca-hoi-tao-tron/,https://monngonmoingay.com/wp-content/smush-webp/2015/08/3.khaivicahoivoitaotron3.png.webp,https://www.youtube.com/channel/UC-2EWHDbHnx5JOeyWfLdIxQ,Khai vị cá hồi táo trộn,"Khai vị cá hồi táo trộn rất phổ biến ở Nhật và được mọi người ưa chuộng, món ăn này sẽ làm ấm lên không khí đêm Noel ở mỗi gia đình .",4 người,30 Phút,Dễ,"Gỏi/Trộn, Cá, Cà chua, Rau củ quả khác, Giáng sinh","Táo đỏ: 1 trái, Thơm: 1/4 trái, Cà chua: 1 quả, Phi lê cá hồi: 120g, Xà lách: 1 cây, Cần tây, ngò tây băm, thì là, chanh, Muối, tiêu giã bể, bột ớt, mù tạc xanh, Xốt Mayonnaise Aji-mayo® Vị Nguyên Bản, Táo đỏ: 1 trái, Thơm: 1/4 trái, Cà chua: 1 quả, Phi lê cá hồi: 120g, Xà lách: 1 cây, Cần tây, ngò tây băm, thì là, chanh, Muối, tiêu giã bể, bột ớt, mù tạc xanh, Xốt Mayonnaise Aji-mayo® Vị Nguyên Bản","Táo để vỏ, rửa sạch, cắt miếng vuông rồi ngâm trong nước có pha nước cốt chanh. Cà chua bỏ hạt, cắt thơm và cà chua thành miếng vuông 7mm. Cần tây cắt miếng vuông rồi luộc sơ qua nước pha 1/2m muối, vớt ra để ráo. Xà lách rửa sạch, để ráo. Cá hồi cắt miếng vừa ăn, ướp với 1/2m muối, 1/2m tiêu, 1/2m bột ớt, 2m ngò tây và 1m nước cốt chanh, để thấm khoảng 10 phút, sau đó chiên vừa chín với ít dầu.","Trộn táo, thơm, cần tây, cà chua với 4M xốt Mayonnaise Aji-Mayo®, 1m mù tạc và 1/2m muối.","Xếp lá xà lách lên muỗng sứ, cho xà lách và cá hồi lên trên, trang trí với thì là.",Táo ngâm vào nước có pha nước cốt chanh để không bị đen.,Khai vị cá hồi táo trộn,,,,,,,,,,,,,,,,
https://monngonmoingay.com/bau-non-tron-heo-quay/,https://monngonmoingay.com/wp-content/smush-webp/2015/08/IMG_0289-bau-non-tron-heo-quay.png.webp,https://www.youtube.com/channel/UC-2EWHDbHnx5JOeyWfLdIxQ,Bầu non trộn heo quay,"Đây là một món trộn rất dễ ăn và còn đảm bảo năng lượng, giúp bữa cơm gia đình thêm ấm cúng trong những ngày trời lạnh.",4 người,20 Phút,Dễ,"Gỏi/Trộn, Thịt heo, Cà rốt, Rau củ quả khác, Củ quả, Cuối tuần, Món mặn, Cha, Mẹ, Người lớn tuổi, Trẻ em","Thịt heo quay da giòn: 200g, Bầu non nguyên vỏ: 1 trái, Cà rốt: 1/2 củ, Lá húng lủi, Mè rang, ớt sừng, Muối, tiêu, Xốt Mayonnaise Aji-mayo® Vị Nguyên Bản, Thịt heo quay da giòn: 200g, Bầu non nguyên vỏ: 1 trái, Cà rốt: 1/2 củ, Lá húng lủi, Mè rang, ớt sừng, Muối, tiêu, Xốt Mayonnaise Aji-mayo® Vị Nguyên Bản","Thịt heo quay cắt thanh 1cm. Lá húng lủi cắt nhỏ. Mè rang thơm, ớt sừng băm nhỏ. Cà rốt bào vỏ, cắt sợi dài 5cm, dài 3mm. Bầu rửa sạch cắt đầu và cắt gốc, cắt sợi dài 5cm, dày 1cm.","Luộc bầu và cà rốt trong nước có pha 1/2m muối, vớt ra ngâm nước đá lạnh, để ráo. Trộn chung bầu, cà rốt, thịt heo quay, nêm 1/4m muối, 1/4m tiêu, 2M xốt Mayonnaise Aji-Mayo®, thêm lá húng lủi, mè rang và ớt băm vào trộn đều.","Trình bày món ăn ra dĩa, trang trí với lá húng lủi.","Chọn heo quay loại thịt ba rọi sẽ ngon và không bị khô. Sau khi luộc bầu và cà rốt, nên để thật ráo mới trộn với xốt mayonnaise để xốt bám dính tốt và không bị chảy.",Bầu non trộn heo quay,,,,,,,,,,,,,,,,
https://monngonmoingay.com/khoai-tay-tron-mayonnaise/,https://monngonmoingay.com/wp-content/smush-webp/2015/08/2.khoaitaytronmayonnaise2.png.webp,https://www.youtube.com/channel/UC-2EWHDbHnx5JOeyWfLdIxQ,Khoai tây trộn Mayonnaise,"Đây là món ăn Âu nhưng rất phù hợp với người Việt đặc biệt là trẻ em, thường dùng trong dịp Noel, rất bổ dưỡng cho sức khỏe và còn cung cấp nhiều năng lượng.",4 người,30 Phút,Dễ,"Gỏi/Trộn, Các loại thịt khác, Thịt heo, Rau củ quả khác, Cà chua, Thực đơn hàng ngày, Bữa trưa, Món mặn, Cha, Mẹ, Trẻ em","Khoai tây: 2 củ, Thịt ba rọi muối: 50gr, Hành tây: 1/2 củ, Ngò tây, cà chua bi, Muối, tiêu, mù tạc vàng, bột ớt, dầu ăn, ""AJINOMOTO"" Giấm gạo lên men, Hạt nêm Aji-ngon® Heo, Xốt Mayonnaise Aji-mayo® Vị Nguyên Bản, Khoai tây: 2 củ, Thịt ba rọi muối: 50gr, Hành tây: 1/2 củ, Ngò tây, cà chua bi, Muối, tiêu, mù tạc vàng, bột ớt, dầu ăn, ""AJINOMOTO"" Giấm gạo lên men, Hạt nêm Aji-ngon® Heo, Xốt Mayonnaise Aji-mayo® Vị Nguyên Bản","Khoai tây gọt vỏ, cắt khối 2cm. Hành tây cắt nhỏ. Thịt ba rọi cắt sợi, chiên vàng. Ngò tây băm nhuyễn. Cà chua bi cắt múi cau.","Pha nước trộn salad: xào hành tây trong chảo đã chiên thịt ba rọi, thêm 1m mù tạc, 1 chén nước, 1M Giấm gạo lên men LISA®, 2m hạt nêm Aji-ngon®, 1m muối và 1/2m tiêu. Luộc chín khoai tây rồi vớt ra trộn với nước trộn salad, để nguội. Sau đó thêm 4M xốt Mayonnaise Aji-mayo®, cà chua bi, 1M ngò tây và thịt ba rọi vào trộn đều.","Cho khoai tây trộn ra dĩa, rắc ít bột ớt và ngò tây lên trên.","Để thịt ba rọi có màu vàng đẹp, khi chiên ta nên để lửa nhỏ để mỡ ra từ từ phủ đều mặt thịt.Khoai tây trộn với nước trộn salad khi còn nóng giúp khoai thấm gia vị hơn.",Khoai tây trộn Mayonnaise,,,,,,,,,,,,,,,,
https://monngonmoingay.com/goi-hai-san-phuong-dong/,https://monngonmoingay.com/wp-content/smush-webp/2015/08/1.goihaisanphuongdong4.png.webp,https://www.youtube.com/channel/UC-2EWHDbHnx5JOeyWfLdIxQ,Gỏi hải sản phương Đông,Món gỏi với các nguyên tắc và cách chế biến theo kiểu Tây nhưng lại sử dụng nguyên liệu và gia vị Châu Á.,4 người,30 Phút,Dễ,"Gỏi/Trộn, Tôm, Mực/Bạch tuộc, Cá, Rau củ quả khác, Thực đơn hàng ngày, Món mặn","Tôm thẻ: 150g, Sò điệp: 100g, Cá basa phi lê: 120g, Mực ống: 140g, Đu đủ tía: 1 trái, Rau húng, ngò rí, thì là,, bông Hẹ, ớt sừng,gừng tỏi, hành lá, Gia vị: dầu mè, muối, tiêu, tương ớt, dầu trộn salad, ""AJINOMOTO"" Giấm gạo lên men, Hạt nêm Aji-ngon® Heo, Nước tương ""Phú Sĩ"", Tôm thẻ: 150g, Sò điệp: 100g, Cá basa phi lê: 120g, Mực ống: 140g, Đu đủ tía: 1 trái, Rau húng, ngò rí, thì là,, bông Hẹ, ớt sừng,gừng tỏi, hành lá, Gia vị: dầu mè, muối, tiêu, tương ớt, dầu trộn salad, ""AJINOMOTO"" Giấm gạo lên men, Hạt nêm Aji-ngon® Heo, Nước tương ""Phú Sĩ""","Tôm, sò điệp rửa sạch, để ráo. Cá basa phi lê cắt vuông, mực rửa sạch cắt hình trái thơm. Luộc mực, sò điệp, cá, tôm trong nước có bỏ vài lát gừng, một ít hành lá nêm 2m hạt nêm Aji-ngon®, vừa chín thì vớt ra, ngâm qua nước lạnh rồi để ráo. Tôm bỏ vỏ, đầu, chỉ lưng. Gừng cắt lát. Tỏi băm nhuyễn. Rau thơm rửa sạch, để ráo. Hành lá cắt nhỏ. Ớt sừng tỉa hoa. Cắt trái đu đủ thành hình thuyền, dùng muỗng múc đu đủ thành những viên tròn nhỏ.","Pha nước trộn gỏi: trộn đều 4m Giấm gạo lên men LISA®, 1m nước tương Phú sĩ, 2M dầu trộn salad, 1m dầu mè với gừng, tỏi, hành lá, 1/2m tiêu, tương ớt và 1/2m muối. Trộn các loại hải sản và đu đủ với nước trộn gỏi thật nhẹ tay, sau cùng cho rau thơm vào trộn đều.","Múc gỏi vào trái đu đủ hình thuyền, trang trí thêm thì là, bông hẹ và hoa ớt.",Món gỏi hải sản sẽ ngon hơn khi các thực phẩm được giữ lạnh trước khi trộn hải sản luộc trong nước có nêm ít hạt nêm Aji-ngon® sẽ tăng thêm hương vị đậm đà cho món ăn.,Gỏi hải sản phương Đông,,,,,,,,,,,,,,,,
https://monngonmoingay.com/sup-nam-cua/,https://monngonmoingay.com/wp-content/smush-webp/2015/08/SUP-NAM-CUA-540-360.jpg.webp,https://www.youtube.com/channel/UC-2EWHDbHnx5JOeyWfLdIxQ,Súp nấm cua,"Món súp thích hợp dùng vào các dịp giáng sinh, năm mới, có sự kết hợp hài hoà của thịt cua và các loại nấm.",4 người,30 Phút,Dễ,"Canh/Súp, Hải sản khác, Nấm, Trứng, Thực đơn hàng ngày","Thịt cua: 150g, Trứng gà: 3 quả, Nấm đông cô tươi, nấm linh chi, Nấm rơm, nấm kim châm, Tiêu, dầu mè, muối, Bột năng, ngò rí, ớt, Hạt nêm Aji-ngon® Heo, Nước tương ""Phú Sĩ"", Thịt cua: 150g, Trứng gà: 3 quả, Nấm đông cô tươi, nấm linh chi, Nấm rơm, nấm kim châm, Tiêu, dầu mè, muối, Bột năng, ngò rí, ớt, Hạt nêm Aji-ngon® Heo, Nước tương ""Phú Sĩ""","Nấm đông cô và nấm rơm cắt nhỏ, nâm kim châm và nấm linh chi cắt đôi. Ngò rí thái nhỏ. Trứng gà đánh tan đều. Hòa tan 5M bột năng với 1/2 chén nước.","Cho nấm đông cô vào nồi khoảng 1,5 lít nước dùng đang sôi, cho tiếp thịt cua vào nấu khoảng 1 lúc thì cho tiếp loại nấm còn lại vào. Nêm 2M hạt nêm Aji-ngon® và 1/2m muối. Cho bột năng vào từ từ, khuấy đều cho súp có độ sánh. Sau đó cho trứng gà vào, khuấy nhẹ tay để tạo sợi. Tắt bếp và thêm 1m dầu mè vào tạo thêm sức hấp dẫn cho món ăn.","Múc súp ra tô, rắc tiêu, ngò rí lên trên. Ăn kèm nước tương “Phú Sĩ” và ớt cắt lát.","Để làm sạch nấm, ngâm nấm linh chi, nấm kim châm và nấm đông cô ngâm qua nước muối pha loãng, riêng nấm rơm ngâm qua nước vo gạo, sau đó rửa sạch.",Súp nấm cua,,,,,,,,,,,,,,,,
https://monngonmoingay.com/canh-mit-non-cu-nang/,https://monngonmoingay.com/wp-content/smush-webp/2015/08/IMG_0356-canh-mit-non-cu-mang.png.webp,https://www.youtube.com/channel/UC-2EWHDbHnx5JOeyWfLdIxQ,Canh mít non củ năng,"Bên cạnh vị ngọt rất đặc biệt từ tôm và mít non, món này còn có thêm vị bùi của mít và mùi thơm của lá lốt, tất cả kết hợp tạo thành một món ăn hấp dẫn, phù hợp để thay đổi khẩu vị gia đình.",4 người,25 Phút,Dễ,"Canh/Súp, Hầm, Tôm, Rau củ quả khác, Cuối tuần, Bữa trưa, Bữa tối, Món mặn, Cha, Mẹ, Người lớn tuổi, Trẻ em","Mít non: 300g,, Tôm sú bóc vỏ: 150g, Củ năng: 100g, Lá lốt: 10 lá ,nước dùng, Đầu hành lá 1 ít, Ớt sừng cắt lát, Tiêu , nước mắm, muối, Hạt nêm Aji-ngon® Heo, Mít non: 300g,, Tôm sú bóc vỏ: 150g, Củ năng: 100g, Lá lốt: 10 lá ,nước dùng, Đầu hành lá 1 ít, Ớt sừng cắt lát, Tiêu , nước mắm, muối, Hạt nêm Aji-ngon® Heo","Tôm bỏ đầu, chỉ đen, và đuôi, đập dập quết với đầu hành lá, nêm 1/2m hạt nêm Aji-ngon®, 1/3m tiêu, để thấm. Mít non bào mỏng, chần qua nước sôi có 1m muối, xả nước lạnh, để ráo. Củ năng cắt lát. Lá lốt cắt nhỏ. Ớt sừng cắt lát. Hành lá cắt nhỏ.","Đun sôi nước dùng, nêm 1M hạt nêm Aji-ngon®, dùng muỗng múc tôm thả vào, thêm mít và củ năng, lá lốt, ớt sừng và 1M nước mắm, nấu sôi khoảng 5 phút, tắt bếp.",Dùng nóng với cơm.,Chần sơ mít non với nước sôi có pha ít muối để giảm bớt độ chát. Sau khi chần mít xong cho ngay vào nước đá lạnh để mít được giòn.Dùng 2 cái muỗng múc tôm để tạo hình quả trám sẽ tiện và không bị dính tay.,Canh mít non củ năng,,,,,,,,,,,,,,,,
https://monngonmoingay.com/mi-xao-tron-mayonnaise/,https://monngonmoingay.com/wp-content/smush-webp/2015/08/IMG-0405-mi-xao-tron-mayonnaise.png.webp,https://www.youtube.com/channel/UC-2EWHDbHnx5JOeyWfLdIxQ,Mì xào trộn mayonnaise,"Phù hợp với tiêu chí bữa ăn sáng cho gia đình là chế biến đơn giản và nhanh gọn, món này khi kết hợp với xốt mayonnaise mang lại hương vị mới mẻ, thơm ngon,đủ dinh dưỡng cho một ngày mới.",4 người,20 Phút,Dễ,"Gỏi/Trộn, Món Xào, Các loại thịt khác, Thịt heo, Cà rốt, Củ quả, Các loại rau, Phở / bún / hủ tiếu / miến, Thực đơn hàng ngày, Bữa sáng, Món mặn, Mẹ, Trẻ em","Thịt nạc đầu vai: 200g, Cải ngồng: 200g, Mì trứng: 6 vắt, Cà rốt: 1/4 củ, Hành tây: 1/2 củ, Hành lá, ngò rí, ớt trái, Hành tỏi băm, hành phi, Tương ớt, tương cà, tiêu, dầu ăn, Nước tương LISA, Hạt nêm Aji-ngon® Heo, Xốt Mayonnaise Aji-mayo® Vị Nguyên Bản, Thịt nạc đầu vai: 200g, Cải ngồng: 200g, Mì trứng: 6 vắt, Cà rốt: 1/4 củ, Hành tây: 1/2 củ, Hành lá, ngò rí, ớt trái, Hành tỏi băm, hành phi, Tương ớt, tương cà, tiêu, dầu ăn, Nước tương LISA, Hạt nêm Aji-ngon® Heo, Xốt Mayonnaise Aji-mayo® Vị Nguyên Bản","Thịt cắt lát mỏng, ướp 2/3m hạt nêm Aji-ngon®, 1M xốt mayonnaise “Aji-mayo” , 1m hành tỏi băm, 1/2m tiêu, để thấm. Cà rốt cắt sợi. Hành tây cắt múi cau. Cải ngồng cắt khúc 5cm, để riêng cọng và lá. Hành lá, ngò rí cắt khúc ngắn. Ớt cắt sợi, một ít băm nhỏ. Mì trứng trụng sẵn, xả lạnh, để ráo.","Phi thơm 1m tỏi, cho thịt vào xào săn, trút ra dĩa. Tiếp tục xào cà rốt, cọng cải ngồng, nêm 1m hạt nêm Aji-ngon®, cho lá cải ngồng, hành tây, ớt băm, mì và thịt vào đảo đều, xào chín, tắt bếp. Thêm 2M xốt Mayonnaise “Aji-mayo” , cho hành lá, ớt sợi và hành phi vào trộn đều.","Cho mì xào ra dĩa, rắc thêm tiêu, dùng kèm nước tương LISA, tương ớt, tương cà tùy khẩu vị.","Thịt đầu vai khi xào thịt sẽ ngon hơn, không bị khô và có độ giòn. Sau khi tắt lửa, thêm xốt mayonnaise“Aji-mayo”vào trộn đều sẽ giúp món mì xào thơm ngon hơn.",Mì xào trộn mayonnaise,,,,,,,,,,,,,,,,
https://monngonmoingay.com/canh-long-tha/,https://monngonmoingay.com/wp-content/smush-webp/2015/08/IMG-0020-canh-long-tha.png.webp,https://www.youtube.com/channel/UC-2EWHDbHnx5JOeyWfLdIxQ,Canh long thả,"Canh lòng thả là món ăn có xuất xứ từ miền Trung, vừa lạ miệng lại vừa bổ dưỡng, phù hợp cho cả già đình cùng thưởng thức trong mùa đông giá lạnh.",4 người,15 Phút,Dễ,"Canh/Súp, Hầm, Thịt heo, Cà rốt, Nấm, Khác, Thịt gà, Củ quả, Các loại rau, Khác, Bữa trưa, Món mặn, Trung, Cha, Mẹ, Người lớn tuổi, Trẻ em","Lòng gà (có trứng non) : 3 bộ, Nước dùng gà: 1 lít, Bông hẹ: 30g, Bắp non: 50g, Cà rốt: 50g, Nấm đông cô: 3 tai, Hành tím nướng: 1 củ, Gừng nướng: 1 miếng, Rau húng lủi: 1 ít, Tiêu, nước mắm, muối, Hạt nêm Aji-ngon® Heo, Lòng gà (có trứng non) : 3 bộ, Nước dùng gà: 1 lít, Bông hẹ: 30g, Bắp non: 50g, Cà rốt: 50g, Nấm đông cô: 3 tai, Hành tím nướng: 1 củ, Gừng nướng: 1 miếng, Rau húng lủi: 1 ít, Tiêu, nước mắm, muối, Hạt nêm Aji-ngon® Heo","Lòng sơ chế sạch, luộc chín với 1/2m muối và hành tím nướng, 1 miếng gừng nướng, vớt ra ngâm nước lạnh, cắt sợi. Nấm đông cô ngâm nở, luộc với nước có 1/2m hạt nêm Aji-ngon®, vớt ra để nguội, cắt sợi. Bông hẹ bỏ phần già, cắt khúc 2cm. Cà rốt cắt sợi. Húng lủi cắt nhỏ. Bắp non cắt đôi.","Nấu sôi 1 lít nước dùng gà, nêm 1M hạt nêm Aji-ngon®, cho bắp, cà rốt và nấm đông cô vào nấu khoảng 1 phút, tiếp tục cho lòng gà và bông hẹ vào, nêm 1m nước mắm. Tắt bếp.","Múc canh ra tô, rắc thêm tiêu và húng lủi. Dùng với cơm.","Chọn lòng gà tươi ngon, gan mịn màu nâu nhạt, không có mùi hôi khó chịu.Luộc lòng gà chín kĩ, khi nấu nước canh sẽ trong hơn.",Canh long thả,,,,,,,,,,,,,,,,
https://monngonmoingay.com/salad-rau-cu-tron-xot-mayonnaise/,https://monngonmoingay.com/wp-content/smush-webp/2015/08/3.saladraucu2.png.webp,https://www.youtube.com/channel/UC-2EWHDbHnx5JOeyWfLdIxQ,Salad rau củ trộn xốt mayonnaise,"Salad rau củ trộn xốt mayonnaise là món ăn ngon, đơn giản, rất dễ làm lại nhanh chóng, nguyên vật liệu rất phong phú, có thể thay đổi tuỳ theo sở thích và mùa vụ, không chỉ bổ sung chất xơ cho cơ thể mà còn cung cấp thêm nguồn Vitamin, giúp gia đình đổi bữa và ngon miệng hơn.",4 người,15 Phút,Dễ,"Gỏi/Trộn, Thịt heo, Cà rốt, Rau củ quả khác, Củ quả, Thực đơn hàng ngày, Bữa trưa, Món mặn, Mẹ, Người lớn tuổi, Trẻ em","Cà rốt: 1 củ, Khoai tây: 2 củ, Đậu cô ve Nhật: 50g, Thịt nguội: 1 lát, Ngò tây: 2 cây, Muối, tiêu, Xốt Mayonnaise Aji-mayo® Vị Nguyên Bản, Cà rốt: 1 củ, Khoai tây: 2 củ, Đậu cô ve Nhật: 50g, Thịt nguội: 1 lát, Ngò tây: 2 cây, Muối, tiêu, Xốt Mayonnaise Aji-mayo® Vị Nguyên Bản","Cà rốt, khoai tây gọt vỏ, cắt hạt lựu. Đậu cô ve Nhật tước bỏ xơ, rửa sạch. Ngò tây rửa sạch, cắt nhỏ. Thịt nguội cắt hạt lựu. Đun sôi nước với 1m muối, cho cà rốt vào luộc khoảng 1 phút, cho khoai tây và đậu cô ve vào. Luộc đến khi rau củ chín thì vớt ra cho vào tô nước lạnh cho nguội. Đậu cô ve Nhật luộc khoảng 1 phút, sau khi luộc xong, cắt hạt lựu.","Cho cà rốt, khoai tây và đậu cô ve vào tô, trộn đều với 1m muối, tiêu. Sau đó thêm thịt nguội, ngò tây rồi trộn với 3M Xốt Mayonnaise “Aji-mayo” .","Cho salad rau củ ra dĩa, trang trí thêm ngò tây lên trên.",Chọn đậu cô ve Nhật có trái thẳng màu xanh đậm để có nhiều vitamin.,Salad rau củ trộn xốt mayonnaise,,,,,,,,,,,,,,,,
https://monngonmoingay.com/rau-cu-chien-gion/,https://monngonmoingay.com/wp-content/smush-webp/2015/08/raucuchiengion2.png.webp,https://www.youtube.com/channel/UC-2EWHDbHnx5JOeyWfLdIxQ,Rau củ chiên giòn,"Vốn có nguồn gốc từ Nhật Bản, món rau củ chiên giòn này rất lạ miệng, người lớn và cả trẻ em đều ăn được, đặc biệt là mấy em nhỏ lười ăn rau, hương vị thơm ngon có vị béo của trứng gà, cộng thêm vị béo chua nhẹ đặc trưng của Mayonnaise Lisa, hơn nữa món ăn còn mang lại nhiều chất xơ, rất tốt cho sức khỏe.",4 người,30 Phút,Dễ,"Chiên, Cà rốt, Rau củ quả khác, Trứng, Các loại rau, Củ quả, Thực đơn hàng ngày, Bữa trưa, Mẹ, Trẻ em","Cà tím: 1 trái, Bí đỏ: 100gr, Rau tần ô: 100gr, Đậu đũa: 50gr, Khoai lang: 50gr, Đậu bắp: 50gr, Hành tây: 1/2 củ, Cà rốt: 1/2 củ, Bông bí: 5 bông, Trứng gà: 2 quả, Bột chiên giòn: 200gr, Bột mì: 100gr, Tương ớt, Xốt Mayonnaise Aji-mayo® Vị Nguyên Bản, Cà tím: 1 trái, Bí đỏ: 100gr, Rau tần ô: 100gr, Đậu đũa: 50gr, Khoai lang: 50gr, Đậu bắp: 50gr, Hành tây: 1/2 củ, Cà rốt: 1/2 củ, Bông bí: 5 bông, Trứng gà: 2 quả, Bột chiên giòn: 200gr, Bột mì: 100gr, Tương ớt, Xốt Mayonnaise Aji-mayo® Vị Nguyên Bản","Đậu đũa cắt khúc ngắn 4-5cm. Đậu bắp cắt đôi. Bí đỏ, cà rốt, khoai lang cắt miếng. Hành tây cắt đôi rồi cắt miếng dày 0,5cm, dùng tăm ghim dính các lớp lại. Cà tím cắt hình cánh quạt. ngâm vào thau nước để khỏi bị đen, trước khi chiên vớt ra, để ráo. Rau tần ô, bông bí rửa sạch, để ráo. Pha bột chiên: cho 100g bột chiên giòn vào tô, trộn đều với 1 lòng đỏ trứng, 200g nước lạnh và 2 viên đá.","Đun nóng dầu, tẩm rau củ qua bột mì sau đó nhúng vào bột chiên giòn rồi cho vào chảo dầu chiên vàng. Trong khi chiên búng bột vào chảo để tạo hình món ăn đẹp và giòn hơn. Vớt ra để ráo dầu. Pha xốt chấm: trộn đều 4M xốt mayonnaise LISA với 1M tương ớt.","Xếp rau củ chiên giòn ra dĩa, dùng kèm xốt mayonnaise LISA trộn tương ớt.","Cà tím sau khi cắt, ngâm ào nước cho khỏi bị đen.Cho đá vào hỗn hợp bột chiên giòn sẽ làm cho rau củ chiên giòn hơn.",Rau củ chiên giòn,,,,,,,,,,,,,,,,
https://monngonmoingay.com/mi-y-xao-thit-bo-bam/,https://monngonmoingay.com/wp-content/smush-webp/2015/08/miYxaothitbobam1.png.webp,https://www.youtube.com/channel/UC-2EWHDbHnx5JOeyWfLdIxQ,Mì Ý xào thịt bò băm,"Món mì Ý xào thịt bò băm là món ăn hợp với khẩu vị của các bé, giàu năng lượng, dễ làm, ít tốn thời gian, hương vị ngon và hấp dẫn.",4 người,20 Phút,Dễ,"Món Xào, Thịt bò, Cà rốt, Rau củ quả khác, Trứng, Phở / bún / hủ tiếu / miến, Củ quả, Cuối tuần, Bữa tối, Món mặn, Món Âu, Cha, Mẹ, Trẻ em","Mì Ý: 300g, Thịt bò bằm: 200g, Đậu Hà Lan: 100g, Trứng gà: 4 quả, Cà rốt, ngò tây, hành tây, Dầu ăn, đường, muối, tiêu Tương cà, cà hộp, bơ, tỏi băm, Nước tương LISA (nước tương Phú Sĩ), Hạt nêm Aji-ngon® Heo, Mì Ý: 300g, Thịt bò bằm: 200g, Đậu Hà Lan: 100g, Trứng gà: 4 quả, Cà rốt, ngò tây, hành tây, Dầu ăn, đường, muối, tiêu Tương cà, cà hộp, bơ, tỏi băm, Nước tương LISA (nước tương Phú Sĩ), Hạt nêm Aji-ngon® Heo","Thịt bò ướp với 1/2m tiêu, 1/2M nước tương LISA (nước tương Phú Sĩ) và 2M nước lạnh, trộn bằng đũa cho thịt bò tơi, để thấm. Hành tây, cà rốt cắt hạt lựu. Luộc hành tây, cà rốt, đậu Hà Lan trong nước sôi, sau đó vớt ra làm nguội nhanh bằng nước lạnh, để ráo nước. Luộc mì trong nước sôi có 1 ít dầu ăn, thời gian luộc theo đúng trên bao bì. Vớt ra xả nước lạnh, để ráo nước. Trứng chiên ốp la.","Làm nóng bơ, cho hành tây vào xào, kế tiếp cho tỏi vào, thêm thịt bò vào xào săn, nêm 1m xốt tương cà, 1m cà hộp, và 1m hạt nêm Aji-ngon®, xào thêm khoảng 1 phút cho nước xốt thấm vào thịt bò. Sau cùng cho cà rốt, đậu Hà Lan và mì Ý vào đảo đều.","Cho mì Ý ra dĩa, xếp trứng chiên lên trên, trang trí với ngò tây. Dùng kèm nước tương LISA (nước tương Phú Sĩ).","Khi ướp thịt bò, ta cho thêm ít nước thì thịt bò sẽ không bị khô và dễ tơi ra khi xào.Luộc mì với nước sôi và canh đúng hời gian in trên bao bì.Nếu quên canh thời gian luộc mì, ta vớt 1 sợi mì lên bẻ gãy, nếu nhìn thấy có tim nhỏ cỡ đầu tăm bên trong sợi mì là được.",Mì Ý xào thịt bò băm,,,,,,,,,,,,,,,,
https://monngonmoingay.com/canh-he-thanh-nhiet/,https://monngonmoingay.com/wp-content/smush-webp/2015/08/CanhHeThanhNhiet_CQC0266.png.webp,https://www.youtube.com/channel/UC-2EWHDbHnx5JOeyWfLdIxQ,Canh hẹ thanh nhiệt,"Món canh này là sự kết hợp lạ miệng giữa thịt mềm mềm thơm thơm, các loại rau củ: nấm, bông hẹ, dưa leo giòn ngọt. Các mẹ các chị có thể dùng để đổi món cho cả gia đình trong thời tiết này đấy!",4 người,30 Phút,Dễ,"Canh/Súp, Cà chua, Nấm, Thịt heo, Các loại thịt khác, Hải sản khác, Rau củ quả khác, Khác, Thực đơn hàng ngày","Thịt nạc dăm xay: 150g, Bông hẹ: 100g, Nấm bào ngư: 100g, Dưa leo: 1 trái, Cà chua chín: 1 trái, Hành tím bào: 2M, Gừng băm: 1M, Dầu ăn, dầu mè, muối, tiêu, Hạt nêm Aji-ngon® Heo, Thịt nạc dăm xay: 150g, Bông hẹ: 100g, Nấm bào ngư: 100g, Dưa leo: 1 trái, Cà chua chín: 1 trái, Hành tím bào: 2M, Gừng băm: 1M, Dầu ăn, dầu mè, muối, tiêu, Hạt nêm Aji-ngon® Heo","Ướp thịt với 1m hạt nêm Aji-ngon®, 1/2M muối, 1/2M tiêu, 2M nước lọc và gừng. Trộn đều để 15 phút cho thấm gia vị . Bông hẹ cắt khúc 5cm. Cà chua cắt múi cau. Dưa leo chẻ đôi bỏ ruột, cắt xéo 5mm. Nấm bào ngư rửa sạch, cắt bỏ phần gốc, xé đôi.","Phi thơm hành tím, cho thịt vào xào săn, trút ra để riêng. Đun sôi 1,5 lít nước, nêm 1/2M muối, 2M hạt nêm Aji-ngon®. Cho thịt, nấm, cà chua vào nấu gần chín, cho dưa leo, bông hẹ và thịt vào, đun sôi trở lại. Tắt lửa, thêm 1/2m dầu mè.","Múc canh ra tô, rắc tiêu.Dùng nóng.",Cho nước vào thịt xay khi ướp để thịt mềm và tơi ra sau khi xào.Dùng dưa leo nấu canh tạo vị thanh mát cho món ăn.,Canh hẹ thanh nhiệt,,,,,,,,,,,,,,,,
https://monngonmoingay.com/ca-cuon-tom-chien/,https://monngonmoingay.com/wp-content/smush-webp/2015/08/9.cacuontomchien3.png.webp,https://www.youtube.com/channel/UC-2EWHDbHnx5JOeyWfLdIxQ,Cá cuốn tôm chiên,"Với cách trình bày độc đáo, bắt mắt, món cá cuốn tôm chiên rất thích hợp chế biến vào những dịp tiệc, lễ trang trọng, không những thế hương vị còn rất thơm ngon, hấp dẫn với nguyên liệu chính là thịt và cá, kết hợp nhuần nhuyễn tạo nên món ăn đậm đà, khó quên.",4 người,35 Phút,Dễ,"Chiên, Cá, Thịt heo, Tôm, Rau củ quả khác, Trứng, Các loại thịt khác, Khác, Tinh bột khác, Thực đơn hàng ngày, Bữa tối, Cuối tuần, Giáng sinh, Sinh nhật, Món mặn, Các món ăn kèm, món phụ, Cha, Mẹ, Người lớn tuổi, Trẻ em","Thịt cá lóc rút xương: 300gr, Giò sống: 100gr, Tôm đất: 200gr, Thịt nạc dăm xay: 100gr, Trứng gà: 1 quả, Bột mì: 100gr, Bột xù: 100gr, Hành tây: 1 củ, Ớt sừng: 1 trái, Gừng: 1 củ, Tiêu, muối, dầu ăn, Ngò rí, đầu hành, thì là, hành tỏi băm, Xốt Mayonnaise LISA, Hạt nêm Aji-ngon® Heo, Thịt cá lóc rút xương: 300gr, Giò sống: 100gr, Tôm đất: 200gr, Thịt nạc dăm xay: 100gr, Trứng gà: 1 quả, Bột mì: 100gr, Bột xù: 100gr, Hành tây: 1 củ, Ớt sừng: 1 trái, Gừng: 1 củ, Tiêu, muối, dầu ăn, Ngò rí, đầu hành, thì là, hành tỏi băm, Xốt Mayonnaise LISA, Hạt nêm Aji-ngon® Heo","Gừng, đầu hành lá, thì là băm nhuyễn. Trứng gà đánh tan. Thịt cá cắt lát mỏng dài 8cm, ướp với thì là băm, gừng băm, 1/2m hạt nêm Aji-ngon®, 1/2m tiêu, trộn đều và để thấm trong 10 phút. Ướp thịt xay 1/3m hạt nêm, 1/3m tiêu, 1M hành tỏi băm, trộn đều rồi cho giò sống vào trộn chung. Tôm luộc chín, lột vỏ, chừa đuôi. Trải một miếng cá ra dĩa, cho phần thịt, rồi đến một con tôm. Cuốn tròn lại.","Đun nóng dầu ăn, lăn từng cuốn cá qua bột mì, trứng, bột xù, sau đó đem chiên vàng. Vớt ra để ráo dầu. Pha xốt: Trộn đều 4M xốt Mayonnaise LISA với 2M tương ớt, 2m hành tây băm và 1m thì là.","Xếp cá ra dĩa, khi ăn chấm với xốt mayonnaise đã pha.","Hướng dẫn phân biệt cá lóc đồng và cá lóc nuôi:Cá lóc đồng: thân tròn, mình ngắn, nhìn trạng thái săn chắc. Đầu, mình cân đối, có màu bùn đất.Cá lóc nuôi: con to, đầu to, xương sống yếu nên nhìn con cá nhão, nhiều nước, thân cá cong oằn.",Cá cuốn tôm chiên,,,,,,,,,,,,,,,,
https://monngonmoingay.com/trung-chien-rau-cu-xot-mayonnaise/,https://monngonmoingay.com/wp-content/smush-webp/2015/08/IMG-0443-trung-chien-rau-cu.png.webp,https://www.youtube.com/channel/UC-2EWHDbHnx5JOeyWfLdIxQ,Trứng chiên rau củ xốt mayonnaise,"Đây là món ăn quen thuộc, màu sắc đẹp, trứng chiên và rau củ vừa chín tới hòa quyện vào nhau tạo cảm giác rất thú vị khi ăn, đảm bảo đầy đủ dinh dưỡng cho cả gia đình.",4 người,15 Phút,Dễ,"Chiên, Trứng, Cà chua, Khác, Củ quả, Rau củ quả khác, Đậu hũ, Thực đơn hàng ngày, Bữa trưa, Bữa tối, Món mặn, Các món ăn kèm, món phụ, Cha, Mẹ, Trẻ em","Trứng gà: 3 quả, Cà chua: 1/2 quả, Hành tây: 1/4 củ, Đậu que: 5 trái, Hành lá, ngò rí, Hành tím băm, Tiêu, dầu ăn, Xốt Mayonnaise Aji-mayo® Vị Nguyên Bản, Hạt nêm Aji-ngon® Heo, Trứng gà: 3 quả, Cà chua: 1/2 quả, Hành tây: 1/4 củ, Đậu que: 5 trái, Hành lá, ngò rí, Hành tím băm, Tiêu, dầu ăn, Xốt Mayonnaise Aji-mayo® Vị Nguyên Bản, Hạt nêm Aji-ngon® Heo","Trứng gà đánh tan, nêm 1/2m tiêu, 1/2m hạt nêm Aji-ngon®, 1 cọng hành lá cắt nhỏ, cho thêm 2M xốt Mayonnaise Aji-Mayo® vào và đánh nhẹ tay. Cà chua bỏ hạt, cắt hạt lựu. Hành tây cắt hạt lựu. Đậu que cắt mỏng.","Phi thơm hành tím, cho đậu que, hành tây, cà chua, vào xào sơ, tiếp tục cho trứng vào chiên nhỏ lửa đến khi trứng chín vàng, tắt bếp.","Cho trứng ra dĩa, trang trí thêm ngò rí, dùng với cơm trắng.",Chiên trứng nhỏ lửa và đậy nắp để trứng chín đều và không bị cháy. Khi cho trứng vào chảo nên cho đều xung quanh để mayonnaise trải đều trên mặt.,,,,,,,,,,,,,,,,,
https://monngonmoingay.com/salad-khoai-tay-thit-ga/,https://monngonmoingay.com/wp-content/smush-webp/2015/08/Salad-khoai-tay-thit-ga_CQC9630.png.webp,https://www.youtube.com/channel/UC-2EWHDbHnx5JOeyWfLdIxQ,Salad khoai tây thịt gà,"Thịt gà cắt hạt lựu thấm vị nước tương thơm thơm, khoai tây bùi bùi, dưa nụ, cà rốt, hành tây giòn giòn sực sực. Tất cả đều quyện đều trong lớp xốt mayonnaise beo béo chua nhẹ, thật là hấp dẫn quá đi!",4 người,20 Phút,Dễ,"Gỏi/Trộn, Thịt gà, Cà rốt, Các loại thịt khác, Rau củ quả khác, Hải sản khác, Khác, Củ quả, Thực đơn hàng ngày, Bữa trưa, Bữa tối, Cuối tuần, Giáng sinh, Lễ hội hóa trang, Sinh nhật, Món mặn, Các món ăn kèm, món phụ, Cha, Mẹ, Người lớn tuổi, Trẻ em","Khoai tây: 200g, Thịt gà má đùi: 1 cái, Hành tây: 1/4 củ, Dưa nụ ngâm chua: 2 trái, Dưa leo: 1/2 trái, Cà rốt: 1/4 củ, Ngò rí, Muối, tiêu, hành tỏi băm, dầu ăn, Xốt Mayonnaise Aji-mayo® Vị Nguyên Bản, Nước tương ""Phú Sĩ"", Hạt nêm Aji-ngon® Gà, Khoai tây: 200g, Thịt gà má đùi: 1 cái, Hành tây: 1/4 củ, Dưa nụ ngâm chua: 2 trái, Dưa leo: 1/2 trái, Cà rốt: 1/4 củ, Ngò rí, Muối, tiêu, hành tỏi băm, dầu ăn, Xốt Mayonnaise Aji-mayo® Vị Nguyên Bản, Nước tương ""Phú Sĩ"", Hạt nêm Aji-ngon® Gà","Khoai tây, cà rốt, dưa nụ cắt hạt lựu 8mm. Bắt nồi nước sôi có nêm ít muối, cho cà rốt luộc vừa chín tới, vớt ra cho vào nước lạnh, để ráo. Sau đó luộc khoai tây cho chín kĩ, vớt ra, để ráo. Để cà rốt và khoai tây nguội rồi trộn với 1/3m muối. Ngò rí cắt nhỏ. Hành tây băm nhỏ. Dưa leo bỏ hạt, cắt hạt lựu như khoai tây.","Thịt gà lóc bỏ xương, ướp 1/2M hạt nêm Aji-ngon®, 1m nước tương “Phú Sĩ” , 1m hành tỏi băm, 1 ít tiêu, để thấm 15 phút. Áp chảo thịt gà cho chín, cắt nhỏ bằng khoai tây. Trộn đều khoai tây, cà rốt, dưa leo, dưa nụ, hành tây, thịt gà với 2M xốt Mayonnaise Aji-Mayo® . Cho ra đĩa.",Dùng làm món khai vị.,"Tất cả nguyên liệu sau khi sơ chế xong cho vào tủ mát để salad được giòn ngon.Áp chảo gà, cho phần da gà xuống dưới, để loại bỏ bớt mỡ.",,,,,,,,,,,,,,,,,
https://monngonmoingay.com/salad-khoai-tron-thit-bo/,https://monngonmoingay.com/wp-content/smush-webp/2015/08/IMG-0463-salad-khoai-tron-thit-bo.png.webp,https://www.youtube.com/channel/UC-2EWHDbHnx5JOeyWfLdIxQ,Salad khoai trộn thịt bò,"Đây là món ngon đặc biệt cho các bé, phù hợp với tiết trời giao mùa và đặc biệt có tác dụng bổ trí não cho các em, sự kết hợp của khoai và bí chiên sẽ biến một món đơn giản thành một món mới lạ, giúp bữa ăn gia đình không bị ngán.",4 người,20 Phút,Dễ,"Gỏi/Trộn, Thịt bò, Các loại thịt khác, Rau củ quả khác, Thực đơn hàng ngày, Bữa trưa, Bữa tối, Cuối tuần, Giáng sinh, Sinh nhật, Món mặn, Các món ăn kèm, món phụ, Cha, Mẹ, Người lớn tuổi, Trẻ em","Thịt bò phi lê: 100g, Khoai lang: 150g, Mầm rau muống: 50g, Bí đỏ: 100g, Rau húng quế: 3 cây, Hành tỏi băm, bột năng, Ớt sợi, mè rang, Tương cà, tương ớt, Muối, tiêu, dầu ăn, Hạt nêm Aji-ngon® Heo, Xốt Mayonnaise Aji-mayo® Vị Nguyên Bản, Nước tương ""Phú Sĩ"", Thịt bò phi lê: 100g, Khoai lang: 150g, Mầm rau muống: 50g, Bí đỏ: 100g, Rau húng quế: 3 cây, Hành tỏi băm, bột năng, Ớt sợi, mè rang, Tương cà, tương ớt, Muối, tiêu, dầu ăn, Hạt nêm Aji-ngon® Heo, Xốt Mayonnaise Aji-mayo® Vị Nguyên Bản, Nước tương ""Phú Sĩ""","Thịt bò cắt lát 1cm, dần thịt mềm rồi cắt khối 1cm, ướp 1/2m hạt nêm Aji-ngon® , 1/2m tiêu, 1m dầu ăn, 1m nước tương LISA, để thấm. Khoai lang, bí đỏ gọt vỏ, cắt hạt lựu 1cm, tẩm bột năng rồi chiên vàng, vớt ra để ráo dầu. Dưa leo gọt sơ vỏ, bỏ ruột, cắt dọc làm 4, cắt mỏng 3 li. Húng quế cắt nhuyễn. Rau mầm rửa sạch, để ráo, xếp ra dĩa. Pha xốt: trộn đều 2M xốt Mayonnaise Aji-Mayo®, 1/2M tương cà, 1m tương ớt.","Phi thơm hành tỏi, xào thịt bò vừa chín, trút ra để nguội. Cho khoai lang, bí đỏ và dưa leo vào tô, rắc ít muối tiêu, mè rang, rồi cho thịt bò và xốt đã pha vào trộn đều.","Cho salad ra dĩa, rắc mè lên trên, trang trí với ớt cắt sợi và rau húng quế.","Thịt bò ướp 1 ít nước tương Phú Sĩ sẽ thơm hơn và có màu đẹp. Tẩm bột trước khi chiên sẽ giúp khoai và bí giòn, có màu vàng đều.",,,,,,,,,,,,,,,,,
https://monngonmoingay.com/ngheu-xao-mayonnaise-hung-que/,https://monngonmoingay.com/wp-content/smush-webp/2015/08/IMG-0355-ngheu-xao-mayonnaise-hung-que.png.webp,https://www.youtube.com/channel/UC-2EWHDbHnx5JOeyWfLdIxQ,Nghêu xào mayonnaise hung quế,"Món này có cách chế biến vừa chiên, vừa xào có hương vị rất lạ và ngon, sử dụng xốt mayonnaise làm cho món ăn có vị chua béo hài hòa kết hợp với vị hải sản chiên rất tuyệt, thích hợp đổi gió vào dịp cuối tuần.",4 người,20 Phút,Dễ,"Món Xào, Hải sản khác, Rau củ quả khác, Thực đơn hàng ngày, Cuối tuần, Bữa tối, Giáng sinh, Sinh nhật, Món mặn, Món nhậu, Cha, Mẹ, Người lớn tuổi, Trẻ em","Nghêu to: 200g, Lá húng quế: 30g, Hành tây: 1 củ, Đậu phộng da cá, Dầu ăn, Aji-Quick® Bột Tẩm Khô Chiên Giòn, Xốt Mayonnaise Aji-mayo® Vị Nguyên Bản, Nghêu to: 200g, Lá húng quế: 30g, Hành tây: 1 củ, Đậu phộng da cá, Dầu ăn, Aji-Quick® Bột Tẩm Khô Chiên Giòn, Xốt Mayonnaise Aji-mayo® Vị Nguyên Bản","Nghêu tách lấy thịt, bỏ phần đen. Lá húng quế 1/2 lượng chiên giòn, phần còn lại cắt đôi. Hành tây cắt múi cau.","Tẩm nghêu với Aji-quick® Bột Chiên Gà Giòn, chiên nhanh tay, với dầu đã chiên lá húng quế. Xào hành tây và húng quế, trút nghêu vào xào, thêm đậu phộng da cá, tắt lửa, cho 2M xốt mayonnaise “Aji-mayo” vào xóc đều.","Cho nghêu ra dĩa, trang trí rau chiên, đậu phộng, ngò rí lên mặt và xung quanh.","Chọn lá húng quế có độ dày, không quá non, khi chiên sẽ ngon hơn. Chiên lá húng quế trước rồi mới chiên nghêu để hương thơm hơn. Sử dụng bột tẩm khô chiên giòn giúp nghêu không bị ra nước, không bị teo.",,,,,,,,,,,,,,,,,
https://monngonmoingay.com/cha-quat/,https://monngonmoingay.com/wp-content/smush-webp/2015/08/IMG-3212-cha-quat.png.webp,https://www.youtube.com/channel/UC-2EWHDbHnx5JOeyWfLdIxQ,Chả quất,"Chả quất là món ăn tạo hình, trưng bày trong tiệc đứng ngày Tết hoặc trong các lễ hội ẩm thực, cách làm cũng rất đơn giản.",4 người,45 Phút,Dễ,"Khác, Thịt heo, Tôm, Cà rốt, Đậu hũ, Các loại thịt khác, Trứng, Cuối tuần, Món mặn, Cha, Mẹ, Người lớn tuổi, Trẻ em","Tôm luộc: 50g, Giò sống: 150g, Trứng gà: 4 quả, Cà rốt: 1/4 củ, Hành tím băm, Tiêu sọ xay, tương ớt, Xốt Mayonnaise Aji-mayo® Vị Nguyên Bản, Tôm luộc: 50g, Giò sống: 150g, Trứng gà: 4 quả, Cà rốt: 1/4 củ, Hành tím băm, Tiêu sọ xay, tương ớt, Xốt Mayonnaise Aji-mayo® Vị Nguyên Bản","Trộn đều giò sống với 1/4m tiêu, 1M hành tím băm và 1M cà rốt băm, sau đó cho một miếng tôm ở giữa rồi viên tròn cỡ trái quất, dùng vải mùng quấn lại, lấy chỉ buộc chặt.","Hấp chín chả, gỡ bỏ vải mùng rồi ghim vào que tre, nhúng qua lòng đỏ trứng, rồi hơ trên lửa cho chín. Làm khoảng 3 lần thì chả sẽ bóng, sau đó để nguội. Pha xốt: trộn đều 2M xốt Mayonnaise Aji-Mayo® với 2M tương ớt.","Ghim chả lên cành quất, khi ăn chấm xốt mayonnaise trộn.",Gói vải mùng sẽ giúp định hình quả quất tốt hơn.Hơ lửa vừa sẽ giúp lớp trứng không bị nổi dộp.,,,,,,,,,,,,,,,,,
https://monngonmoingay.com/cang-cua-bach-hoa/,https://monngonmoingay.com/wp-content/smush-webp/2015/08/IMG-4078-cang-cua-bach-hoa.png.webp,https://www.youtube.com/channel/UC-2EWHDbHnx5JOeyWfLdIxQ,Càng cua bách hoa,"Càng cua bách hoa thường được dùng làm món khai vị trong các buổi tiệc, có mùi vị thơm ngon cũng như cách trình bày bắt mắt, có thể dùng để chiêu đãi dịp cuối tuần.",4 người,30 Phút,Dễ,"Khác, Thịt heo, Tôm, Hải sản khác, Rau củ quả khác, Tinh bột khác, Cuối tuần, Bữa tối, Giáng sinh, Sinh nhật, Món mặn, Cha, Mẹ, Người lớn tuổi, Trẻ em","Tôm sú: 150g, Giò sống: 50g, Càng cua: 4 cái, Trứng gà: 1 quả, Bột chiên xù, bột mì, Hành phi, hành lá, Tiêu, tương xí muội, dầu ăn, Hạt nêm Aji-ngon® Heo, Xốt Mayonnaise Aji-mayo® Vị Nguyên Bản, Tôm sú: 150g, Giò sống: 50g, Càng cua: 4 cái, Trứng gà: 1 quả, Bột chiên xù, bột mì, Hành phi, hành lá, Tiêu, tương xí muội, dầu ăn, Hạt nêm Aji-ngon® Heo, Xốt Mayonnaise Aji-mayo® Vị Nguyên Bản","Càng cua nhúng qua nước sôi pha 1m rượu trắng, ướp với 1/3m hạt nêm Aji-ngon® và 1/2m tiêu. Hành lá phần đầu trắng băm nhuyễn. Trứng gà đánh tan. Tôm bóc vỏ, lau khô, giã nát. Trộn tôm với giò sống, hành phi, 1/2m tiêu, 1M đầu hành lá băm và 1/3m hạt nêm Aji-ngon®, để thấm. Quết hỗn hợp tôm cho dai, chia thành 4 phần rồi bao quanh càng cua, chừa đầu càng ra ngoài.","Đun sôi dầu, tẩm càng cua qua bột mì, nhúng qua trứng rồi lăn qua bột xù. Sau đó đem chiên chín vàng, vớt ra để ráo dầu. Trộn xốt: trộn đều 1M xốt Mayonnaise Aji-Mayo® với 2M tương xí muội.","Xếp càng cua ra dĩa, trang trí với xà lách xoong và cà chua bi, khi ăn chấm kèm xốt Mayonnaise Aji-Mayo® trộn tương xí muội.","Muốn tôm có độ dính và dai, nên lau tôm khô và dụng cụ cũng phải khô.Món ăn này có thể làm với số lượng lớn cho vào ngăn đông, khi ăn thì rã đông.",Càng cua bách hoa,,,,,,,,,,,,,,,,
https://monngonmoingay.com/salad-bong-cai-thit-nguoi/,https://monngonmoingay.com/wp-content/smush-webp/2015/08/salad-bong-cai-thit-nguoi-1.png.webp,https://www.youtube.com/channel/UC-2EWHDbHnx5JOeyWfLdIxQ,Salad bông cải thịt nguội,"Với những nguyên liệu đơn giản nhưng giàu chất dinh dưỡng như bông cải, khoai tây, cà rốt… kết hợp với thịt nguội tạo ra hương vị mới lạ, thơm ngon, thích hợp giải nhiệt vào mùa hè.",4 người,25 Phút,Dễ,"Gỏi/Trộn, Thịt heo, Cà rốt, Rau củ quả khác, Thực đơn hàng ngày, Món mặn, Các món ăn kèm, món phụ","Bông cải xanh: 50gr, Bông cải trắng: 80gr, Cà rốt: 50g, Khoai tây: 50g, Cần tây: 50g, Thịt nguội: 100g, Hành tây: 1/2 củ, Muối, tiêu, Xốt Mayonnaise Aji-mayo® Vị Nguyên Bản, Bông cải xanh: 50gr, Bông cải trắng: 80gr, Cà rốt: 50g, Khoai tây: 50g, Cần tây: 50g, Thịt nguội: 100g, Hành tây: 1/2 củ, Muối, tiêu, Xốt Mayonnaise Aji-mayo® Vị Nguyên Bản","Khoai tây gọt vỏ, cắt khối vuông, cho vào nước lạnh để không bị đen. Cà rốt gọt vỏ, cắt khối vuông. Bông cải trắng, bông cải xanh cắt miếng vừa ăn, ngâm vào nước có pha ít muối. Hành tây cắt lựu. Cần tây tước xơ, cắt hạt lựu. Thịt nguội cắt miếng vuông như các loại rau củ.","Đun sôi nước, luộc lần lượt cái loại rau củ: cà rốt, khoai tây, 2 loại bông cải. Khi rau củ chín, vớt ra cho vào tô nước lạnh. Cho tất cả các nguyên liệu và thố trộn, cho 1/2m muối, 1/3m tiêu, trộn đều. Cho 5M Xốt Mayonnaise Aji-mayo® vào trộn đều. Cho ra dĩa cho thêm 2M Xốt Mayonnaise Aji-mayo® và trộn lại lần nữa.","Cho ra dĩa, cho thêm 2M xốt Mayonnaise Aji-Mayo® để tăng vị béo và trộn lại lần nữa.",Khoai tây sau khi cắt ngâm vào nước sẽ không bị đen.Các loại rau củ sau khi luộc cho ngay vào nước lạnh để giữ được độ giòn và màu sắc tươi ngon.Khi luộc rau củ nên đậy nắp để hạn chế mất Vitamin.,Salad bông cải thịt nguội,,,,,,,,,,,,,,,,
https://monngonmoingay.com/canh-ca-tran-chau/,https://monngonmoingay.com/wp-content/smush-webp/2015/08/IMG-0236-canh-ca-tran-chau.png.webp,https://www.youtube.com/channel/UC-2EWHDbHnx5JOeyWfLdIxQ,Canh cá trân châu,"Đây là món ăn ngon, lạ miệng, với nguyên liệu trân châu cho cảm giác ngon miệng, sảng khoái, hơn nữa cung cấp đầy đủ chất dinh dưỡng cho cơ thể, thích hợp để thanh nhiệt cơ thể vào thời tiết chuyển giao.",4 người,20 Phút,Dễ,"Canh/Súp, Hầm, Cá, Cà rốt, Rau củ quả khác, Củ quả, Thực đơn hàng ngày, Bữa trưa, Bữa tối, Món mặn, Cha, Mẹ, Người lớn tuổi, Trẻ em","Cá rô có trứng: 3 con, Bột báng đã ngâm nở: 50g, Củ năng: 50g, Cà rốt: 50g, Hành tím băm, Hành ngò, Tiêu, nước mắm, dầu ăn, Hạt nêm Aji-ngon® Heo, Cá rô có trứng: 3 con, Bột báng đã ngâm nở: 50g, Củ năng: 50g, Cà rốt: 50g, Hành tím băm, Hành ngò, Tiêu, nước mắm, dầu ăn, Hạt nêm Aji-ngon® Heo","Cá làm sạch, rạch 2 bên lưng cá, luộc trong 1.5l nước có nêm 1M hạt nêm Aji-ngon®, gỡ lấy thịt, trứng cá. Phi thơm hành tím, dội lên thịt cá, nêm 1m nước mắm và 1/2m tiêu. Xương cá tiếp tục nấu với lửa nhỏ thêm 10 phút, lọc lấy nước dùng. Bột báng ngâm nở, luộc chín. Củ năng, cà rốt cắt hạt lựu. Hành ngò cắt nhỏ.","Đun sôi nước dùng, cho bột báng, củ năng, cà rốt vào nấu chín, nêm 1m nước mắm, tắt bếp, rắc hành ngò, tiêu.","Múc canh ra tô, cho cá lên trên. Dùng nóng với cơm hoặc ăn như súp.",Rưới hành tím phi lên nạc cá giúp cá thơm và không bị tanhCá có trứng sẽ giúp món canh béo và ngon hơn.Luộc trước bột báng để nước canh không bị chua.,Canh cá trân châu,,,,,,,,,,,,,,,,
https://monngonmoingay.com/ca-xao-la-que/,https://monngonmoingay.com/wp-content/smush-webp/2015/08/6_CQC5321_CaXaoLaQue.png.webp,https://www.youtube.com/channel/UC-2EWHDbHnx5JOeyWfLdIxQ,Cá xào lá quế,"Cá điêu hồng lăn qua bột chiên giòn rồi đem xào cùng với loại gia vị đặc biệt và rất thơm là lá quế tạo ra môt món ăn rất độc đáo: Cá xào lá quế. Cá chiên thơm nức mùi bột chiên giòn áo đều bên ngoài, thịt cá ngọt mềm, vị lá quê thơm nồng, các chị em nên thử làm món này nhé!",4 người,20 Phút,Dễ,"Món Xào, Cá, Các loại thịt khác, Hải sản khác, Rau củ quả khác, Khác, Cuối tuần, Bữa trưa, Bữa tối, Cha, Mẹ, Người lớn tuổi, Trẻ em","Phi lê cá điêu hồng: 600g, Lá quế: 50g, Thì là: 30g, Hành lá: 2 nhánh, Ớt sừng: 1 trái, Tỏi băm, Bột nghệ, dầu ăn, Aji-Quick® Bột Tẩm Khô Chiên Giòn, Phi lê cá điêu hồng: 600g, Lá quế: 50g, Thì là: 30g, Hành lá: 2 nhánh, Ớt sừng: 1 trái, Tỏi băm, Bột nghệ, dầu ăn, Aji-Quick® Bột Tẩm Khô Chiên Giòn","Cá điêu hồng lấy phi lê cá, cắt lát dày 2x4cm, ướp cá với 1/2m bột nghệ. Lá quế cắt đôi. Thì là, hành lá cắt khúc 3cm. Ớt sừng bỏ hạt cắt hình thoi.","Tẩm cá qua 1 gói Aji-Quick® Bột Chiên Gà Giòn, chiên ngập dầu cho chín vàng, vớt ra để ráo dầu. Phi thơm 1m tỏi băm, cho lá quế, ớt sừng, hành lá vào xào, cho cá chiên vào xốc đều rồi cho 2M canh nước vào. Cuối cùng cho rau thì là vào, đảo đều rồi tắt lửa.",Dùng nóng.,"Ướp cá với bột nghệ giúp cá có màu đẹp, có mùi thơm và khử tanh cho cá.Có thể thay phi lê cá điêu hồng bằng loại cá khác.",Cá xào lá quế,,,,,,,,,,,,,,,,
https://monngonmoingay.com/canh-ga-xot-kem-thom/,https://monngonmoingay.com/wp-content/smush-webp/2015/08/IMG-0023-ga-xot-kem-thom.png.webp,https://www.youtube.com/channel/UC-2EWHDbHnx5JOeyWfLdIxQ,Cánh gà xốt kem thơm,"Món này không chỉ giàu dinh dưỡng, mà về hương vị, vị chua ngọt của thơm kết hợp với vị béo của xốt mayonnaise “Aji-mayo” sẽ kích thích vị giác trong thời điểm giao mùa.",4 người,15 Phút,Dễ,"Om/Rim, Kho, Thịt gà, Rau củ quả khác, Cuối tuần, Giáng sinh, Sinh nhật, Lễ hội hóa trang, Món mặn, Các món ăn kèm, món phụ, Người lớn tuổi, Trẻ em","Cánh gà: 4 cái, Thơm: 1/4 trái, Ớt sừng: 1 trái, Nước cốt tỏi, Nước cốt chanh, Ngò rí, tiêu, dầu ăn, Aji-Quick® Bột Tẩm Khô Chiên Giòn, Xốt Mayonnaise Aji-mayo® Vị Nguyên Bản, Cánh gà: 4 cái, Thơm: 1/4 trái, Ớt sừng: 1 trái, Nước cốt tỏi, Nước cốt chanh, Ngò rí, tiêu, dầu ăn, Aji-Quick® Bột Tẩm Khô Chiên Giòn, Xốt Mayonnaise Aji-mayo® Vị Nguyên Bản","Gà làm sạch, chặt miếng vừa ăn, ướp 1m nước cốt chanh, 1m nước cốt tỏi, để thấm, sau đó tẩm 1 gói Aji-quick® Bột Chiên Gà Giòn. Thơm, ớt cắt hạt lựu cạnh 0,5cm.","Đun nóng dầu, cho gà vào chiên chín vàng, vớt ra để ráo dầu. Xào ớt với ít dầu, sau đó cho thơm vào đảo nhanh tay, cho cánh gà vào, nêm 4M xốt mayonnaise “Aji-mayo” , tắt bếp rồi đảo đều.","Cho cánh gà ra dĩa, dùng kèm với cơm trắng và xà lách.",Cánh gà ướp nước cốt chanh sẽ mềm hơn.Xào nhanh cánh gà với thơm để thơm không bị ra nước và mayonnaise“Aji-mayo”không bị tách dầu,Cánh gà xốt kem thơm,,,,,,,,,,,,,,,,
https://monngonmoingay.com/bap-hat-xao-ga-gion-mayonnaise/,https://monngonmoingay.com/wp-content/smush-webp/2015/08/CQC5746_BapXaoGa.png.webp,https://www.youtube.com/channel/UC-2EWHDbHnx5JOeyWfLdIxQ,Bắp hạt xào gà giòn Mayonnaise,"Gà giòn thật thơm, bắp hạt giòn giòn, khoai tây cà rốt chín mềm quyện cùng vị xốt Mayonnaise béo béo, món ăn này chắc chắn sẽ làm các bé thích mê. Quý vị hãy nhanh tay làm ngay món Bắp Hạt Xào Gà Giòn Mayonnaise này để đãi các bé yêu nhé.",4 người,20 Phút,Dễ,"Món Xào, Thịt gà, Cà rốt, Trứng, Các loại thịt khác, Hải sản khác, Rau củ quả khác, Khác, Thực đơn hàng ngày, Bữa trưa, Bữa tối, Món mặn, Cha, Mẹ, Người lớn tuổi, Trẻ em","Ức gà: 100g, Bắp hạt lon: 80g, Khoai tây: 50g, Đậu Hà Lan: 20g, Cà rốt: 20g, Nước tỏi: 1M, Tỏi băm: 1/2M, Trứng gà: 1 quả, Bột xù: 2 chén, Bột mì: 1/2 chén, Tiêu, dầu ăn, tương xí muội, Xốt Mayonnaise Aji-mayo® Vị Nguyên Bản, Hạt nêm Aji-ngon® Gà, Ức gà: 100g, Bắp hạt lon: 80g, Khoai tây: 50g, Đậu Hà Lan: 20g, Cà rốt: 20g, Nước tỏi: 1M, Tỏi băm: 1/2M, Trứng gà: 1 quả, Bột xù: 2 chén, Bột mì: 1/2 chén, Tiêu, dầu ăn, tương xí muội, Xốt Mayonnaise Aji-mayo® Vị Nguyên Bản, Hạt nêm Aji-ngon® Gà","Ức gà cắt miếng vuông cạnh 2cm. Ướp 1m nước tỏi và 1m hạt nêm Aji-ngon®. Cà rốt, khoai tây cắt hạt lựu. Luộc chín cà rốt, khoai tây, đậu Hà Lan, vớt ra để ráo. Trứng gà đánh tan. Trụng bắp hạt qua nước sôi.","Đun nóng dầu ăn, tẩm gà đã ướp lần lượt qua bột mì, trứng và bột xù. Cho vào chảo chiên vàng, vớt ra để ráo. Pha xốt: Trộn đều 3M tương xí muội, 2M xốt Mayonnaise Aji-Mayo® và 1/2M hạt nêm Aji-ngon®. Phi thơm tỏi, cho rau củ vào xào thơm, cho 2/3 phần xốt vào trộn đều, cho ra đĩa. Cho gà và phần xốt còn lại lên phía trên.",Dùng nóng,Luộc rau củ vừa chín tới để khi xào rau củ giòn.Pha xốt trước giúp các gia vị hoà tan và thấm đều vào các nguyên liệu khi xào.,Bắp hạt xào gà giòn Mayonnaise,,,,,,,,,,,,,,,,
https://monngonmoingay.com/dau-que-xao-thit/,https://monngonmoingay.com/wp-content/smush-webp/2015/08/IMG-0716-dau-que-xao-thit.png.webp,https://www.youtube.com/channel/UC-2EWHDbHnx5JOeyWfLdIxQ,Đậu que xào thịt,"Từ lâu đậu que xào đã là một món ăn truyền thống rất quen thuộc với gia đình người Việt Nam, nhưng sự kết hợp của thịt và đậu que sẽ tạo nên sự mới mẻ cho món ăn, thêm nữa đậu que có màu xanh rất tươi, nhìn ngon mắt, hấp dẫn.",4 người,15 Phút,Dễ,"Món Xào, Thịt heo, Cà rốt, Rau củ quả khác, Thực đơn hàng ngày, Bữa trưa, Bữa tối, Món mặn, Các món ăn kèm, món phụ, Cha, Mẹ, Người lớn tuổi, Trẻ em","Thịt nạc dăm: 100g, Đậu que: 200g, Cà rốt: 1/2 củ, Tỏi băm, Hành lá, ngò rí, Tiêu, dầu ăn, Hạt nêm Aji-ngon® Heo, Xốt Mayonnaise Aji-mayo® Vị Nguyên Bản, Thịt nạc dăm: 100g, Đậu que: 200g, Cà rốt: 1/2 củ, Tỏi băm, Hành lá, ngò rí, Tiêu, dầu ăn, Hạt nêm Aji-ngon® Heo, Xốt Mayonnaise Aji-mayo® Vị Nguyên Bản","Thịt cắt lát mỏng, ướp 1/2m hạt nêm Aji-ngon®, 1/2m tiêu, tỏi băm, để thấm. Đậu que cắt khúc. Cà rốt cắt sợi. Hành lá, ngò rí cắt nhỏ.","Phi thơm tỏi, cho thịt heo vào xào, tiếp tục cho cà rốt, đậu que vào xào, nêm 1,5m hạt nêm Aji-ngon®, 4M nước, xào cho đậu que chín, thêm 1M xốt Mayonnaise Aji-Mayo® vào đảo đều, tắt bếp.","Cho món ăn ra dĩa rắc thêm hành lá, ngò rí, dùng nóng với cơm.","Sau khi cho mayonnaise vào, đảo nhanh tay rồi tắt bếp để giữ được vị thơm của mayonnaise.Xào cà rốt trước sau đó cho đậu que vào để rau củ chín đều.",Đậu que xào thịt,,,,,,,,,,,,,,,,
https://monngonmoingay.com/ngong-cai-xao-bao-tu-ca-basa/,https://monngonmoingay.com/wp-content/smush-webp/2015/08/Ngong-cai-xao-bao-tu-ca-basa.png.webp,https://www.youtube.com/channel/UC-2EWHDbHnx5JOeyWfLdIxQ,Ngồng cải xào bao tử cá basa,"Khi được chế biến chung với các nguyên liệu tươi ngon, đủ màu sắc và giàu dinh dưỡng, bao tử cá basa mang lại hương vị mới lạ, giúp bữa ăn thêm phần hấp dẫn, đỡ ngán và ngon miệng hơn, thích hợp dùng vào thời tiết giao mùa.",4 người,15 Phút,Dễ,"Món Xào, Cá, Nấm, Cà rốt, Rau củ quả khác, Hải sản khác, Thực đơn hàng ngày, Bữa trưa, Bữa tối, Món nhậu, Món mặn, Các món ăn kèm, món phụ, Cha, Mẹ, Người lớn tuổi, Trẻ em","Ngồng cải: 200g, Bao tử cá basa: 150g, Cà rốt: 50g, Nấm đông cô tươi: 5 tai, Bắp non: 100g, Ớt sừng: 1 trái, Hành tỏi băm, Tiêu, dầu hào, dầu ăn, Hạt nêm Aji-ngon® Heo, Ngồng cải: 200g, Bao tử cá basa: 150g, Cà rốt: 50g, Nấm đông cô tươi: 5 tai, Bắp non: 100g, Ớt sừng: 1 trái, Hành tỏi băm, Tiêu, dầu hào, dầu ăn, Hạt nêm Aji-ngon® Heo","Ngồng cải rửa sạch, cắt khúc, để riêng phần lá. Phần cọng to dùng dao tước bỏ vỏ dày rồi cắt khúc ngắn, để riêng. Bao tử cá basa rửa sạch, ướp 2m hành tỏi băm, 1/2m hạt nêm Aji-ngon®, 1/2m tiêu, để thấm. Cà rốt cắt sợi. Nấm đông cô cắt lát. Bắp non cắt đôi. Ớt sừng bỏ hạt, cắt sợi, ngâm nước.","Phi thơm 1m hành tỏi với 3M dầu ăn, cho bao tử cá basa vào xào săn với lửa lớn, trút ra dĩa. Tiếp tục xào nấm và bắp non, thêm cọng ngồng cải, cà rốt xào lửa lớn, nêm 1m hạt nêm Aji-ngon®, khi rau củ gần chín thì cho ngọn ngồng cải, ớt sừng và bao tử cá basa trở lại, đảo đều, nêm thêm 1/2M dầu hào, tắt bếp.","Cho rau xào ra dĩa, rắc thêm tiêu, trang trí với ớt cắt sợi.","Tước bỏ vỏ để ngồng cải không bị dai.Nên xào riêng bao tử cá, sau khi rau củ chín mới cho vào lại để bao tử cá giòn và không bị dai.Chọn ngồng cải cọng lớn, ít lá để khi xào giòn hơn.",Ngồng cải xào bao tử cá basa,,,,,,,,,,,,,,,,
https://monngonmoingay.com/canh-bi-ngoi-quan-tom/,https://monngonmoingay.com/wp-content/smush-webp/2015/08/IMG-0262-canh-bi-ngoi-quan-tom.png.webp,https://www.youtube.com/channel/UC-2EWHDbHnx5JOeyWfLdIxQ,Canh bí ngòi quấn tôm,"Món ăn giao mùa này vừa ngon lại vừa tốt cho sức khỏe, có tác dụng tăng cường sức đề kháng cho cơ thể, vì trong bí có nhiều vitamin và nguyên tố vi lượng, đặc biệt tốt cho người bệnh hen suyễn.",4 người,15 Phút,Dễ,"Canh/Súp, Hầm, Tôm, Cà rốt, Rau củ quả khác, Củ quả, Thực đơn hàng ngày, Bữa trưa, Bữa tối, Món mặn, Cha, Mẹ, Người lớn tuổi, Trẻ em","Bí ngòi xanh: 300g, Tôm sú: 150g, Cà rốt: 1/4 củ, Hành lá, ngò rí, Tiêu, Hạt nêm Aji-ngon® Heo, Bí ngòi xanh: 300g, Tôm sú: 150g, Cà rốt: 1/4 củ, Hành lá, ngò rí, Tiêu, Hạt nêm Aji-ngon® Heo","Tôm sú bỏ đầu, bóc vỏ, bỏ đuôi, đập dập, quết nhuyễn với đầu hành lá băm nhỏ, 1/2m tiêu và 1/2m hạt nêm Aji-ngon®, viên thành viên tròn nhỏ. Bí ngòi rửa sạch, cắt bỏ cuống, bào mỏng theo chiều dài. Hành lá một phần cắt nhỏ, phần còn lại để nguyên cọng dài nhúng nước sôi, vớt ra để ráo. Cà rốt tỉa hoa, cắt lát mỏng. Cho viên tôm vào giữa miếng bí, cuộn lại, dùng hành lá buộc chặt.","Nấu sôi 1 lít nước, cho 1,5m hạt nêm Aji-ngon®, cà rốt và bí quấn tôm vào, nấu khoảng 5 phút là tôm và bí chín.","Múc canh ra tô, rắc thêm tiêu, trang trí ngò rí, dùng với cơm.","Bí ngòi rửa sạch, để nguyên vỏ, bào theo chiều dài khi quấn tôm sẽ dễ dàng và đẹp hơn.Chọn tôm tươi, còn sống, khi quết thịt sẽ dai và ngon hơn.",Canh bí ngòi quấn tôm,,,,,,,,,,,,,,,,
https://monngonmoingay.com/trung-duc-he/,https://monngonmoingay.com/wp-content/smush-webp/2015/08/IMG-0119-trung-duc-he.png.webp,https://www.youtube.com/channel/UC-2EWHDbHnx5JOeyWfLdIxQ,Trứng đúc hẹ,"Là món ăn quen thuộc trong bữa ăn gia đình miền Bắc, nay sử dụng thêm hẹ vừa giúp món ăn thơm ngon hơn, vừa cung cấp thêm chất rau cho món ăn, đảm bảo tốt cho sức khỏe của cả người lớn lẫn trẻ em.",4 người,10 Phút,Dễ,"Chiên, Trứng, Thịt heo, Rau củ quả khác, Thực đơn hàng ngày, Bữa trưa, Bữa tối, Cuối tuần, Món mặn, Các món ăn kèm, món phụ, Bắc, Cha, Mẹ, Người lớn tuổi, Trẻ em","Thịt nạc dăm: 50g, Hẹ: 25g, Trứng gà: 2 quả, Ớt sừng: 1 trái, Tiêu, nước mắm, dầu ăn, Hạt nêm Aji-ngon® Heo, Xốt Mayonnaise Aji-mayo® Vị Nguyên Bản, Thịt nạc dăm: 50g, Hẹ: 25g, Trứng gà: 2 quả, Ớt sừng: 1 trái, Tiêu, nước mắm, dầu ăn, Hạt nêm Aji-ngon® Heo, Xốt Mayonnaise Aji-mayo® Vị Nguyên Bản","Thịt nạc dăm xay nhuyễn, ướp 1/2m hạt nêm Aji-ngon®, 1/2m tiêu, 1M nước, để thấm. Hẹ cắt nhỏ. Ớt sừng cắt hạt lựu. Trứng đánh tan, trộn đều với hẹ, sau đó cho 2M xốt Mayonnaise Aji-Mayo® vào rồi đánh nhẹ.","Làm nóng ít dầu, cho thịt vào xào săn, tiếp tục cho trứng vào, rắc thêm ớt, đậy vung khoảng 2 phút.","Dọn trứng đúc hẹ ra dĩa, dùng với cơm và nước mắm ớt.","Xào sơ thịt trước để món ăn chín đều. Đánh trứng với xốt Mayonnaise Aji-Mayo® nhẹ tay, khi chiên món ăn sẽ ngon hơn.",Trứng đúc hẹ,,,,,,,,,,,,,,,,
https://monngonmoingay.com/canh-duoi-bo-cu-cai/,https://monngonmoingay.com/wp-content/smush-webp/2015/08/0169-canh-duoi-bo-cu-cai.png.webp,https://www.youtube.com/channel/UC-2EWHDbHnx5JOeyWfLdIxQ,Canh đuôi bò củ cải,"Đây là món canh dễ nấu, dễ ăn thích hợp với khí hậu mùa nóng, đặc biệt củ cải trắng có vị cay, tính mát, có công dụng chữa nhiều bệnh khác nhau giúp cân bằng chất dinh dưỡng, phù hợp nấu trong thời tiết giao mùa.",4 người,20 Phút,Dễ,"Canh/Súp, Hầm, Thịt bò, Cà rốt, Rau củ quả khác, Các loại thịt khác, Củ quả, Cuối tuần, Bữa trưa, Bữa tối, Ngày hè, Món mặn, Cha, Mẹ, Người lớn tuổi, Trẻ em","Đuôi bò: 400g, Củ cải trắng: 300g, Cà rốt: 50g, Gừng nhỏ: 1 củ, Sả: 2 cây, Kỷ tử: 1m, Hành tím băm, hành lá, ngò rí, Tiêu, muối, nước mắm, dầu ăn, Hạt nêm Aji-ngon® Heo, Đuôi bò: 400g, Củ cải trắng: 300g, Cà rốt: 50g, Gừng nhỏ: 1 củ, Sả: 2 cây, Kỷ tử: 1m, Hành tím băm, hành lá, ngò rí, Tiêu, muối, nước mắm, dầu ăn, Hạt nêm Aji-ngon® Heo","Đuôi bò cạo rửa sạch, chặt khúc 3cm, chần qua nước với 1 củ gừng đập dập, vớt ra rửa sạch, ướp với 1/2M hạt nêm Aji-ngon®, 1m hành tím băm, 1/2m muối và 1/2m tiêu, để thấm. Củ cải, cà rốt bào vỏ, tỉa hoa, cắt lát dày 3 li. Hành lá, ngò rí cắt nhỏ. Sả cắt khúc, đập dập. Gừng băm nhỏ.","Phi thơm hành tím và gừng băm, cho đuôi bò vào xào thơm. Đun 1 lít nước ấm trong nồi áp suất, cho đuôi bò và sả vào, nấu sôi 15 phút cho vừa chín, cho củ cải, cà rốt vào nấu tiếp đến khi các nguyên liệu chín mềm, cho kỷ tử vào, tắt bếp, nêm thêm nước mắm cho vừa ăn rồi cho hành lá, ngò rí vào.","Múc canh ra tô, rắc thêm tiêu, dùng nóng với cơm trắng.",Xào đuôi bò với hành tím và gừng băm để thịt săn và thơm hơnNên cho rau củ vào nấu sau khi đuôi bò vừa mềm để nguyên liệu chín đều.,Canh đuôi bò củ cải,,,,,,,,,,,,,,,,
https://monngonmoingay.com/cai-lan-tron-mayonnaise/,https://monngonmoingay.com/wp-content/smush-webp/2015/08/0081-cai-lan-tron-mayonnaise.png.webp,https://www.youtube.com/channel/UC-2EWHDbHnx5JOeyWfLdIxQ,Cải làn trộn Mayonnaise,"Với nguyên liệu chính là rất nhiều loại rau củ mang nhiều màu sắc hấp dẫn, món ăn có hương vị thật mới lạ, thêm nữa cách làm cũng đơn giản, chứa nhiều chất xơ tốt cho sức khỏe.",4 người,20 Phút,Dễ,"Gỏi/Trộn, Các loại thịt khác, Cà rốt, Đậu hũ, Trứng, Rau củ quả khác, Khác, Bữa trưa, Bữa tối, Cuối tuần, Giáng sinh, Sinh nhật, Món mặn, Các món ăn kèm, món phụ, Cha, Mẹ, Người lớn tuổi, Trẻ em","Cải làn cọng to: 150g, Cà rốt: 100g, Cần tây: 5g, Thanh cua giả: 4 cây, Đậu hũ trắng: 1/2 miếng, Trứng cút: 6 quả, Chao trắng: 1/2 viên, Ngò rí, tiêu, muối, Xốt Mayonnaise Aji-mayo® Vị Nguyên Bản, Cải làn cọng to: 150g, Cà rốt: 100g, Cần tây: 5g, Thanh cua giả: 4 cây, Đậu hũ trắng: 1/2 miếng, Trứng cút: 6 quả, Chao trắng: 1/2 viên, Ngò rí, tiêu, muối, Xốt Mayonnaise Aji-mayo® Vị Nguyên Bản","Cải làn lấy cọng. Cà rốt gọt vỏ, cắt que. Cần tây tước bỏ xơ. Chần sơ cải làn, cà rốt và cần tây, vớt ra ngâm vào nước đá, để ráo, cắt hạt lựu cạnh 1cm. Ngò rí băm nhỏ. Đậu hũ trắng cắt khối vuông 1cm, chiên sơ, vớt ra để ráo dầu. Trứng cút luộc chín, bóc vỏ, cắt đôi. Thanh cua cắt hạt lựu 1cm.","Pha xốt: trộn đều 4M xốt Mayonnaise Aji-Mayo® với 1/2m chao trắng tán nhuyễn. Trộn đều cải làn, cà rốt, cần tây, đậu hũ với 1/2m muối, 1/2m tiêu, sau đó cho hỗn hợp xốt vào trộn đều, cho thanh cua và trứng vào trộn nhẹ tay.","Cho cải làn trộn ra dĩa, rắc thêm ngò rí băm nhỏ.","Cho rau củ vào nước đá, sau khi luộc để giữ màu sắc và độ giòn của rau củ.Chọn cải làn tươi, lá ít, cọng to vì chủ yếu là dùng cọng.Sự kết hợp giữa xốt Mayonnaise Aji-Mayo® và chao tạo hương vị cho món ăn.",Cải làn trộn Mayonnaise,,,,,,,,,,,,,,,,
https://monngonmoingay.com/canh-gio-heo-du-du-huom/,https://monngonmoingay.com/wp-content/smush-webp/2015/08/0357-canh-gio-heo-du-du-huom.png.webp,https://www.youtube.com/channel/UC-2EWHDbHnx5JOeyWfLdIxQ,Canh giò heo đu đủ hườm,"Là món canh phổ biển ở miền Trung, cân bằng dinh dưỡng, tốt cho tiêu hóa và rất lợi sữa với bà mẹ cho con bú.",4 người,25 Phút,Dễ,"Canh/Súp, Hầm, Hải sản khác, Thịt heo, Rau củ quả khác, Cuối tuần, Trung, Bữa trưa, Bữa tối, Món mặn, Cha, Mẹ, Người lớn tuổi, Trẻ em","Giò heo: 500g, Đu đủ hườm: 600g, Hành tím: 3 củ, Hành tím băm, hành lá, ngò rí, Tiêu, muối, nước mắm, Hạt nêm Aji-ngon® Heo, Giò heo: 500g, Đu đủ hườm: 600g, Hành tím: 3 củ, Hành tím băm, hành lá, ngò rí, Tiêu, muối, nước mắm, Hạt nêm Aji-ngon® Heo","Đu đủ gọt vỏ, cắt miếng vừa ăn. Hành lá, ngò rí cắt nhỏ. Giò heo cạo rửa sạch, ướp với 1/2 m muối, 1/2M hạt nêm Aji-ngon®, 1m hành tím băm và 1/2m tiêu, để thấm.","Đun 1,5 lít nước ấm, cho giò heo vào đun lửa lớn, hớt bọt kỹ, nêm 1M hạt nêm Aji-ngon®, cho tiếp đu đủ vào nấu lửa vừa đến khi đu đủ và giò chín mềm, nêm thêm 1m nước mắm, tắt bếp.","Múc canh ra tô, rắc thêm hành ngò và tiêu, dùng nóng.","Chọn đu đủ già mới chuyển màu vàng hườm và còn độ cứng.Trong đu đủ sống có men phân giải chất đạm, nấu với thịt giúp thịt mau mềm, và có lợi cho tiêu hóa.",Canh giò heo đu đủ hườm,,,,,,,,,,,,,,,,
https://monngonmoingay.com/lau-ca-keo-la-giang/,https://monngonmoingay.com/wp-content/smush-webp/2015/08/3.laucakeolagiang_IMG_9999_4.png.webp,https://www.youtube.com/channel/UC-2EWHDbHnx5JOeyWfLdIxQ,Lẩu cá kèo lá giang,"Cá kèo tươi, thịt mềm ngọt, vị lá giang chua nhè nhẹ cộng thêm vị chua cà chua, thơm; rau ăn kèm tươi xanh giòn ngọt; và quan trọng nhật là nước lẩu đậm đà, ngọt lừ và thật thơm. Chan nước lẩu vào bún, chấm cá và rau vào nước mắm ớt ăn kèm, đưa lên miệng ăn một miếng thì không thể cưỡng lại ăn tiếp miếng thứ hai!",4 người,25 Phút,Dễ,"Lẩu, Cá, Cà chua, Các loại thịt khác, Hải sản khác, Rau củ quả khác, Khác, Các loại rau, Cuối tuần, Bữa tối, Giáng sinh, Sinh nhật, Món mặn, Cha, Mẹ, Người lớn tuổi, Trẻ em","Cá kèo : 400g, Lá giang : 50g, Thơm : 1/4 trái, Cà chua : 1 trái, Rau đắng : 200g, Rau muống bào : 200g, Rau nhút : 200g, Hành tỏi băm : 1M, Rau om, ngò gai, Bún tươi : 500g, Ớt hiểm, Nước mắm, dầu ăn, Gia vị nêm sẵn Aji-Quick® Lẩu Thái, Cá kèo : 400g, Lá giang : 50g, Thơm : 1/4 trái, Cà chua : 1 trái, Rau đắng : 200g, Rau muống bào : 200g, Rau nhút : 200g, Hành tỏi băm : 1M, Rau om, ngò gai, Bún tươi : 500g, Ớt hiểm, Nước mắm, dầu ăn, Gia vị nêm sẵn Aji-Quick® Lẩu Thái","Cá kèo tươi rửa sạch. Cà chua cắt múi cau. Thơm cắt miếng mỏng. Các loại rau lặt rửa sạch, xếp ra dĩa.","Cho vào nồi 1/2 chén dầu ăn (~7M), phi thơm hành tỏi, cho cà chua, thơm vào xào kĩ đến khi mềm, thêm vào 1.5 lít nước, đun sôi. Lá giang vò sơ cho vào nồi rồi nêm gói Aji-Quick® Gia vị nêm sẵn Lẩu Thái, khuấy đều.","Khi ăn, cho cá và các loại rau vào từ từ, chấm cá với nước mắm ớt, ăn kèm bún.",Rửa cá kèo qua nước pha giấm hoặc chanh sau đó rửa lại bằng nước sạch cho hết nhớt trong cá.Vò lá giang để chất chua trong lá giang có thể ra hết.,Lẩu cá kèo lá giang,,,,,,,,,,,,,,,,
https://monngonmoingay.com/ca-thu-xot-xoai-tuong/,https://monngonmoingay.com/wp-content/smush-webp/2015/08/0243-ca-thu-xot-xoai-tuong.png.webp,https://www.youtube.com/channel/UC-2EWHDbHnx5JOeyWfLdIxQ,Cá thu xốt xòai tượng,"Tuy là món dân dã nhưng khi được chế biến cách mới sẽ trở nên cực kỳ hấp dẫn với vị chua thanh dễ ăn, hương vị đậm đà, cực kỳ thích hợp dùng trong những lúc tiết trời đang chuẩn bị giao mùa.",4 người,15 Phút,Dễ,"Om/Rim, Kho, Cá, Rau củ quả khác, Khác, Cuối tuần, Bữa trưa, Bữa tối, Món mặn, Các món ăn kèm, món phụ, Cha, Mẹ, Người lớn tuổi, Trẻ em","- Cá thu: 4 khứa, - Xoài tượng: 1 trái, - Tương xí muội, - Hành lá, - Dầu ăn, Aji-Quick® Bột Tẩm Khô Chiên Giòn, - Cá thu: 4 khứa, - Xoài tượng: 1 trái, - Tương xí muội, - Hành lá, - Dầu ăn, Aji-Quick® Bột Tẩm Khô Chiên Giòn","Cá thu rửa sạch, để ráo. Xoài tượng cắt hạt lựu khoảng ½ chén. Hành lá đập dập, băm nhỏ, ướp với cá và tẩm ½ gói bột tẩm khô chiên giòn Aji-Quick.","Làm nóng 1M dầu trong chảo, cho cá vào chiên áp chảo chín vàng Aji-Quick hai mặt, xếp cá ra dĩa. Pha xốt: trộn ½ chén xoài tượng với 1 chén tương xí muội.",,Cá tẩm bột khô chiên giòn Aji-Quick sẽ không bị nát và dính chảo.Cắt cá lát mỏng giúp cá mau thấm gia vị và khi chiên có độ giòn.,Cá thu xốt xòai tượng,,,,,,,,,,,,,,,,
https://monngonmoingay.com/sup-trai-cay/,https://monngonmoingay.com/wp-content/smush-webp/2015/08/0166-sup-trai-cay.png.webp,https://www.youtube.com/channel/UC-2EWHDbHnx5JOeyWfLdIxQ,Súp trái cây,"Là món ăn đẹp và lạ miệng, có thể tận dụng các loại trái cây phổ biến theo từng mùa, hấp dẫn trẻ nhỏ và đảm bảo đầy đủ các yếu tố dinh dưỡng và lại giàu vitamin nữa.",4 người,10 Phút,Dễ,"Canh/Súp, Các loại thịt khác, Tôm, Khác, Thực đơn hàng ngày, Cuối tuần, Giáng sinh, Lễ hội hóa trang, Sinh nhật, Món mặn, Các món ăn kèm, món phụ, Cha, Mẹ, Người lớn tuổi, Trẻ em","Tôm đất: 300g, Dâu tây: 5 trái, Lê: 1/2 trái, Táo: 1/2 trái, Hành tím băm, ngò rí, Bột năng, Tiêu, dầu ăn, Hạt nêm Aji-ngon® Gà, Tôm đất: 300g, Dâu tây: 5 trái, Lê: 1/2 trái, Táo: 1/2 trái, Hành tím băm, ngò rí, Bột năng, Tiêu, dầu ăn, Hạt nêm Aji-ngon® Gà","Tôm lột vỏ, bỏ đầu, đuôi, cắt hạt lựu, ướp với 1 ít tiêu và 1m hạt nêm Aji-ngon®. Lê, táo, dâu tây cắt hạt lựu cạnh 0,7cm. Ngò rí cắt nhỏ. Pha loãng 2M bột năng với 1/2 chén nước.","Phi thơm hành tím băm, cho tôm vào xào săn, thêm 1 lít nước, nêm 2M hạt nêm Aji-ngon®, đợi nước sôi cho hết trái cây vào, cho nước bột năng vào khuấy đều tạo độ sánh, cuối cùng rắc thêm ngò rí, tắt bếp.","Múc súp ra chén, rắc tiêu và ngò rí lên trên, dùng nóng",Không nấu trái cây quá lâu sẽ bị nát và mất chất dinh dưỡng.Chọn trái cây có vị chua nhẹ sẽ tạo vị chua thanh cho món súp.Tùy theo mùa có thể chọn các loại trái cây khác nhau.,Súp trái cây,,,,,,,,,,,,,,,,
https://monngonmoingay.com/ca-basa-chien-gion/,https://monngonmoingay.com/wp-content/smush-webp/2015/08/ca-ba-sa-chien-gion.png.webp,https://www.youtube.com/channel/UC-2EWHDbHnx5JOeyWfLdIxQ,Cá basa chiên giòn,"Ngoài mùi vị thơm ngon, hấp dẫn, món ăn này cón có cách trình bày đẹp mắt, phù hợp để thay đổi khẩu vị trong gia đình vào dịp cuối tuần.",4 người,10 Phút,Dễ,"Chiên, Cá, Rau củ quả khác, Trứng, Các loại rau, Thực đơn hàng ngày, Cuối tuần, Giáng sinh, Lễ hội hóa trang, Sinh nhật, Món nhậu, Món mặn, Các món ăn kèm, món phụ, Cha, Mẹ, Người lớn tuổi, Trẻ em","Phi lê cá basa: 400gr, Trứng gà: 2 quả, Bột mì: 100gr, Bột xù: 200gr, Thì là, xà lách, rau thơm, ớt, Tiêu, chanh, Xốt Mayonaise LISA, Hạt nêm Aji-ngon® Heo, Phi lê cá basa: 400gr, Trứng gà: 2 quả, Bột mì: 100gr, Bột xù: 200gr, Thì là, xà lách, rau thơm, ớt, Tiêu, chanh, Xốt Mayonaise LISA, Hạt nêm Aji-ngon® Heo","Đập dập thì là, xát vào cá Cắt filet cá thành hình có kích cỡ bằng ngón tay, nêm thêm 1/2m tiêu, 1/2m hạt nêm Aji-ngon® Heo, 1/2m nước chanh.",Áo cá qua 1 lớp bột mì mỏng để chiên sau đó nhúng qua trứng đã đánh sẵn rồi lăn qua bột xù. Chiên cá khi dầu vừa sôi. Làm xốt: Trộn 3M xốt Ajimayo với 1M thì là.,Xát thì là vào cá để khử mùi tanh và tăng hương vị.,Xát thì là vào cá để khử mùi tanh và tăng hương vị.Áo một lớp bột mỏng để miếng cá không bị cứng sau khi chiên.,Cá basa chiên giòn,,,,,,,,,,,,,,,,
https://monngonmoingay.com/kho-qua-xao-tom/,https://monngonmoingay.com/wp-content/smush-webp/2015/08/IMG-2390-kho-qua-xao-tom.png.webp,https://www.youtube.com/channel/UC-2EWHDbHnx5JOeyWfLdIxQ,Khổ qua xào tôm,"Khổ qua xào tôm là món ăn ngon trong bữa ăn hàng ngày, với sự kết hợp của khổ qua và tôm đem lại hương vị mới mẻ, giàu chất dinh dưỡng.",4 người,20 Phút,Dễ,"Món Xào, Tôm, Rau củ quả khác, Trứng, Thực đơn hàng ngày","Khổ qua: 400g, Tôm tươi: 200g, Hành lá: 5 cây, Trứng gà: 2 quả, Ngò rí: 3 cây, ỏi băm: 1M, Nước mắm, tiêu, dầu mè, Nước tương LISA, Hạt nêm Aji-ngon® Heo, Khổ qua: 400g, Tôm tươi: 200g, Hành lá: 5 cây, Trứng gà: 2 quả, Ngò rí: 3 cây, ỏi băm: 1M, Nước mắm, tiêu, dầu mè, Nước tương LISA, Hạt nêm Aji-ngon® Heo","Khổ qua trước khi chế biến, rửa sạch khổ qua qua nước mạnh,khổ qua cắt đôi, lấy bỏ ruột rồi cắt lát mỏng. Hành lá phần đầu trắng băm nhuyễn, phần lá cắt khúc dài 3cm. Ngò rí rửa sạch, cắt nhỏ. Tôm bóc vỏ, lấy chỉ lưng, đập dập rồi ướp với 1m tỏi băm, 1/2m nước mắm, 1/2m hạt nêm Aji-ngon® và 1/2m tiêu, để thấm. Trứng gà đánh tan, nêm 1/2m hạt nêm Aji-ngon® và 1/3m tiêu, khuấy cho đều.","Trộn xốt: trộn đều 1M xốt tương LISA với 1m nước tương LISA và 1m nước lọc. Phi thơm đầu hành, cho tôm vào xào săn rồi cho trứng vào đảo đều, xào trứng vừa chín thì tắt bếp, trút ra dĩa. Phi thơm tỏi, xào khổ qua đến khi khổ qua mềm, cho hỗn hợp xốt tương đã pha, tôm và trứng vào đảo đều, thêm hành lá, dầu mè rồi tắt bếp.","Cho khổ qua xào ra dĩa, rắc thêm tiêu và ngò rí, dùng nóng với cơm.","Khi xào trứng, dùng đũa khuấy cho dầu chiên lẫn vào trứng thì trứng sẽ béo và thơm hơn. Ngoài tôm, có thể dùng thịt heo xay, thịt bò hoặc cá phi lê xào chung với khổ qua. Đập dập tôm để khi ướp tôm sẽ thấm gia vị",Khổ qua xào tôm,,,,,,,,,,,,,,,,
https://monngonmoingay.com/luoi-heo-kho-que/,https://monngonmoingay.com/wp-content/smush-webp/2015/08/4-Luoi-heo-kho-que-540-360.jpg.webp,https://www.youtube.com/channel/UC-2EWHDbHnx5JOeyWfLdIxQ,Lưỡi heo kho quế,"Có rất nhiều người phải ghiền sự giòn giòn, sần sật của phần lưỡi heo, nhưng ngoài món gỏi và luộc thông thường, bạn có biết đến cách chế biến món LƯỠI HEO KHO QUẾ độc đáo? Hãy cho vị giác một trải nghiệm mới khi kết hợp sự giòn ngon của lưỡi và quế. Cả nhà sẽ thích ngay!",4 người,30 Phút,Dễ,"Kho, Om/Rim, Thịt heo, Khác, Các loại rau, Rau củ quả khác, Thực đơn hàng ngày, Bữa trưa, Bữa tối, Món mặn, Các món ăn kèm, món phụ, Cha, Mẹ, Người lớn tuổi, Trẻ em","Lưỡi heo : 800g, Cà rốt : 200g, Dừa tươi : 1 trái, Hành tây : 1/2 củ, Sả cây : 2 cây, Hành tỏi băm, ớt hiểm, sa tế, húng quế, ngò gai, Quế chi, bột quế, Muối, dầu ăn, Hạt nêm Aji-ngon® Heo, Nước tương ""Phú Sĩ"", Lưỡi heo : 800g, Cà rốt : 200g, Dừa tươi : 1 trái, Hành tây : 1/2 củ, Sả cây : 2 cây, Hành tỏi băm, ớt hiểm, sa tế, húng quế, ngò gai, Quế chi, bột quế, Muối, dầu ăn, Hạt nêm Aji-ngon® Heo, Nước tương ""Phú Sĩ""","Lưỡi heo sơ chế sạch, cắt miếng vuông 3 cm. Ướp với 1M hành tỏi băm, 2m hạt nêm Aji-ngon®, 3M nước tương “Phú Sĩ’, 2M sa tế, 1/2m muối và 1/2m bột quế. Cà rốt tỉa hoa, cắt khúc dày 1.5cm. Sả cắt khúc, đập dập. Hành tây cắt múi cau. Ớt hiểm đập dập. Ngò gai và húng quế cắt khúc 2cm. Ngò rí cắt nhỏ.","Phi thơm hành tỏi, cho lưỡi vào xào săn cùng 10g quế chi và sả, cho tiếp nước dừa vào, kho lửa vừa, cho thêm cà rốt, ớt hiểm, tiếp tục kho riu riu đến khi lưỡi heo mềm, nước kho hơi sánh lại thì thêm hành tây đến vừa chín, tắt lửa.","Cho món ăn ra dĩa, cho ngò gai và húng quế cắt khúc lên trên. Dùng nóng với cơm và dưa cải.","Chọn lưỡi heo to, săn chắc, không có nhiều phần thịt ở cuống lưỡi.Cạo sạch hết màng trắng bám trên mặt lưỡi trước khi chế biến để món ăn ngon hơn.",Lưỡi heo kho quế,,,,,,,,,,,,,,,,
https://monngonmoingay.com/mien-xao-dau-ngu/,https://monngonmoingay.com/wp-content/smush-webp/2015/08/IMG_6852-mien-xao-dau-ngu.png.webp,https://www.youtube.com/channel/UC-2EWHDbHnx5JOeyWfLdIxQ,Miến xào đậu ngự,"Hôm nay là ngày chay, mời cả nhà cùng làm một món chay vừa ngon vừa lạ miệng này nhé: Miến xào đậu ngự!",4 người,20 Phút,Dễ,"Món Xào, Đậu hũ, Cà rốt, Nấm, Các loại thịt khác, Hải sản khác, Rau củ quả khác, Khác, Phở / bún / hủ tiếu / miến, Món chay, Bữa trưa, Bữa tối, Cuối tuần, Món chay, Cha, Mẹ, Người lớn tuổi, Trẻ em","Miến đậu xanh : 200g, Đậu ngự tươi : 100g (đã bóc vỏ, hấp chín), Đậu hũ chiên cắt sợi : 1 miếng nhỏ, Chả lụa chay cắt sợi : 50g, Giá, bông hẹ, cà rốt cắt sợi : 50g, Nấm mèo cắt sợi : 3 tai, Nấm bào ngư : 100g, Boaro, Ớt sừng cắt sợi, Ngò rí, Gia vị: Tiêu, dầu hào chay, dầu ăn, Nước tương ""Phú Sĩ"", Hạt nêm Aji-ngon® Nấm, Miến đậu xanh : 200g, Đậu ngự tươi : 100g (đã bóc vỏ, hấp chín), Đậu hũ chiên cắt sợi : 1 miếng nhỏ, Chả lụa chay cắt sợi : 50g, Giá, bông hẹ, cà rốt cắt sợi : 50g, Nấm mèo cắt sợi : 3 tai, Nấm bào ngư : 100g, Boaro, Ớt sừng cắt sợi, Ngò rí, Gia vị: Tiêu, dầu hào chay, dầu ăn, Nước tương ""Phú Sĩ"", Hạt nêm Aji-ngon® Nấm","Miến cắt khúc, ngâm nước 10 phút cho mềm, trụng chín, ướp 1m hạt nêm Aji-ngon® từ nấm hương và hạt sen và 2m nước tương “Phú Sĩ” . Boaro cắt lát. Nấm bào ngư xé vừa ăn. Bông hẹ cắt khúc 4cm.","Phi thơm boaro, lấy ra 1/2 để riêng, trộn với miến, tiếp tục cho tất cả các nguyên liệu vào xào thêm 1m hạt nêm Aji-ngon® từ nấm hương và hạt sen, 1m dầu hào xốc đều thật nhanh tay cho các rau củ chín tới, cho miến vào đảo nhanh tay. Tắt lửa.","Cho miến xào ra dĩa rắc thêm tiêu, trang trí ngò rí.",Trộn miến với gia vị trước khi xào để gia vị thấm đều vào miến.Đậu ngự tươi rất mau chín nên khi hấp thấy đậu trong là được. Nếu dùng đậu ngự khô phải ngâm bằng nước ấm và chút soda rồi mới bóc vỏ.,Miến xào đậu ngự,,,,,,,,,,,,,,,,
https://monngonmoingay.com/nam-dui-ga-kho-gung/,https://monngonmoingay.com/wp-content/smush-webp/2015/08/IMG_6908-nam-dui-ga-kho-gung.png.webp,https://www.youtube.com/channel/UC-2EWHDbHnx5JOeyWfLdIxQ,Nấm đùi gà kho gừng,"Nấm đùi gà còn được gọi là nấm sò vua và được xem như một loại nấm quí tốt cho sức khỏe, ngay ngày mai các chị em hãy trổ tài làm món Nấm đùi gà kho gừng để bồi bổ sức khỏe cho cả gia đình mình nhé!",4 người,20 Phút,Dễ,"Kho, Om/Rim, Nấm, Đậu hũ, Các loại thịt khác, Hải sản khác, Rau củ quả khác, Khác, Cuối tuần, Bữa trưa, Bữa tối, Món mặn, Cha, Mẹ, Người lớn tuổi, Trẻ em","Nấm đùi gà: 200g, Đậu hũ chiên: 100g, Gừng cắt sợi: 2M, Nấm đông cô khô: 5 tai, Ớt hiểm: 1 trái, Hành lá: 1 cọng, Ngò rí, Tiêu, dầu điều, dầu ăn, Nước tương ""Phú Sĩ"", Hạt nêm Aji-ngon® Gà, Nấm đùi gà: 200g, Đậu hũ chiên: 100g, Gừng cắt sợi: 2M, Nấm đông cô khô: 5 tai, Ớt hiểm: 1 trái, Hành lá: 1 cọng, Ngò rí, Tiêu, dầu điều, dầu ăn, Nước tương ""Phú Sĩ"", Hạt nêm Aji-ngon® Gà","Nấm đùi gà cắt lát dày 1cm. Nấm đông cô khô ngâm nở, cắt đôi. Ớt hiểm đập dập. Đậu hũ chiên cắt lát nhỏ vừa ăn. Hành lá cắt nhỏ.","Phi thơm 2M dầu điều với 2M gừng và ớt hiểm, cho đậu hũ vào đảo sơ, ớt hiểm đập dập, thêm 2M nước tương “Phú sĩ”, 1m hạt nêm Aji-ngon®. Cho 1 ít nước vào kho 2-3 phút, tiếp tục cho nấm vào, kho lửa vừa đến khi nước cạn gần hết, thêm hành lá, tắt lửa.","Cho nấm kho ra dĩa, rắc thêm tiêu, trang trí hành lá, ớt sợi và ngò rí, dùng nóng với cơm.","Nấm đùi gà nên rửa nhanh dưới vòi nước lạnh để nấm không bị nhũn và giảm chất dinh dưỡng.Nấm rất dễ thấm gia vị, vì vậy ta nên cho vào kho sau cùng để nấm không bị mặn.Có thể thay thế hạt nêm Aji-ngon® với hạt nêm Aji-ngon® từ nấm hương và hạt sen.",Nấm đùi gà kho gừng,,,,,,,,,,,,,,,,
https://monngonmoingay.com/thit-bo-xao-ngong-cai/,https://monngonmoingay.com/wp-content/smush-webp/2015/08/IMG-0130-thit-bo-xao-ngong-cai.png.webp,https://www.youtube.com/channel/UC-2EWHDbHnx5JOeyWfLdIxQ,Thịt bò xào ngồng cải,"Thịt bò xào ngồng cải là một món ăn rất phổ biến, đơn giản và dễ thực hiện nhưng lại hấp dẫn và ngon miệng, là một lựa chọn cho thực đơn mùa hè của gia đình.",4 người,10 Phút,Dễ,"Món Xào, Thịt bò, Rau củ quả khác, Thực đơn hàng ngày, Bữa trưa, Bữa tối, Sinh nhật, Ngày hè, Giáng sinh, Món mặn, Các món ăn kèm, món phụ, Cha, Mẹ, Người lớn tuổi, Trẻ em","Thịt bò mềm: 100g, Ngồng cải: 300g, Dầu ăn, muối, tiêu, Tỏi băm, ngò rí, Hạt nêm Aji-ngon® Heo, Xốt Mayonnaise Aji-mayo® Vị Nguyên Bản, Thịt bò mềm: 100g, Ngồng cải: 300g, Dầu ăn, muối, tiêu, Tỏi băm, ngò rí, Hạt nêm Aji-ngon® Heo, Xốt Mayonnaise Aji-mayo® Vị Nguyên Bản","Thịt bò cắt lát mỏng, ướp 1/2M tỏi băm, 1/2m hạt nêm Aji-ngon®, 1m dầu ăn, ít tiêu, để thấm. Cải ngồng chần sơ với nước sôi có ít muối.","Phi thơm 1/2M tỏi băm, xào sơ thịt bò, trút ra dĩa, tiếp tục xào ngồng cải, nêm thêm 1/2m hạt nêm Aji-ngon®, ngồng cải vừa chín tới, cho thịt bò vào, cho tiếp 2M xốt Mayonnaise Aji-Mayo®, đảo đều rồi tắt lửa, rắc thêm tiêu.","Cho món ăn ra dĩa, trang trí với ngò rí, dùng nóng với cơm trắng.","Chọn ngồng cải cọng mập, non, xanh tươi và có hoa.Thịt bò để ngăn đông sau đó cắt lát mỏng sẽ dễ dàng hơn.",Thịt bò xào ngồng cải,,,,,,,,,,,,,,,,
https://monngonmoingay.com/lau-ga-thai-lan/,https://monngonmoingay.com/wp-content/smush-webp/2015/08/IMG_7155-lau-ga-Thai-Lan.png.webp,https://www.youtube.com/channel/UC-2EWHDbHnx5JOeyWfLdIxQ,Lẩu gà Thái Lan,"Lẩu Thái thường có nguyên liệu chính là tôm, mực, hải sản các loại, nhưng hôm nay, chị em sẽ được “mục kích sở thị” một loại lẩu Thái nấu với gà, ăn ngon không kém gì Lẩu Thái hải sản đâu!",4 người,25 Phút,Dễ,"Lẩu, Thịt gà, Cà chua, Các loại thịt khác, Hải sản khác, Rau củ quả khác, Khác, Các loại rau, Cuối tuần, Lễ hội hóa trang, Sinh nhật, Món mặn, Món Á, Cha, Mẹ, Người lớn tuổi, Trẻ em","Gà : 1/2 con, Cà chua chín : 2 trái, Thơm : 1/4 trái, Sả : 1 cây, Lá chanh Bắc : 5 lá, Rau nhút : 200g, Rau muống bào : 200g, Rau chuối : 200g, Bún tươi : 500g, Hành tím, tỏi, riềng, ớt hiểm, Gia vị: Nước mắm, dầu ăn, Gia vị nêm sẵn Aji-Quick® Lẩu Thái, Gà : 1/2 con, Cà chua chín : 2 trái, Thơm : 1/4 trái, Sả : 1 cây, Lá chanh Bắc : 5 lá, Rau nhút : 200g, Rau muống bào : 200g, Rau chuối : 200g, Bún tươi : 500g, Hành tím, tỏi, riềng, ớt hiểm, Gia vị: Nước mắm, dầu ăn, Gia vị nêm sẵn Aji-Quick® Lẩu Thái","Gà chặt miếng vừa ăn, rau rửa sạch, cắt khúc, xếp ra đĩa. Cà chua cắt múi cau. Thơm cắt miếng mỏng. Sả đập dập, cắt khúc ngắn. Hành tím, tỏi, riềng băm nhỏ.","Cho vào nồi 1/2 chén dầu ăn, phi thơm hành tỏi và riềng, cho thơm và cà chua vào xào kỹ cho mềm, thêm 1.5L nước, cho sả vào, đun sôi, nêm vào 1 gói Aji-Quick® Gia vị nêm sẵn Lẩu Thái, khuấy đều. Cho gà vào nồi lẩu. Nấu cho gà chín, cho lá chanh và ớt hiểm vào.","Đun sôi nồi lẩu, khi ăn cho các loại rau vào, ăn kèm nước mắm ớt và bún.","Chọn gà ta khi nấu thịt sẽ chắc và ngon hơn.Vò sơ lá chanh trước khi cho vào nồi lẩu, giúp lẩu thơm ngon hơn.",Lẩu gà Thái Lan,,,,,,,,,,,,,,,,
https://monngonmoingay.com/hai-sam-xao-rau-cu/,https://monngonmoingay.com/wp-content/smush-webp/2015/08/201205230504530000006_hai-sam-xao-rau-cu-1.png.webp,https://www.youtube.com/channel/UC-2EWHDbHnx5JOeyWfLdIxQ,Hải sâm xào rau củ,"Được coi là một trong 8 món ăn “cao lương mỹ vị” nổi tiếng của phương Đông, chứa nhiều chất đạm, ít chất béo, hải sâm xào rau củ là món ăn ngon, rất bổ dưỡng và chế biến đơn giản.",4 người,15 Phút,Dễ,"Món Xào, Cà rốt, Hải sản khác, Rau củ quả khác, Củ quả, Thực đơn hàng ngày, Bữa trưa, Bữa tối, Cuối tuần, Sinh nhật, Lễ hội hóa trang, Giáng sinh, Món mặn, Các món ăn kèm, món phụ, Cha, Mẹ, Người lớn tuổi, Trẻ em","Hải sâm: 250g, Cà rốt: 50g, Củ năng: 50g, Đậu Hà Lan trái: 50g, Bắp non: 50g, Ớt sừng: 1 trái, Hành tây nhỏ: 1 củ, Gừng nhỏ: 2 củ, Tiêu, muối, dầu hào, rượu trắng, dầu ăn, Ngò rí, Hạt nêm Aji-ngon® Heo, Nước tương ""Phú Sĩ"", Hạt nêm Aji-ngon® Gà, Hải sâm: 250g, Cà rốt: 50g, Củ năng: 50g, Đậu Hà Lan trái: 50g, Bắp non: 50g, Ớt sừng: 1 trái, Hành tây nhỏ: 1 củ, Gừng nhỏ: 2 củ, Tiêu, muối, dầu hào, rượu trắng, dầu ăn, Ngò rí, Hạt nêm Aji-ngon® Heo, Nước tương ""Phú Sĩ"", Hạt nêm Aji-ngon® Gà","Hải sâm rã đông, rửa sạch, luộc qua nước có gừng đập dập, 1M rượu trắng, vớt ra, cắt miếng vừa ăn, ướp 1/2m hạt nêm Aji-ngon®, 1/2m tiêu, để thấm. Cà rốt tỉa hoa, cắt lát mỏng 5 li. Củ năng gọt vỏ, cắt lát. Chần qua củ năng, cà rốt, bắp non và đậu Hà Lan. Ơt cắt sợi, ngâm nước. Hành tây cắt mỏng. Gừng 1 củ cắt sợi, 1 củ đập dập.","Phi thơm gừng cắt sợi, xào nhanh hải sâm, thêm các loại rau củ và hành tây vào xào, nêm 1/2m hạt nêm Aji-ngon®, 1M dầu hào, xào vừa chín tới, tắt lửa, thêm ngò rí, tiêu.","Cho hải sâm xào ra dĩa, trang trí thêm ớt cắt sợi và ngò rí, chấm kèm Nước tương “Phú Sĩ” và ớt cắt lát.","Chọn hải sâm dầy, chắc thịt, màu sáng và có độ đàn hồi tốt.Luộc hải sâm trong nước có gừng và rượu giúp giảm mùi tanh và tăng thêm hương vị cho món ăn.",Hải sâm xào rau củ,,,,,,,,,,,,,,,,
https://monngonmoingay.com/thit-bo-xao-la-lot/,https://monngonmoingay.com/wp-content/smush-webp/2015/08/1-ThitBoXaoLaLot_CQC2315.png.webp,https://www.youtube.com/channel/UC-2EWHDbHnx5JOeyWfLdIxQ,Thịt bò xào lá lốt,"Thịt bò xào lá lốt cũng là một món ngon không kém món Bò nướng lá lốt. Miếng bò chín mềm vẫn giữ được vị ngọt, lá lốt thơm mùi đặc trưng. Ngoài ra còn có vị beo béo ngọt ngọt của kẹo đậu phộng. Món ăn có nguyên liệu đơn giản nhưng rất hấp dẫn đúng không các bạn!",4 người,10 Phút,Dễ,"Món Xào, Thịt bò, Rau củ quả khác, Thực đơn hàng ngày, Món mặn, Các món ăn kèm, món phụ","Thịt bò phi-lê : 250g, Lá lốt : 100g, Sả cây : 1 cây, Hành tây : 1/2 củ, Kẹo đậu phộng giã nhuyễn : 2M, Hành tỏi băm, Ớt sừng cắt sợi, Tiêu, bột cà ri, dầu ăn, Hạt nêm Aji-ngon® Heo, Nước tương ""Phú Sĩ"", Thịt bò phi-lê : 250g, Lá lốt : 100g, Sả cây : 1 cây, Hành tây : 1/2 củ, Kẹo đậu phộng giã nhuyễn : 2M, Hành tỏi băm, Ớt sừng cắt sợi, Tiêu, bột cà ri, dầu ăn, Hạt nêm Aji-ngon® Heo, Nước tương ""Phú Sĩ""","Thịt bò cắt lát mỏng ngang sớ. Lá lốt cắt sợi bản 1cm. Hành tây cắt múi cau. Sả cắt khúc đập dập. Ớt sừng cắt sợi. Ướp thịt bò với 1M hành tỏi băm, 1M dầu ăn, 1M nước tương “Phú Sĩ”, 1m hạt nêm Aji-ngon®, 1M kẹo đậu phộng, 1/3m bột cà ri và 1/3m tiêu để thấm 5 phút.","Phi thơm sả, hành tỏi băm cho thơm, cho thịt bò vào xào với lửa lớn, cho tiếp hành tây vào, nêm 1/3m hạt nêm Aji-ngon®, cho lá lốt, ớt sợi rồi đảo nhanh tay, tắt lửa.","Cho bò xào lá lốt ra dĩa, rắc 1M kẹo đậu phộng, ớt sợi. Dọn kèm nước tương và ớt sừng cắt lát.","Có thể sử dụng đậu phộng rang giã bể để thay cho kẹo đậu phộng.Xào thịt với lửa lớn, thật nhanh để thịt chín vừa, sẽ giữ được độ mềm của thịt bò.",Thịt bò xào lá lốt,,,,,,,,,,,,,,,,
https://monngonmoingay.com/tom-muc-chien-gion/,https://monngonmoingay.com/wp-content/smush-webp/2015/08/IMG-0062-tom-muc-chien-gion.png.webp,https://www.youtube.com/channel/UC-2EWHDbHnx5JOeyWfLdIxQ,Tôm mực chiên giòn,"Một món ăn ngon mà chế biến rất nhanh gọn, dễ dàng.",4 người,10 Phút,Dễ,"Chiên, Mực/Bạch tuộc, Tôm, Khác, Thực đơn hàng ngày, Cuối tuần, Giáng sinh, Lễ hội hóa trang, Sinh nhật, Món nhậu, Món mặn, Các món ăn kèm, món phụ, Cha, Mẹ, Người lớn tuổi, Trẻ em","Mực ống: 200g, Tôm sú: 200g, Mù tạt xanh, ngò rí, Tiêu, Aji-Quick® Bột Chiên Giòn, Xốt Mayonnaise Aji-mayo® Vị Nguyên Bản, Mực ống: 200g, Tôm sú: 200g, Mù tạt xanh, ngò rí, Tiêu, Aji-Quick® Bột Chiên Giòn, Xốt Mayonnaise Aji-mayo® Vị Nguyên Bản","Tôm lột vỏ, chừa đuôi, xẻ dọc sống lưng, lộn quả đào, ướp với 1/2m tiêu. Mực làm sạch, cắt khoanh dày 7 li, ướp với 1/2m tiêu.","Pha Aji-Quick® Bột Chiên Giòn Hải Sản theo hướng dẫn. Nhúng tôm, mực qua bột rồi chiên chín vàng, vớt ra để ráo dầu. Làm xốt chấm: trộn đều 2M xốt Mayonnaise Aji-Mayo® với 2m mù tạt xanh và 1m ngò băm.","Xếp tôm, mực chiên giòn ra đĩa, ăn nóng, chấm kèm xốt Mayonnaise Aji-Mayo® pha.",Chiên lửa lớn để hải sản không bị dai và chảy nước.Aji-Quick® Bột Chiên Giòn Hải Sản đã có sẵn gia vị nên rất tiện dụng và vừa ăn.,Tôm mực chiên giòn,,,,,,,,,,,,,,,,
https://monngonmoingay.com/cuon-ga-khai-vi/,https://monngonmoingay.com/wp-content/smush-webp/2015/08/IMG_0460-cuon-ga-khai-vi.png.webp,https://www.youtube.com/channel/UC-2EWHDbHnx5JOeyWfLdIxQ,Cuốn gà khai vị,"Đây là món khai vị rất ngon, chua chua béo béo, ăn kèm với rau quả như dưa leo, thơm, cà chua bi, vừa vui mắt lại vừa tốt cho sức khỏe nữa trong mùa hè nóng nực.",4 người,15 Phút,Dễ,"Khác, Thịt gà, Thịt heo, Rau củ quả khác, Các loại thịt khác, Cuối tuần, Giáng sinh, Lễ hội hóa trang, Sinh nhật, Món mặn, Các món ăn kèm, món phụ, Cha, Mẹ, Người lớn tuổi, Trẻ em","Thịt ức gà: 200g, Lạp xưởng: 4 cây, Cà chua bi: 10 trái, Bột xù: 1 chén, Ngò tây, Hành tỏi băm, nước hành tỏi 1 ít thơm, dưa leo, Tiêu, dầu ăn, Xốt Mayonnaise LISA, Hạt nêm Aji-ngon® Gà, Thịt ức gà: 200g, Lạp xưởng: 4 cây, Cà chua bi: 10 trái, Bột xù: 1 chén, Ngò tây, Hành tỏi băm, nước hành tỏi 1 ít thơm, dưa leo, Tiêu, dầu ăn, Xốt Mayonnaise LISA, Hạt nêm Aji-ngon® Gà","Ức gà cắt miếng bản to, dày 1cm, dùng màng bọc thực phẩm bao lại rồi dùng búa hoặc chai thủy tinh dần nhẹ cho mỏng đều 1 ly. Pha 1m hạt nêm Aji-ngon® với nước hành tỏi sau đó rưới đều lên thịt gà. Luộc lạp xưởng với ít nước đến khi cạn, sau đó áp chảo cho thơm. Đặt lạp xưởng lên trên thịt gà, cuộn tròn chặt lại, quết xốt Mayonnaise LISA lên cuốn gà, rắc lên 1 lớp bột xù. Thơm, dưa leo cắt miệng mỏng vừa ăn.","Đun nóng dầu ăn, cho cuốn gà vào chiên chín vàng, vớt ra để ráo dầu, sau đó cắt xéo miếng vừa ăn. Ghim gà vào que với các loại trái cây như dưa leo, thơm và cà chua bi.",Dùng nóng. Chấm kèm xốt Mayonnaise LISA.,Luộc lạp xưởng chín với ít nước sau đó áp chảo sẽ thơm hơn.Dùng màng bọc thực phẩm để khi dần thịt gà không bị dính và nát.Chiên gà trong chảo đáy bằng với lượng dầu ngập nửa cuốn gà là vừa đủ.,Cuốn gà khai vị,,,,,,,,,,,,,,,,
https://monngonmoingay.com/bo-cuon-xot-la-que/,https://monngonmoingay.com/wp-content/smush-webp/2015/08/IMG_4511-bo-cuon-xot-la-que.png.webp,https://www.youtube.com/channel/UC-2EWHDbHnx5JOeyWfLdIxQ,Bò cuộn xốt lá quế,Tết Tây sắp đến và các chị em nội trợ đã biết chuẩn bị món ăn nào đãi tiệc mừng năm mới chưa? Hôm nay MNMN sẽ bật mí một món ăn kiểu Tây có một loại nước xốt cực kì thơm ngon và đặc biệt để các chị em có thể thết đãi gia đình trong các bữa tiệc đầu năm nhé! Đó chính là món Bò cuộn xốt lá quế!,4 người,25 Phút,Dễ,"Khác, Thịt bò, Các loại thịt khác, Rau củ quả khác, Hải sản khác, Khác, Các loại rau, Cuối tuần, Giáng sinh, Lễ hội hóa trang, Sinh nhật, Món nhậu, Món mặn, Các món ăn kèm, món phụ, Cha, Mẹ, Người lớn tuổi, Trẻ em","Bò phi lê: 250g, Ba rọi muối: 6 miếng, Lá quế tây: 20g, Hạt điều băm: 30g, Phô mai bột: 10g, Tỏi băm: 1M, Dầu ăn, muối, tiêu, Mù tạt vàng, Hạt nêm Aji-ngon® Heo, Bò phi lê: 250g, Ba rọi muối: 6 miếng, Lá quế tây: 20g, Hạt điều băm: 30g, Phô mai bột: 10g, Tỏi băm: 1M, Dầu ăn, muối, tiêu, Mù tạt vàng, Hạt nêm Aji-ngon® Heo","Thịt bò cắt lát, đập mỏng 3mm, ướp 1 ít mù tạt và 1 ít hạt nêm Aji-ngon®. Xốt lá quế: cho 30g hạt điều, lá quế, 1m tỏi băm, 1/2m muối, 10g phô mai bột, 3M dầu ăn vào máy sinh tố xay nhuyễn.","Phết xốt lá quế lên trên miếng thịt bò, cuộn tròn, quấn thịt ba rọi muối bên ngoài, dùng tăm xiên giáp mí. Chiên lửa vừa đến khi cuộn thịt vừa chín tới, vàng đều bên ngoài.","Rút tăm ra khỏi thịt, xếp ra đĩa, ăn kèm với muối tiêu chanh.",Thoa ít nước lên bề mặt thịt để búa không bị dính khi đập.Xay hỗn hợp lá quế bằng máy xay sinh tố để lá quế thơm hơn.,Bò cuộn xốt lá quế,,,,,,,,,,,,,,,,
https://monngonmoingay.com/salad-buoi-tron-bo/,https://monngonmoingay.com/wp-content/smush-webp/2015/08/IMG-0059-salad-buoi-tron-bo.png.webp,https://www.youtube.com/channel/UC-2EWHDbHnx5JOeyWfLdIxQ,Salad bưởi trộn bơ,"Một món ăn ngon, bổ khỏe được làm từ các loại trái cây dồi dào vitamin, rất thích hợp cho mùa hè",4 người,10 Phút,Dễ,"Gỏi/Trộn, Trứng, Tôm, Rau củ quả khác, Các loại rau, Thực đơn hàng ngày, Bữa trưa, Bữa tối, Cuối tuần, Sinh nhật, Ngày hè, Lễ hội hóa trang, Giáng sinh, Món mặn, Các món ăn kèm, món phụ, Cha, Mẹ, Người lớn tuổi, Trẻ em","Bưởi: 150g, Bơ trái: 100g, Tôm đông lạnh: 150g, Trứng cút: 5 quả, Mè rang, chanh vàng, Tỏi băm, rau húng lủi, Gia vị: muối, tiêu, Xốt Mayonnaise Aji-mayo® Vị Nguyên Bản, Bưởi: 150g, Bơ trái: 100g, Tôm đông lạnh: 150g, Trứng cút: 5 quả, Mè rang, chanh vàng, Tỏi băm, rau húng lủi, Gia vị: muối, tiêu, Xốt Mayonnaise Aji-mayo® Vị Nguyên Bản","Tôm trụng sơ, cắt hạt lựu, ướp với ít muối. Bơ lột vỏ, cắt miếng vuông 1cm, Bưởi tách thành múi nhỏ. Chanh vắt lấy nước cốt, húng lủi cắt nhỏ, trứng cút luộc chín, cắt đôi","Pha xốt: trộn đều 1.5M mayonnaise “Aji-mayo” với 2m nước cốt chanh, 1/2m tỏi băm và 1 ít tiêu. Trộn đều bưởi với bơ, tôm và sốt mayonnaise đã pha","Xếp món salad ra đĩa, cho trứng cút lên mặt, rắc mè rang và rau húng lủi lên trên.","Dùng tôm đông lạnh sẽ giòn, ngon và phù hợp với món ăn hơn.Dùng chanh vàng sẽ có vị chua dịu và mùi thơm đặc biệt.",Salad bưởi trộn bơ,,,,,,,,,,,,,,,,
https://monngonmoingay.com/vien-tom-chien-toi-thi-la/,https://monngonmoingay.com/wp-content/smush-webp/2015/08/IMG_0018-vien-tom-chien-toi-thi-la.png.webp,https://www.youtube.com/channel/UC-2EWHDbHnx5JOeyWfLdIxQ,Viên tôm chiên tỏi thì là,"Viên tôm chiên tỏi thì là là món ăn rất hấp dẫn, mang vị chua béo hài hòa, mùi thơm dịu của tỏi, trong đó tỏi có tác dụng chống oxy hoá, chống đột biến tế bào, hạ độ mỡ trong máu và làm giảm nguy cơ máu đông, phù hợp cho cả trẻ em lẫn người lớn.",4 người,15 Phút,Dễ,"Chiên, Tôm, Rau củ quả khác, Trứng, Cuối tuần, Món mặn, Các món ăn kèm, món phụ, Cha, Mẹ, Người lớn tuổi, Trẻ em","Tôm hấp: 100g, Khoai tây: 300g, Bột mì: 1/2 chén, Trứng gà: 1 quả, Bột chiên xù: 1 chén, Thì là, tiêu, tỏi, dầu ăn, Xốt Mayonnaise LISA, ""AJINOMOTO"" Giấm gạo lên men, Tôm hấp: 100g, Khoai tây: 300g, Bột mì: 1/2 chén, Trứng gà: 1 quả, Bột chiên xù: 1 chén, Thì là, tiêu, tỏi, dầu ăn, Xốt Mayonnaise LISA, ""AJINOMOTO"" Giấm gạo lên men","Tôm cắt hạt lựu to, ướp thì là băm, 1/3m muối, tiêu. Khoai tây luộc chin, bóc vỏ, tán nhuyễn. Tỏi luộc chín, bóc vỏ, tán nhỏ với khoai tây, cho ít muối, tiêu. Trứng đánh tan.","Chia khoai tây làm 8 phần, cho tôm và xốt Mayonnaise LISA vào giữa, vo viên tròn. Lăn viên tôm qua bột mì, nhúng qua trứng rồi tẩm bột xù sau đó chiên chín vàng, vớt ra để ráo dầu.","Xếp viên tôm ra dĩa, dùng nóng.",Giữ xốt Mayonnaise LISA trong tủ lạnh để dễ tạo hình.Chiên viên tôm lửa vừa để khoai tây không bị vỡ và xốt không bị chảy ra ngoài.Luộc tỏi giúp hương tỏi dịu đi và không bị hăng.,Viên tôm chiên tỏi thì là,,,,,,,,,,,,,,,,
https://monngonmoingay.com/tom-su-san-ho/,https://monngonmoingay.com/wp-content/smush-webp/2015/08/TomSuSanHo_CQC8476.png.webp,https://www.youtube.com/channel/UC-2EWHDbHnx5JOeyWfLdIxQ,Tôm sú san hô,Mang phong vị của đại dương lên bàn ăn gia đình? Hãy chiêu đãi cả nhà với những nhánh san hô kết bằng tôm và nấm kim châm với món “Tôm sú san hô” giòn rụm thơm ngon bạn nhé!,4 người,15 Phút,Dễ,"Chiên, Tôm, Nấm, Các loại thịt khác, Hải sản khác, Rau củ quả khác, Khác, Thực đơn hàng ngày, Cuối tuần, Món nhậu, Món mặn, Các món ăn kèm, món phụ, Ăn vặt, Cha, Mẹ, Người lớn tuổi, Trẻ em","Nấm kim châm : 200g, Tôm sú : 150g, Húng lủi, dầu ăn, tương ớt, Aji-Quick® Bột Chiên Giòn, Xốt Mayonnaise Aji-mayo® Vị Nguyên Bản, Nấm kim châm : 200g, Tôm sú : 150g, Húng lủi, dầu ăn, tương ớt, Aji-Quick® Bột Chiên Giòn, Xốt Mayonnaise Aji-mayo® Vị Nguyên Bản","Tôm sú bóc vỏ, chừa đuôi, chẻ lưng, rút chỉ. Các loại nấm rửa sạch, để ráo. Húng lủi băm nhỏ.","Pha gói Aji-Quick® Bột Chiên Giòn Hải Sản với lượng nước như trên bao bì. Đun nóng dầu ăn trong chảo, nhúng tôm và các loại nấm vào bột cho vào chảo chiên đến khi vàng giòn, vớt ra, để ráo. Pha xốt: 1M tương ớt và 2M xốt Mayonnaise Aji-Mayo®, một ít húng lủi băm và một ít tiêu.","Cho nấm và tôm chiên giòn ra dĩa, chấm kèm với xốt.","Khi cho nấm vào chảo dầu nên vẩy nhẹ để nấm xòe ra, được tạo hình đẹp.Chiên tôm trước khi chiên nấm để dầu ít có vụn bột.",Tôm sú san hô,,,,,,,,,,,,,,,,
https://monngonmoingay.com/than-heo-cuon-dua/,https://monngonmoingay.com/wp-content/smush-webp/2015/08/ThanHeoCuonDua_CQC8338.png.webp,https://www.youtube.com/channel/UC-2EWHDbHnx5JOeyWfLdIxQ,Thăn heo cuộn dừa,"Ngoài giòn tan, giữa ngọt thịt, trong béo ngậy. Ba cung bậc của vị giác nay được kết hợp tài tình trong món “Thăn heo cuộn dừa”. Bạn sẽ “quyến rũ” cả nhà với món ăn hấp dẫn này ngay mà xem!",4 người,25 Phút,Dễ,"Khác, Thịt heo, Trứng, Các loại thịt khác, Hải sản khác, Rau củ quả khác, Khác, Thực đơn hàng ngày, Cuối tuần, Món mặn, Các món ăn kèm, món phụ, Cha, Mẹ, Trẻ em","Thăn heo : 300g, Bột xù : 100g, Bột mì : 50g, Dừa rám bào sợi : 100g, Nước cốt dừa : 2M, Nước sả : 1M, Nước hành tím : 1M, Nước tỏi : 1M, Nước gừng : 1M, Trứng gà : 1 quả, Đậu phộng giã nhỏ : 1M, Gừng cắt nhỏ : 1M, Ớt cắt nhỏ : 1M, Dầu ăn, tiêu,nước mắm, Hạt nêm Aji-ngon® Heo, Xốt Mayonnaise Aji-mayo® Vị Nguyên Bản, Thăn heo : 300g, Bột xù : 100g, Bột mì : 50g, Dừa rám bào sợi : 100g, Nước cốt dừa : 2M, Nước sả : 1M, Nước hành tím : 1M, Nước tỏi : 1M, Nước gừng : 1M, Trứng gà : 1 quả, Đậu phộng giã nhỏ : 1M, Gừng cắt nhỏ : 1M, Ớt cắt nhỏ : 1M, Dầu ăn, tiêu,nước mắm, Hạt nêm Aji-ngon® Heo, Xốt Mayonnaise Aji-mayo® Vị Nguyên Bản","Thăn heo cắt miếng 1cm, dùng búa đập mỏng còn 1 li, ướp với 2M nước hành tím, 1M nước tỏi, 1M nước sả, 1M nước gừng, 2M nước cốt dừa, 1/2M nước mắm, 1/2M hạt nêm Aji-ngon®, để 15 phút cho thấm vị. Đặt miếng heo lên dĩa, cho dừa bào sợi vào cuộn lại, để tủ lạnh 15 phút.","Làm xốt: trộn đều hỗn hợp gồm 3M xốt Mayonnaise Aji-Mayo®, 1M ớt cắt nhỏ, 1M gừng cắt nhỏ, 1M đậu phộng giã nhỏ. Trộn đều bột mì với 1 lòng đỏ trứng gà và 1/2 chén nước lọc, tạo hỗn hợp bột mì có độ sánh sệt vừa. Nhúng cuộn heo vào hỗn hợp bột mì, lăn qua bột xù, cho vào chảo dầu chiên chín vàng.","Xếp cuộn heo ra dĩa, chấm kèm xốt đã pha.",Sử dụng dừa rám để món ăn có độ dẻo và không bị cứng.Giữ thăn heo trong tủ lạnh để định hình thăn heo khi chiên.,Thăn heo cuộn dừa,,,,,,,,,,,,,,,,
https://monngonmoingay.com/chao-nam-tram/,https://monngonmoingay.com/wp-content/smush-webp/2015/08/IMG_0693-chao-nam-tram.png.webp,https://www.youtube.com/channel/UC-2EWHDbHnx5JOeyWfLdIxQ,Cháo nấm tràm,"Sự kết hợp của vị ngọt của tôm, thịt và vị nhân nhẫn của nấm tạo nên món cháo nấm tràm không những ngon, còn dễ tiêu hóa và thích hợp cho tiết hè nóng bức.",4 người,15 Phút,Dễ,"Canh/Súp, Hầm, Thịt heo, Tôm, Nấm, Trứng, Gạo, Rau củ quả khác, Bữa tối, Cuối tuần, Ngày hè, Món mặn, Cha, Mẹ, Người lớn tuổi, Trẻ em","Tôm thẻ tươi: 100g, Nước dùng: 1 lít, Thịt nạc dăm xay: 100g, Gạo thơm: 1/2 chén, Nấm tràm khô: 50g, Trứng vịt: 1 trứng, Hành tím băm, Hành ngò, chanh ớt, Tiêu, nước mắm, Hạt nêm Aji-ngon® Heo, Tôm thẻ tươi: 100g, Nước dùng: 1 lít, Thịt nạc dăm xay: 100g, Gạo thơm: 1/2 chén, Nấm tràm khô: 50g, Trứng vịt: 1 trứng, Hành tím băm, Hành ngò, chanh ớt, Tiêu, nước mắm, Hạt nêm Aji-ngon® Heo","Gạo vo sạch, nấu cháo với nước dùng cho gạo nở. Ngâm nấm vào nước vo gạo, rửa lại nhiều lần, vắt ráo, xé nhỏ. Hành ngò cắt nhỏ. Ớt cắt khoanh.",,"Múc cháo ra chén, thêm hành ngò, rắc tiêu. Dùng nóng, thêm chanh, ớt tùy khẩu vị.","Nấm tràm khô ngâm nở với nước vo gạo cho sạch cát.Xào nấm với hạt nêm Aji-ngon® giúp nấm có vị đậm đà, khi cho vào cháo sẽ ngon hơn.Cho lòng trắng trứng vịt vào quết cùng tôm thịt để tôm thịt không bị khô.",Cháo nấm tràm,,,,,,,,,,,,,,,,
https://monngonmoingay.com/bo-cuon-ba-roi-xong-khoi-chien/,https://monngonmoingay.com/wp-content/smush-webp/2015/08/BÒ-CUỘN-BA-RỌI-XÔNG-KHÓI_CQC1552.png.webp,https://www.youtube.com/channel/UC-2EWHDbHnx5JOeyWfLdIxQ,Bò cuộn ba rọi xông khói,"Món Âu dễ làm mà cực kỳ hấp dẫn! Hãy thử nghiệm với công thức Bò cuộn ba rọi xông khói chiên. Cuộn bò ngoài giòn trong mềm, gia vị đậm đà, thị không bị khô, quyện cùng bị béo béo cay cay của xốt đặc biệt từ các đầu bếp Món Ngon Mỗi Ngày, đảm bảo không những người lớn mà các bé yêu cũng mê tít món này đấy!",4 người,25 Phút,Dễ,"Chiên, Thịt bò, Các loại thịt khác, Củ quả, Rau củ quả khác, Cuối tuần, Món mặn, Các món ăn kèm, món phụ, Ăn vặt, Món Âu, Trẻ em, Mẹ, Cha","Thịt bò phi lê : 400g, Thịt bò xay : 100g, Thịt ba rọi xông khói cắt nhỏ : 100g, Cà rốt cắt nhỏ : 30g, Hành tây cắt nhỏ : 30g, Cọng cần tàu cắt nhỏ : 2m, Rượu brandy : 1m, Rau mầm, Cà chua bi, Bột mì, dầu ăn, muối, tiêu, tương ớt, Hạt nêm Aji-ngon® Gà, Xốt Mayonnaise Aji-mayo® Vị Nguyên Bản, Aji-Quick® Bột Chiên Giòn, Thịt bò phi lê : 400g, Thịt bò xay : 100g, Thịt ba rọi xông khói cắt nhỏ : 100g, Cà rốt cắt nhỏ : 30g, Hành tây cắt nhỏ : 30g, Cọng cần tàu cắt nhỏ : 2m, Rượu brandy : 1m, Rau mầm, Cà chua bi, Bột mì, dầu ăn, muối, tiêu, tương ớt, Hạt nêm Aji-ngon® Gà, Xốt Mayonnaise Aji-mayo® Vị Nguyên Bản, Aji-Quick® Bột Chiên Giòn",Cắt thịt bò thành từng miếng dày khoảng 0.5cm. Dùng búa dần mỏng.,"Chuẩn bị nhân: Xào thịt ba rọi xông khói cho tươm mỡ, cho cọng cần tàu, cà rốt, hành tây xào chín trút ra dĩa, cho thêm thịt bò xay vào. Nêm 1/2m tiêu và 1/2m hạt nêm Aji-ngon® vào nhân Đặt miếng bò lên thớt, rắc một ít Aji-Quick® Bột chiên gà giòn lên trên, cho nhân đã xào vào, cuộn chặt tay, dùng tăm gài mí. Đun nóng dầu trong chảo, chiên thịt bò vàng và đốt rượu brandy cho thơm. Pha xốt: Trộn đều 1M tương ớt với 3M xốt mayonnaise “Aji-Mayo”.","Cho rau mầm và cà chua ra dĩa, cắt bò thành miếng vừa ăn đặt lên trên, ăn kèm với xốt đã pha.",Trộn thịt heo xông khói vào nhân giúp giữ cho cuốn bò mềm và không bị khô.Dùng Aji-Quick® Bột chiên gà giòn để ướp và làm chất kết dính của nhân và thịt.Đốt rượu brandy để món ăn thơm và ngon hơn,Bò cuộn ba rọi xông khói,,,,,,,,,,,,,,,,
https://monngonmoingay.com/canh-khe-ca-com/,https://monngonmoingay.com/wp-content/smush-webp/2015/08/0491-canh-khe-ca-com.png.webp,https://www.youtube.com/channel/UC-2EWHDbHnx5JOeyWfLdIxQ,Canh khế cá cơm,"Đây là món canh dân dã đặc trưng của miền Trung, đơn giản và ngon miệng, là món ăn giải nhiệt đặc biệt của mùa hè nóng nực.",4 người,15 Phút,Dễ,"Canh/Súp, Cá, Rau củ quả khác, Bữa trưa, Bữa tối, Ngày hè, Món mặn, Trung, Cha, Mẹ, Người lớn tuổi, Trẻ em","Cá cơm tươi: 100g, Khế chua: 3 trái, Rau răm: 1 ít, Cà chua: 1 trái, Hành tím băm: 1M, Ớt bột, nước mắm, dầu ăn, Hạt nêm Aji-ngon® Gà, Cá cơm tươi: 100g, Khế chua: 3 trái, Rau răm: 1 ít, Cà chua: 1 trái, Hành tím băm: 1M, Ớt bột, nước mắm, dầu ăn, Hạt nêm Aji-ngon® Gà","Khế rửa sạch, 1/2 phần cắt sợi dày 0,5cm, giã sơ; 1/2 phần còn lại cắt lát ngôi sao. Cà chua cắt múi cau. Rau răm cắt nhỏ.","Phi thơm hành tím băm, cho cá vào xào sơ, thêm 1m ớt bột, cá săn thì cho 1 lít nước vào nấu sôi, tiếp tục cho cà chua và khế vào nấu khoảng 3 phút, nêm 2M hạt nêm Aji-ngon®, 1M nước mắm, nếm vị vừa ăn, thêm rau răm, tắt bếp.","Múc canh ra tô, dùng nóng với cơm.","Chọn trái khế chua, mọng nước thì nước canh sẽ thanh hơn mà không bị chát.Xào cá cơm với ớt bột và hành tím để khử mùi tanh và tăng hương vị, màu sắc cho món ăn.",Canh khế cá cơm,,,,,,,,,,,,,,,,
https://monngonmoingay.com/canh-rieu-cua/,https://monngonmoingay.com/wp-content/smush-webp/2015/08/0590-canh-rieu-cua.png.webp,https://www.youtube.com/channel/UC-2EWHDbHnx5JOeyWfLdIxQ,Canh riêu cua,"Món canh chua giúp cân bằng thân nhiệt, vừa bổ sung nước cho cơ thể lại hợp khẩu vị cho tất cả mọi người, đây là một món canh thông dụng của miền Bắc vào mùa hè oi bức.",4 người,15 Phút,Dễ,"Canh/Súp, Rau củ quả khác, Hải sản khác, Bữa trưa, Bữa tối, Ngày hè, Món mặn, Cha, Mẹ, Người lớn tuổi, Trẻ em","Cua xay nhuyễn: 200g, Gạch cua, Cà chua chín: 2 trái, Thì là: 80g, Hành lá: 6 cây, Cơm mẻ, Dầu ăn, Hạt nêm Aji-ngon® Heo, Cua xay nhuyễn: 200g, Gạch cua, Cà chua chín: 2 trái, Thì là: 80g, Hành lá: 6 cây, Cơm mẻ, Dầu ăn, Hạt nêm Aji-ngon® Heo","Cua cho vào nước lạnh, khuấy đều và lọc lấy 1 lít nước cua, nêm 1m hạt nêm Aji-ngon®, hòa tan. Cà chua băm múi mỏng. Thì là, hành lá cắt khúc 4cm. Đầu hành lá băm nhỏ. Cơm mẻ lọc lấy khoảng 5M-6M.","Phi thơm đầu hành trắng với 1M dầu ăn, cho cà chua vào xào chín sau đó thêm gạch cua vào xào. Nấu nước cua cho sôi, cho cà chua đã xào vào, nêm 3M hạt nêm Aji-ngon®, nước mẻ, cho tiếp thì là, hành lá rồi tắt bếp.","Múc canh ra tô, dùng nóng với cơm trắng.","Nêm hạt nêm Aji-ngon® vào nước cua trước khi nấu để món cua được thơm ngon hơn.Cà chua đã xào mềm khi cho vào canh sẽ có màu đẹp hơn.Nấu nước cua lửa lớn, khi thịt cua bắt đầu nổi thì bớt lửa để thịt cua đóng váng chắc.",Canh riêu cua,,,,,,,,,,,,,,,,
https://monngonmoingay.com/thit-ba-chi-nuong-trai-cay/,https://monngonmoingay.com/wp-content/smush-webp/2015/08/0263-thit-ba-chi-nuong-trai-cay.png.webp,https://www.youtube.com/channel/UC-2EWHDbHnx5JOeyWfLdIxQ,Thịt ba chỉ nướng trái cây,"Với những nguyên liệu đơn giản và không mất nhiều thời gian chế biến, có thể đổi mới thành món ăn mới lạ, hấp dẫn, rất thích hợp cho những bữa tiệc mùa hè.",4 người,15 Phút,Dễ,"Nướng, Thịt heo, Rau củ quả khác, Cuối tuần, Ngày hè, Món mặn, Cha, Mẹ, Trẻ em","Thịt ba chỉ không da: 200g, Nước cốt hành: 1m, Nước cốt tỏi: 1m, Nước cốt thơm: 1M, Thơm: 1/4 trái, Đậu que: 5 cọng, Lê: 1 trái, Tương ớt, mật ong, tiêu, dầu ăn, Nước tương ""Phú Sĩ"", Xốt Mayonnaise Aji-mayo® Vị Nguyên Bản, Hạt nêm Aji-ngon® Heo, Thịt ba chỉ không da: 200g, Nước cốt hành: 1m, Nước cốt tỏi: 1m, Nước cốt thơm: 1M, Thơm: 1/4 trái, Đậu que: 5 cọng, Lê: 1 trái, Tương ớt, mật ong, tiêu, dầu ăn, Nước tương ""Phú Sĩ"", Xốt Mayonnaise Aji-mayo® Vị Nguyên Bản, Hạt nêm Aji-ngon® Heo","Thịt ba chỉ cắt lát mỏng, ướp 2m tương ớt, 1m mật ong, 1m nước cốt hành tỏi, 1/2m tiêu, 1M nước cốt thơm, 1/2m hạt nêm Aji-ngon®, 2M xốt Mayonnaise Aji-mayo®, 2m nước tương Phú Sĩ, để thấm. Thơm, lê gọt vỏ, cắt miếng vừa ăn. Đậu que cắt khúc ngắn. Lần lượt xiên thịt xen kẽ với thơm, lê và đậu que.","Cho ít dầu vào chảo, chờ dầu nóng, cho xiên thịt vào nướng áp chảo đến khi chín vàng.","Trình bày món ăn ra dĩa, dùng kèm cà chua bi, rau thơm.",Ướp thịt ba chỉ với nước cốt thơm sẽ làm thịt mềm và ngon hơn. Xốt Mayonnaise Aji-mayo® sẽ giúp cho thịt được mềm và ngon hơn khi nướng.,Thịt ba chỉ nướng trái cây,,,,,,,,,,,,,,,,
https://monngonmoingay.com/canh-bap-cai-goi-thit/,https://monngonmoingay.com/wp-content/smush-webp/2015/08/IMG-1355-canh-bap-cai-goi-thit.png.webp,https://www.youtube.com/channel/UC-2EWHDbHnx5JOeyWfLdIxQ,Canh bắp cải gói thịt,"Canh bắp cải gói thịt là một món ăn đầy đủ chất dinh dưỡng, dễ nấu lại rất thích hợp với các gia đình trong dịp xuân.",4 người,30 Phút,Dễ,"Canh/Súp, Nấm, Các loại thịt khác, Các loại rau, Rau củ quả khác, Bữa trưa, Bữa tối, Tết, Món mặn, Cha, Mẹ, Người lớn tuổi, Trẻ em","Thịt xay: 150g, Giò sống: 50g, Nước hầm xương: 1 lít, Bắp cải trắng: 1 cái, Nấm mèo: 2 tai, Nấm hương: 5 tai, Cà rốt: 1 củ, Hành lá, ngò rí, Muối, tiêu, hành phi, nước mắm, Hạt nêm Aji-ngon® Heo, Thịt xay: 150g, Giò sống: 50g, Nước hầm xương: 1 lít, Bắp cải trắng: 1 cái, Nấm mèo: 2 tai, Nấm hương: 5 tai, Cà rốt: 1 củ, Hành lá, ngò rí, Muối, tiêu, hành phi, nước mắm, Hạt nêm Aji-ngon® Heo","Bắp cải tách lấy lá, chần qua trong nước sôi có nêm 1 ít muối. Hành lá rửa sạch, đầu hành băm nhuyễn, lá hành chần sơ qua nước sôi. Nấm mèo ngâm nở, cắt sợi, ướp với 1 ít tiêu. Nấm hương ngâm nở, cắt sợi. Cà rốt gọt vỏ, 50g tỉa bông, cắt lát, 30g cắt sợi. Ngò rí rửa sạch, cắt nhỏ, để riêng cọng và lá.","Trộn nhân: cho thịt xay, 1M cà rốt cắt sợi, 1M nấm mèo, 1M nấm hương, 1m hành phi, 1m đầu hành và cọng ngò rí băm vào tô, nêm 1m hạt nêm Aji-ngon®, 1/3m muối và 1/3m tiêu, trộn đều, cuối cùng cho giò sống vào, dùng muỗng tán đều. Dùng lá bắp cải gói nhân lại, đặt hoa cà rốt lên trên, dùng cọng hành cột lại. Đun sôi nước dùng, cho gói bắp cải vào nấu, nêm 1M hạt nêm Aji-ngon®, 1/2M nước mắm và 1/2m tiêu, nấu đến khi gói bắp cải chín, tắt bếp.","Múc canh ra tô, rắc hành ngò lên trên, dùng nóng với cơm.","Chọn bắp cải Đà Lạt loại lớn vì gân lá nhỏ, dễ gói hơn.Nếu không có thời gian nấu nước dùng, nên sử dụng 1,5M hạt nêm Aji-ngon® cho 1 lít nước.",Canh bắp cải gói thịt,,,,,,,,,,,,,,,,
https://monngonmoingay.com/ca-basa-chien-gion-vi-chanh/,https://monngonmoingay.com/wp-content/smush-webp/2015/08/10_CQC1391-ca-ba-sa-chien-gion-vi-chanh.png.webp,https://www.youtube.com/channel/UC-2EWHDbHnx5JOeyWfLdIxQ,Cá basa chiên giòn vị chanh,"Vừa cắn vào một miếng cá basa chiên giòn là ta có thể cảm nhận được mùi thơm lừng của lá chanh, vị giòn ghiền ơi là ghiền của lớp bột áo bên ngoài cá và không kém phần hấp dẫn chính là vị béo nhẹ chua chua của xốt mayonnaise đó.",4 người,15 Phút,Dễ,"Chiên, Cá, Củ quả, Rau củ quả khác, Cuối tuần, Món nhậu, Món mặn, Các món ăn kèm, món phụ, Ăn vặt, Cha, Mẹ, Người lớn tuổi, Trẻ em","File cá basa : 300g, Cà chua bi : 100g, Cải xoong : 100g, Hành tây : 1/2 củ, Vỏ chanh muối (băm nhỏ) : 1/2 trái, Nước cốt chanh : 1/2 M, Tỏi băm : 1M, Lá chanh Bắc : 5 lá, Tương xí muội : 1M, Ngò rí, Dầu ăn, ""AJINOMOTO"" Giấm gạo lên men, Aji-Quick® Bột Chiên Giòn, File cá basa : 300g, Cà chua bi : 100g, Cải xoong : 100g, Hành tây : 1/2 củ, Vỏ chanh muối (băm nhỏ) : 1/2 trái, Nước cốt chanh : 1/2 M, Tỏi băm : 1M, Lá chanh Bắc : 5 lá, Tương xí muội : 1M, Ngò rí, Dầu ăn, ""AJINOMOTO"" Giấm gạo lên men, Aji-Quick® Bột Chiên Giòn","Lá chanh 1/2 căt sợi, 1/2 cắt nhỏ. Cá cắt thanh dày 5-6 cm. Ướp cá với 1M tỏi băm, 1/3M tiêu, 1/2 M nước cốt chanh và 1/3M lá chanh cắt nhỏ, cho vào tủ mát khoảng 10 phút.","Pha xốt chấm: 2M xốt Mayonnaise Aji-Mayo®, 1M tương xí muội, 1/2M vỏ chanh muối băm và 1/2M lá chanh cắt sợi. Pha Aji-Quick® Bột Chiên Giòn Hải Sản với lượng nước như trên bao bì. Đun nóng dầu ăn, nhúng cá vào bột rồi thả vào chiên chín vàng giòn, vớt ra để ráo.","Ăn kèm với cải xoong, cà bi, hành tây trộn dầu giấm.",Cắt cá thành que theo chiều dọc giúp miếng cá đồng đều.Cho ít nước cốt chanh và lá chanh vào cá giúp cá giảm tanh và tăng hương vị đặc biệt hơn.,Cá basa chiên giòn vị chanh,,,,,,,,,,,,,,,,
https://monngonmoingay.com/ga-cuon-khoai-chien-gion/,https://monngonmoingay.com/wp-content/smush-webp/2015/08/9_CQC1355-ga-cuon-khoai-chien-gion.png.webp,https://www.youtube.com/channel/UC-2EWHDbHnx5JOeyWfLdIxQ,Gà cuộn khoai chiên giòn,"Cuộn gà vàng đều thật đẹp mắt. Cắn vào miếng đầu tiên sẽ cảm nhận ngay được độ giòn và mùi thơm của thịt gà bên ngoài, kế đến là vị bùi bùi của nhân khoai, beo béo của thịt bên trong cuộn gà. Đảm bảo các bé sẽ rất thích đó các mẹ ơi!",4 người,20 Phút,Dễ,"Chiên, Thịt gà, Thịt heo, Rau củ quả khác, Cuối tuần, Sinh nhật, Món mặn, Các món ăn kèm, món phụ, Cha, Mẹ, Người lớn tuổi, Trẻ em","Ức gà phi lê: 500g, Khoai môn cau: 30g, Thịt ba chỉ: 50g, Khoai lang: 30g, Nước tỏi: 2M, Hành lá: 2 cọng, Bột năng, tương ớt, dầu ăn, tiêu, Xà lách, Hạt nêm Aji-ngon® Gà, Aji-Quick® Bột Tẩm Khô Chiên Giòn, Ức gà phi lê: 500g, Khoai môn cau: 30g, Thịt ba chỉ: 50g, Khoai lang: 30g, Nước tỏi: 2M, Hành lá: 2 cọng, Bột năng, tương ớt, dầu ăn, tiêu, Xà lách, Hạt nêm Aji-ngon® Gà, Aji-Quick® Bột Tẩm Khô Chiên Giòn","Lạng mỏng ức gà, dùng búa đập nhẹ. Thịt ba chỉ cắt que. Ướp thịt gà và thịt ba chỉ với 2M nước tỏi, 1/4M tiêu, 1M hạt nêm Aji-ngon® để thấm 10 phút. Khoai lang, khoai môn cắt thanh cỡ que diêm. Hành lá cắt khúc. Bột năng trộn với ít nước làm hồ dán. Đặt miếng thịt gà lên thớt, xếp khoai lang, khoai môn, thịt và hành lá vào cuộn lại. Dùng hồ dán mí.","Đun nóng dầu ăn, lần lượt lăn cuộn gà qua Aji-Quick® Bột Chiên Gà Giòn, sau đó đem chiên chín vàng, vớt ra để ráo dầu.","Xếp gà cuộn khoai chiên giòn ra dĩa, dùng kèm xà lách, chấm xốt Mayonnaise Aji-Mayo® pha tương ớt (tỉ lệ 2:1).",Lót miếng nilon trên miếng gà đã lạng rồi dùng búa dần nhẹ để gà không bị nát.Ướp nước tỏi vào gà để tăng mùi thơm cho món ăn.,Gà cuộn khoai chiên giòn,,,,,,,,,,,,,,,,
https://monngonmoingay.com/thit-cuon-rau-cu/,https://monngonmoingay.com/wp-content/smush-webp/2015/08/IMG-1117-thit-cuon-rau-cu.png.webp,https://www.youtube.com/channel/UC-2EWHDbHnx5JOeyWfLdIxQ,Thịt cuốn rau củ,"Thịt cuốn rau củ là món ăn đảm bảo tiêu chí lạ mà ngon, dễ làm và đẹp mắt, để bổ sung vào thực đơn cuối tuần của gia đình.",4 người,20 Phút,Dễ,"Khác, Thịt heo, Củ quả, Rau củ quả khác, Cuối tuần, Người lớn tuổi, Mẹ, Cha","Thịt nạc thăn: 200g, Tía tô: 3 cây, Hành lá: 5 cây, Nấm kim châm: 50g, Cà rốt: ½ củ, Ớt sừng: 1 trái, Trứng gà: 3 quả, Bột chiên xù: 100g, Bột mì: 100g, Tỏi băm, ớt băm, tiêu, Xốt tương LISA, Xốt Mayonnaise Aji-mayo® Vị Nguyên Bản, Hạt nêm Aji-ngon® Heo, Thịt nạc thăn: 200g, Tía tô: 3 cây, Hành lá: 5 cây, Nấm kim châm: 50g, Cà rốt: ½ củ, Ớt sừng: 1 trái, Trứng gà: 3 quả, Bột chiên xù: 100g, Bột mì: 100g, Tỏi băm, ớt băm, tiêu, Xốt tương LISA, Xốt Mayonnaise Aji-mayo® Vị Nguyên Bản, Hạt nêm Aji-ngon® Heo","Thịt thăn cắt miếng mỏng, ướp với 1m hạt nêm Aji-ngon® và 1/2m tiêu, để thám, dùng dao đập cho mỏng. Rau tía tô ngắt lấy lá, rửa sạch, để ráo. Hành lá cắt khúc 5cm. Nấm kim châm cắt bỏ gốc, tách nhỏ, cắt khúc 5cm. Cà rốt, ớt sừng cắt sợi dài 5cm. Trứng gà đánh tan.","Trải thịt ra, xếp lá tía tô, cà rốt, nấm kim châm, hành lá và ớt sừng lên, cuốn tròn lại. Tẩm cuốn thịt qua bột mì, nhúng qua trứng, lăn qua bột xù rồi cho vào chiên chín vàng, vớt ra để ráo dầu. Trộn xốt: trộn đều 2M xốt Mayonnaise Aji-mayo® với 1M xốt tương LISA, 1m tỏi băm và 1m ớt băm","Xếp thịt cuốn rau củ chiên ra dĩa, khi ăn chấm vói xốt Mayonnaise Aji-mayo® trộn xốt tương LISA.","Giữ thịt trong tủ đông 30 phút để miếng thịt cứng lại sẽ dễ cắt lát mỏng hơn. Dùng dụng cụ đập thịt dần đều trên bề mặt thịt để thịt mềm và mỏng, sẽ dễ cuốn hơn. Để thịt không bị bung ta khi chiên nên để thịt trong tủ lạnh 1 giờ.",Thịt cuốn rau củ,,,,,,,,,,,,,,,,
https://monngonmoingay.com/salad-dau-co-ve/,https://monngonmoingay.com/wp-content/smush-webp/2015/08/212.jpg.webp,https://www.youtube.com/channel/UC-2EWHDbHnx5JOeyWfLdIxQ,Salad đậu cô ve,"Salad đậu cô ve là món ăn mát, thích hợp với những ngày nóng, thường khi kết hợp với các món nhiều đạm sẽ làm giảm độ béo và bớt ngán, rất giàu dinh dưỡng.",4 người,20 Phút,Dễ,"Gỏi/Trộn, Hải sản khác, Rau củ quả khác, Bữa tối, Cuối tuần, Món mặn, Nam, Cha, Mẹ, Người lớn tuổi, Trẻ em","Đậu cô ve: 250g, Cà rốt: 100g, Thịt cua: 100g, Đậu phộng: 20g, Ớt sừng: 1/2 trái, Mè trắng rang: 2M, Tiêu, Xốt Mayonnaise Aji-mayo® Vị Nguyên Bản, Nước tương ""Phú Sĩ"", Đậu cô ve: 250g, Cà rốt: 100g, Thịt cua: 100g, Đậu phộng: 20g, Ớt sừng: 1/2 trái, Mè trắng rang: 2M, Tiêu, Xốt Mayonnaise Aji-mayo® Vị Nguyên Bản, Nước tương ""Phú Sĩ""","Đậu cô ve tước chỉ xơ, rửa sạch. Cà rốt gọt vỏ, cắt sợi hơi to. Luộc cà rốt và đậu cô ve, vớt ra xả nước lạnh, để ráo. Đậu cô ve luộc xong, dùng dao đập hơi dập rồi cắt khúc ngắn. Thịt cua nêm 1/2m tiêu, để thấm. Đậu phộng rang vàng, giã nhỏ. Ớt băm nhỏ.","Đậu cô ve sau khi luộc cắt khúc, đập dập. Cho đậu cô ve, cà rốt, vào tô, thêm 3m nước tương “Phú Sĩ” và 6M xốt Mayonnaise Aji-Mayo®, 1/2m tiêu và ớt băm vào trộn đều, rồi cho thịt cua vào trộn nhẹ tay, cuối cùng cho đậu phộng và mè rang vào.","Cho salad đậu cô ve ra dĩa, rắc thêm tiêu, đậu phộng rang và ớt băm.",Đậu cô ve sau khi luộc chín mới đập dập và cắt khúc để đậu dễ thấm và giữ được vitamin bên trong.,Salad đậu cô ve,,,,,,,,,,,,,,,,
https://monngonmoingay.com/lau-duoi-heo-tieu-xanh/,https://monngonmoingay.com/wp-content/smush-webp/2015/08/201304250240410000003_mon-ngon-moi-ngay-lau-duoi-heo-tieu-xanh-1.jpg.webp,https://www.youtube.com/channel/UC-2EWHDbHnx5JOeyWfLdIxQ,Lẩu đuôi heo tiêu xanh,"Mùa nắng nóng, để bồi bổ sức khỏe cho cả gia đình thì các chị em hãy trổ tài làm món Lẩu đuôi heo tiêu xanh này nhé.",4 người,20 Phút,Dễ,"Lẩu, Thịt heo, Nấm, Rau củ quả khác, Phở / bún / hủ tiếu / miến, Cà rốt, Cuối tuần, Cha, Mẹ","Đuôi heo : 1 cái, Tiêu xanh : 50g, Cà rốt : ½ củ, Mướp : 1 trái, Mồng tơi : 300g, Nấm rơm : 100g, Bún, Aji-Quick® Gia vị nêm sẵn Lẩu Thập cẩm, Gia vị nêm sẵn Aji-Quick® Lẩu Kim Chi, Đuôi heo : 1 cái, Tiêu xanh : 50g, Cà rốt : ½ củ, Mướp : 1 trái, Mồng tơi : 300g, Nấm rơm : 100g, Bún, Aji-Quick® Gia vị nêm sẵn Lẩu Thập cẩm, Gia vị nêm sẵn Aji-Quick® Lẩu Kim Chi","Đuôi heo: chặt khúc vừa ăn. Cà rốt tỉa hoa, mướp cắt xéo, rau mồng tơi cắt khúc ngắn, nấm rơm cắt đôi, tiêu xanh một nửa đập dập, một nửa giữ nguyên nhánh.","Cho đuôi heo vào 2L nước nấu còn 1.5L nước dùng, khi đuôi heo gần mềm, cho thêm nấm rơm và cà rốt, tiêu xanh đập dập; cho tiếp gói Aji-Quick® Gia vị nêm sẵn Lẩu Thập cẩm, cuối cùng cho vài nhánh tiêu xanh đập dập và nhánh tiêu xanh vào. Tắt lửa.","Khi ăn cho rau mồng tơi và mướp vào, ăn kèm bún",Đập dập tiêu xanh cho vào nước lẩu để tạo hương thơm đặc trưng cho món ăn.,Lẩu đuôi heo tiêu xanh,,,,,,,,,,,,,,,,
https://monngonmoingay.com/muc-nuong-sa-te/,https://monngonmoingay.com/wp-content/smush-webp/2015/08/IMG-1174-muc-nuong-sa-te.png.webp,https://www.youtube.com/channel/UC-2EWHDbHnx5JOeyWfLdIxQ,Mực nướng sa tế,"Đây là món ăn đậm đà hương vị biển, không những có hình thức bắt mắt mà hương vị cũng rất thơm ngon.",4 người,40 Phút,Dễ,"Nướng, Quay/Rôti, Mực/Bạch tuộc, Rau củ quả khác, Cuối tuần, Sinh nhật, Món nhậu, Món mặn, Các món ăn kèm, món phụ, Ăn vặt, Cha, Mẹ, Người lớn tuổi","Mực nang: 2 con, Tỏi: 8 tép, Sả băm: 50g, Dầu điều, mật ong, Tương xí muội, Tương ớt, tiêu, Hạt nêm Aji-ngon® Heo, Xốt Mayonnaise Aji-mayo® Vị Nguyên Bản, Mực nang: 2 con, Tỏi: 8 tép, Sả băm: 50g, Dầu điều, mật ong, Tương xí muội, Tương ớt, tiêu, Hạt nêm Aji-ngon® Heo, Xốt Mayonnaise Aji-mayo® Vị Nguyên Bản","Tỏi bóc vỏ, bằm nhuyễn, cho vào 2M nước sôi, vắt lấy nước cốt tỏi. Pha hỗn hợp gia vị gồm 2m hạt nêm Aji-ngon® 2M nước cốt tỏi, 1M tương ớt, 2M tương xí muội, 1M mật ong, sả băm, 2M dầu điều và 1/2m tiêu trộn đều. Mực làm sạch, lạng xéo mắt võng, ướp với hỗn hợp gia vị để thấm 30 phút.","Dùng vỉ nướng kẹp mực cho thẳng, nướng trên lửa than hoặc nướng trong lò đến khi mực chín vàng. Trong khi nướng, phết hỗn hợp nước ướp còn lại lên để mực không bị khô. Trộn xốt: trộn đều 3M xốt Mayonnaise Aji-Mayo® với 2M tương ớt.","Cắt mực thành miếng nhỏ vừa ăn, xếp ra dĩa, khi ăn chấm với hỗn hợp xốt.","Trước khi nướng, gạt hết sả băm dính trên thân mực để khi nướng không bị cháy khét.",Mực nướng sa tế,,,,,,,,,,,,,,,,
https://monngonmoingay.com/chao-luon-khoai-mon-dau-xanh/,https://monngonmoingay.com/wp-content/smush-webp/2015/08/IMG_9133-chao-luon-khoai-mon-dau-xanh.png.webp,https://www.youtube.com/channel/UC-2EWHDbHnx5JOeyWfLdIxQ,Cháo lươn khoai môn đậu xanh,"Cháo lươn khoai môn đậu xanh rất ngon và lạ miệng, là món ăn giải nhiệt, trị cảm tuyệt vời trong mùa hè.",4 người,20 Phút,Dễ,"Canh/Súp, Hầm, Các loại thịt khác, Rau củ quả khác, Cuối tuần, Bữa tối, Ngày hè, Món mặn, Cha, Mẹ, Người lớn tuổi, Trẻ em","Lươn làm sạch: 500g, Khoai môn cao: 200g, Đậu xanh giã bể còn vỏ: 50g, Gạo tấm: 100g, Nếp: 30g, Hành ngò, hành tím, Tiêu, muối, nước mắm, dầu ăn, Hạt nêm Aji-ngon® Gà, Lươn làm sạch: 500g, Khoai môn cao: 200g, Đậu xanh giã bể còn vỏ: 50g, Gạo tấm: 100g, Nếp: 30g, Hành ngò, hành tím, Tiêu, muối, nước mắm, dầu ăn, Hạt nêm Aji-ngon® Gà","Lươn làm sạch, rửa qua bằng giấm, rửa sạch lại, cắt khúc khoảng 10cm, cắt 2 bên sống lưng của lươn. Khoai môn cắt khối vuộng 1cm. Đậu xanh ngâm mềm, bỏ bớt vỏ. Hành tím băm nhỏ, một ít phi thơm, giữ lại dầu phi hành tím.","Gạo và nếp nấu cháo với 1/2 lít nước, nêm 2M hạt nêm Aji-ngon®, và đậu xanh vào nấu, cháo nhừ bỏ thêm khoai môn cao, khi thấy cháo đặc thì cho thêm 1/2 lít nước vào. Đun sôi 1 lít nước, cho lươn vào luộc chín với 1/2m muối, 1m hạt nêm Aji-ngon®, vớt ra gỡ lấy thịt lươn, phần xương và nước luộc lươn cho trở lại vào nồi cháo. Trộn đều thịt lươn với hành tím vừa phi thơm và 1/2m hạt nêm Aji-ngon®, 1m nước măm, tiêu. Vớt phần xương ra khỏi nồi cháo, sau đó cho phần thịt lươn vào, nêm 1M nước mắm, tiêu, hành ngò, hành phi, 2M dầu phi hành tím.","Múc cháo ra tô, dùng nóng.","Chọn lươn còn sống, bụng vàng, lưng nâu, thân ngắn thịt sẽ ngon hơn.Chọn khoai môn đủ lớn, còn mới, bên trong trắng đục, vân tím sẽ có nhiều bột.",Cháo lươn khoai môn đậu xanh,,,,,,,,,,,,,,,,
https://monngonmoingay.com/luon-cuon-thit-om-rieng/,https://monngonmoingay.com/wp-content/smush-webp/2015/08/luon-cuon-thit-om-rieng-540-360.jpg.webp,https://www.youtube.com/channel/UC-2EWHDbHnx5JOeyWfLdIxQ,Lươn cuốn thịt om riềng,"Nếu bạn hay mua lươn về chỉ để nấu cháo hay om với chuối xanh, bạn sẽ rất tiếc khi biết rằng, ngoài chế biến các món quen thuộc trên, bạn còn có thể kết hợp lươn với thịt và đem om với loại gia vị có vị thơm rất đặc biệt là riềng. Vậy nên, lúc nào đi chợ bạn hãy nhanh nhanh mua đủ các nguyên liệu này về làm món Lươn cuộn thịt om riềng ngon ơi là ngon này nhé!",4 người,30 Phút,Dễ,"Om/Rim, Kho, Thịt heo, Các loại thịt khác, Rau củ quả khác, Cuối tuần, Bữa tối, Sinh nhật, Món mặn, Món nhậu, Cha, Mẹ, Người lớn tuổi, Trẻ em","Lươn: 200g, Thịt xay: 80g, Riềng nhỏ: 2 củ, Nghệ nhỏ: 2 củ, Hành tím băm: 1M, Tỏi băm: 1M, Tỏi phi: 1M, Rau răm, nước mắm, Hành lá: 12 cọng, Nước nghệ, nước riềng, Hạt nêm Aji-ngon® Gà, Xốt Mayonnaise Aji-mayo® Vị Nguyên Bản, Lươn: 200g, Thịt xay: 80g, Riềng nhỏ: 2 củ, Nghệ nhỏ: 2 củ, Hành tím băm: 1M, Tỏi băm: 1M, Tỏi phi: 1M, Rau răm, nước mắm, Hành lá: 12 cọng, Nước nghệ, nước riềng, Hạt nêm Aji-ngon® Gà, Xốt Mayonnaise Aji-mayo® Vị Nguyên Bản","1 củ riềng & 1 củ nghệ tươi mài nhuyễn, vắt lấy 1M nước cốt, phần còn lại cắt lát mỏng. Rau răm cắt nhỏ. Hành lá chần sơ cho mềm. Thịt lươn làm sạch, cắt khúc 5cm, bỏ xương sống, ướp với 1/2M nước cốt riềng, 1/2M nước cốt nghệ, 1m hạt nêm Aji-ngon®, 1m hành tím băm, 1/2m nước mắm & , trộn đều để thấm. Thịt băm ướp với 1m hành tím băm và 1/3m hạt nêm Aji-ngon®, cho thịt xay vào giữa bụng lươn, dùng hành lá cột lại Pha xốt: Trộn đều 2M xốt Mayonnaise Aji-Mayo® với 1M tỏi phi.","Cho 1M xốt Mayonnaise Aji-Mayo® vào nồi đất, phi thơm hành tỏi băm, cho lươn vào chiên cho lươn săn lại, cho riềng & nghệ cắt lát vào, thêm nước nóng vào xấp mặt, đậy nắp Om đến khi nước cạn gần hết, cho xốt đã pha vào, tắt bếp, thêm rau răm vào, đảo đều.",Dùng nóng với cơm.,Phi hành tỏi bằng mayonnaise giúp tạo mùi thơm và vị béo cho món ăn.Ướp lươn với nước cốt riềng nghệ để khử mùi tanh của lươn.,Lươn cuốn thịt om riềng,,,,,,,,,,,,,,,,
https://monngonmoingay.com/salad-bap-tron-tom/,https://monngonmoingay.com/wp-content/smush-webp/2015/08/IMG_0013b-salad-bap-tron-tom.png.webp,https://www.youtube.com/channel/UC-2EWHDbHnx5JOeyWfLdIxQ,Salad bắp trộn tôm,"Đây là 1 món salad mới, lạ nhưng rất ngon và bổ dưỡng rất thích hợp dùng trong các bữa tiệc cuối tuần hay đãi bạn bè.",4 người,20 Phút,Dễ,"Gỏi/Trộn, Tôm, Rau củ quả khác, Bữa tối, Cuối tuần, Giáng sinh, Lễ hội hóa trang, Sinh nhật, Món mặn, Các món ăn kèm, món phụ, Cha, Mẹ, Người lớn tuổi, Trẻ em","Tôm sú: 150g, Đậu bắp: 4 trái, Bắp Mỹ: 1/2 trái, Hành tây: 1/2 củ, Tía tô: 5 lá, Muối, tiêu, nước mắm, Xốt Mayonnaise Aji-mayo® Vị Nguyên Bản, Tôm sú: 150g, Đậu bắp: 4 trái, Bắp Mỹ: 1/2 trái, Hành tây: 1/2 củ, Tía tô: 5 lá, Muối, tiêu, nước mắm, Xốt Mayonnaise Aji-mayo® Vị Nguyên Bản","Đậu bắp luộc trong nước sôi khoảng 3 phút, vớt ra ngâm qua nước đá rồi cắt lát mỏng. Tôm luộc chín trong nước có ít muối và củ hànht ím, sau đó bóc bỏ vỏ, cắt hạt lựu rồi ướp với 1 ít nước mắm và tiêu. Bắp Mỹ hấp chín, gỡ lấy hạt. Hành tây cắt nhỏ bỏ vào rây để xả sạch, vắt ráo. Lá tía tô rửa sạch, cắt nhuyễn.","Cho đậu bắp, bắp Mỹ, tôm, hành tây và lá tía tô vào trộn đều với 1/2m nước mắm và 3M xốt Mayonnaise Aji-Mayo®.","Cho salad đậu bắp ra dĩa, dùng thêm với xốt Mayonnaise Aji-Mayo® tùy khẩu vị.",Sử dụng bắp Mỹ sẽ giòn và có màu đẹp hơn bắp nếp.,Salad bắp trộn tôm,,,,,,,,,,,,,,,,
https://monngonmoingay.com/hai-san-chien-xu/,https://monngonmoingay.com/wp-content/smush-webp/2015/08/IMG_0136-hai-san-chien-xu.png.webp,https://www.youtube.com/channel/UC-2EWHDbHnx5JOeyWfLdIxQ,Hải sản chiên xù,"Hải sản chiên xù là một món ăn thông thường nhưng lại khác lạ hơn khi ăn cùng xốt chấm, tuy lạ mà quen.",4 người,30 Phút,Dễ,"Chiên, Cá, Mực/Bạch tuộc, Tôm, Trứng, Rau củ quả khác, Sinh nhật, Cuối tuần, Giáng sinh, Lễ hội hóa trang, Ăn vặt, Các món ăn kèm, món phụ, Món mặn, Món nhậu, Cha, Mẹ, Người lớn tuổi, Trẻ em","Tôm tươi: 200g, Cá basa phi lê: 100g, Mực ống: 1 con, Trứng gà: 3 quả, Ngò rí: 1 cây, Bột mì: 100g, Bột chiên xù: 200g, Xà lách: 2 cây, Cà chua bi, Muối, tiêu, nước cốt chanh, dầu ăn, Xốt Mayonnaise Aji-mayo® Vị Nguyên Bản, Hạt nêm Aji-ngon® Heo, Tôm tươi: 200g, Cá basa phi lê: 100g, Mực ống: 1 con, Trứng gà: 3 quả, Ngò rí: 1 cây, Bột mì: 100g, Bột chiên xù: 200g, Xà lách: 2 cây, Cà chua bi, Muối, tiêu, nước cốt chanh, dầu ăn, Xốt Mayonnaise Aji-mayo® Vị Nguyên Bản, Hạt nêm Aji-ngon® Heo","Tôm lấy chỉ đen, bóc bỏ đầu và vỏ, chừa đuôi. Mực ống rửa sạch, cắt khoanh dày khoảng 1cm. Cá basa cắt khối vuông 5cm. Cho tôm, mực và cá vào tô, ướp với 1m hạt nêm Aji-ngon®, 1m muối, 1/2m tiêu và 1/2m nước cốt chanh, để thấm khoảng 5 phút. Trứng gà 2 quả đánh tan, 1 quả luộc chín, cắt nhỏ. Ngò rí rửa sạch, cắt nhỏ.","Tẩm hải sản qua bột mì, nhúng qua trứng rồi lăn qua bột chiên xù, cho vào chảo dầu chiên chín vàng, vớt ra để ráo dầu. Trộn xốt trứng gà mayonnaise: trộn đều 5M xốt Mayonnaise Aji-Mayo® với 1M trứng gà cắt nhỏ, 1m ngò rí cắt nhỏ và 1/2m muối, 1/2m tiêu.","Xếp rau xà lách và hải sản chiên xù ra dĩa, khi ăn chấm xốt trứng gà mayonnaise.",Ướp hải sản với 1 ít nước cốt chanh hải sản sẽ thơm và ngon hơn.,Hải sản chiên xù,,,,,,,,,,,,,,,,
https://monngonmoingay.com/muc-ne/,https://monngonmoingay.com/wp-content/smush-webp/2015/08/201307251121010000000_mn-ngon-mi-ngy-ln-chin-gin-xt-tiu-xanh-110.jpg.webp,https://www.youtube.com/channel/UC-2EWHDbHnx5JOeyWfLdIxQ,Mực né,"Mực nhìn đẹp mắt với những vảy rồng nở đều trên mặt, ăn vào thì ngọt giòn thơm mùi dầu điều, dầu mè, đặc biệt là beo béo vị xốt mayonnaise. Rau củ xanh giòn chín tới ăn kèm với mực…ôi thôi, chưa gì mà thèm quá rồi.",4 người,20 Phút,Dễ,"Khác, Mực/Bạch tuộc, Nấm, Rau củ quả khác, Cuối tuần, Món nhậu, Món mặn, Các món ăn kèm, món phụ, Ăn vặt, Cha, Mẹ, Người lớn tuổi, Trẻ em","Mực lá không đầu: 400g, Bông cải xanh: 200g, Nấm linh chi nâu: 100g, Hành tây 1 củ, Ớt sừng cắt sợi: 1 trái, Mè rang: 1M, Ớt băm, tỏi phi, dầu mè, dầu điều, Đường, muối, dầu ăn, Xốt Mayonnaise Aji-mayo® Vị Nguyên Bản, Hạt nêm Aji-ngon® Heo, Mực lá không đầu: 400g, Bông cải xanh: 200g, Nấm linh chi nâu: 100g, Hành tây 1 củ, Ớt sừng cắt sợi: 1 trái, Mè rang: 1M, Ớt băm, tỏi phi, dầu mè, dầu điều, Đường, muối, dầu ăn, Xốt Mayonnaise Aji-mayo® Vị Nguyên Bản, Hạt nêm Aji-ngon® Heo","Mực khứa vảy rồng, cắt miếng vừa ăn. Ướp mực với 1M dầu mè, 1M ớt băm, 1M đường, 1M hạt nêm Aji-ngon®, 1M mè rang, 1M dầu điều, 1M xốt Mayonnaise Aji-Mayo®, để thấm. Hành tây cắt múi cau. Bông cải tách miếng vừa ăn. Bông cải chần sơ qua nước sôi, nêm 1m muối, vớt ra ngâm qua nước đá, để ráo.","Khi ăn, cho dĩa gang lên bếp, cho 2M dầu, đun nóng, cho mực và rau củ vào đảo chín đều, tắt bếp, cho 1M tỏi phi, 2M xốt Mayonnaise Aji-Mayo® vào, trộn đều.",Rải ớt sừng cắt sợi và tỏi phi lên trên. Dùng nóng với nước tương ớt xắt lát.,"Ướp mực với mayonnaise giúp mực có vị thơm béo nhẹ, không bị khô.Chần bông cải trước để các nguyên liệu chín đều.",Mực né,,,,,,,,,,,,,,,,
https://monngonmoingay.com/kho-qua-tay-xao-thit-bo/,https://monngonmoingay.com/wp-content/smush-webp/2015/08/IMG_1304-kho-qua-tay-xao-thit-bo.png.webp,https://www.youtube.com/channel/UC-2EWHDbHnx5JOeyWfLdIxQ,Khổ qua tây xào thịt bò,"Tuần này có đi chợ hay siêu thị có tình cờ thấy khổ qua tây thì các mẹ nhớ mua về để làm món Khổ qua tây xào thịt bò này nhé. Thịt bò mềm mềm, khổ qua tây giòn ngọt, đảm bảo sẽ khiến bữa cơm gia đình bạn thêm ngon miệng.",4 người,10 Phút,Dễ,"Món Xào, Thịt bò, Rau củ quả khác, Bữa trưa, Bữa tối, Món mặn, Các món ăn kèm, món phụ, Cha, Mẹ, Người lớn tuổi","Khổ qua tây: 300g, Thịt bò: 150g, Hành lá, ngò rí, ớt sừng, Gia vị thông thường, tỏi băm, dầu ăn, Nước tương ""Phú Sĩ"", Hạt nêm Aji-ngon® Heo, Khổ qua tây: 300g, Thịt bò: 150g, Hành lá, ngò rí, ớt sừng, Gia vị thông thường, tỏi băm, dầu ăn, Nước tương ""Phú Sĩ"", Hạt nêm Aji-ngon® Heo","Thịt bò ướp với 1m nước tương “Phú Sĩ”, 1m tỏi băm, 1/2m hạt nêm Aji-ngon® và 1 ít tiêu. Khổ qua tây cạo sơ vỏ, cắt làm 2 theo chiều dọc, bỏ ruột rồi cắt xéo dày 1cm. Hành lá, ngò rí cắt khúc, ớt sừng cắt sợi.","Phi thơm tỏi băm với 1M dầu ăn, cho thịt bò vào xào sơ, trút ra đĩa. Thêm 1M dầu ăn, cho tiếp khổ qua tây vào xào, nêm 2/3m hạt nêm Aji-ngon®, 1 ít nước, cho thịt bò trở lại xào chín, thêm hành lá và ớt sừng vào.","Cho khổ qua tây xào thịt bò ra đĩa, trang trí với ngò rí, rắc tiêu Ăn kèm nước tương “Phú Sĩ” và ớt băm.",Ướp thịt bò với Nước tương “Phú Sĩ” giúp thịt bò xào có hương vị hấp dẫn.Cạo sơ lớp vỏ giúp khổ qua ít bị mất chất dinh dưỡng.,Khổ qua tây xào thịt bò,,,,,,,,,,,,,,,,
https://monngonmoingay.com/ga-chien-xot-tao/,https://monngonmoingay.com/wp-content/smush-webp/2015/08/9_CQC1648_GaChienXotTAo.png.webp,https://www.youtube.com/channel/UC-2EWHDbHnx5JOeyWfLdIxQ,Gà chiên xốt táo,"Bạn phải thừa nhận là không chỉ có con trẻ, mà ngay cả người lớn đôi khi cũng thích những miếng gà chiên thật hấp dẫn đúng không? Nếu bạn e ngại các vấn đề về sức khỏe với thức ăn nhanh thì có thể tự tay thực hiện và làm mới món gà chiên với chương trình Món Ngon Mỗi Ngày kỳ này. Nào, cùng bắt tay thực hiện món Gà Chiên Xốt Táo nhé.",4 người,25 Phút,Dễ,"Chiên, Thịt gà, Rau củ quả khác, Cuối tuần, Bữa tối, Sinh nhật, Các món ăn kèm, món phụ, Món mặn, Món nhậu, Mẹ, Cha, Trẻ em","Cánh gà : 500g, Nước táo hộp : 200ml, Hành tây cắt hạt lựu : 30g, Táo cắt hạt lựu : 1 trái, Tỏi băm : 1m, Nước tỏi : 2m, Nước bột năng, Dầu ăn, tiêu, tương ớt, dầu điều, xà lách, Hạt nêm Aji-ngon® Gà, Cánh gà : 500g, Nước táo hộp : 200ml, Hành tây cắt hạt lựu : 30g, Táo cắt hạt lựu : 1 trái, Tỏi băm : 1m, Nước tỏi : 2m, Nước bột năng, Dầu ăn, tiêu, tương ớt, dầu điều, xà lách, Hạt nêm Aji-ngon® Gà","Cánh gà cắt đôi, dùng nĩa xăm lên gà, ướp gà với 2m nước tỏi, 1m hạt nêm Aji-ngon®, 1/2m tiêu trắng xay, 4M nước táo, để 15 phút cho thấm.","Phi thơm tỏi và hành tây, cho nước táo và táo cắt hạt lựu vào nêm 1M dầu điều, 1M tương ớt, 1m hạt nêm Aji-ngon® và nước bột năng vào khuấy nhanh, tắt lửa. Đun nóng dầu trong chảo, cho cánh gà vào chiên xâm xấp dầu đến khi cánh gà chín vàng, vớt ra để ráo dầu.",Xếp cánh gà ra dĩa rưới xốt táo lên trên.,Dùng nĩa xăm cánh gà trước khi ướp giúp gia vị dễ thấm vào trong.Ướp gà với nước táo giúp thịt gà săn chắc và có vị đặc trưng.Nấu xốt với lửa nhỏ đến khi táo vừa chín giúp món ăn giữ được vitamin và mùi thơm.,Gà chiên xốt táo,,,,,,,,,,,,,,,,
https://monngonmoingay.com/canh-khoai-rau-dang/,https://monngonmoingay.com/wp-content/smush-webp/2015/08/IMG-9751-canh-khoai-rau-dang.png.webp,https://www.youtube.com/channel/UC-2EWHDbHnx5JOeyWfLdIxQ,Canh khoai rau đắng,"Canh khoai rau đắng vừa ngon lại vừa có tác dụng thanh nhiệt, rất thích hợp cho những ngày hè nóng bức.",4 người,40 Phút,Dễ,"Canh/Súp, Hầm, Thịt heo, Các loại rau, Rau củ quả khác, Bữa trưa, Bữa tối, Món mặn, Các món ăn kèm, món phụ, Cha, Mẹ, Người lớn tuổi, Trẻ em","Khoai lang: 150g, Khoai mỡ: 150g, Rau đắng: 100g, Thịt nạc dăm xay: 100g, Rau om, ngò gai, Hành tím băm, tiêu, Hạt nêm Aji-ngon® Heo, Khoai lang: 150g, Khoai mỡ: 150g, Rau đắng: 100g, Thịt nạc dăm xay: 100g, Rau om, ngò gai, Hành tím băm, tiêu, Hạt nêm Aji-ngon® Heo","Khoai mỡ rửa sạch, cắt sợi mỏng. Khoai lang gọt vỏ, cắt khối vuông vừa ăn, ngâm vào nước có pha ít muối, trước khi nấu vớt ra để ráo. Rau đắng lặt rửa sạch, cắt khúc ngắn. Rau om, ngò gai rửa sạch, cắt nhỏ. Thịt bằm ướp với 1/2m hạt nêm Aji-ngon®, 1M hành tím băm 1/2m tiêu và 1M nước, để thấm","Đun sôi 1 lít nước, cho thịt bằm vào khuấy đều, hớt sạch bọt. Cho khoai lang vào nấu khoảng 3 phút rồi thêm khoai mỡ, đun nhỏ lửa 5 phút đến khi khoai chín mềm, nêm 1,5M hạt nêm Aji-ngon®, nếm vị vừa ăn. Cuối cùng cho rau đắng vào, đợi nước sôi lại thì tắt bếp.","Múc canh ra tô, rắc rau om, ngò gai và tiêu lên trên, dùng nóng với cơm.","Rau đắng cho vào sau cùng sẽ giòn mà không bị đắng.Thịt băm tán nhuyễn với ít nước trước khi cho vào nồi canh, thịt sẽ không bị vón cục.",Canh khoai rau đắng,,,,,,,,,,,,,,,,
https://monngonmoingay.com/nai-chuoi-muc/,https://monngonmoingay.com/wp-content/smush-webp/2015/08/201205170438090000006_nai-chuoi-muc-50an587.png.webp,https://www.youtube.com/channel/UC-2EWHDbHnx5JOeyWfLdIxQ,Nải chuối mực,"Sử dụng nguyên liệu quen thuộc là mực nhưng với một chút sáng tạo trong cách dùng nguyên liệu, trong cách tạo hình, giúp làm ra một món ăn mới lạ, món ăn vừa có cách trình bày thật hấp dẫn, vừa có hương vị đậm đà, có vị giòn từ củ năng và cà rốt, xốt đậm đà, thơm mùi tiêu xanh.",4 người,20 Phút,Dễ,"Hấp/Tiềm, Mực/Bạch tuộc, Hải sản khác, Củ quả, Rau củ quả khác, Bữa tối, Cuối tuần, Các món ăn kèm, món phụ, Món mặn, Món nhậu, Cha, Mẹ, Người lớn tuổi, Trẻ em","Mực làm sạch: 300g, Cá thác lác nạo: 100g, Tiêu xanh: 3 nhánh, Bông cải xanh: 1 cùi, Nước dùng: 1 chén, Củ năng cắt nhuyễn: 1M, Cà rốt cắt nhỏ: 1M, Thì là băm: 1m, Nước nghệ tươi: 2M, Cọng hành lá, hành tím băm, ớt hiểm, Tiêu, dầu ăn, dầu hào, tương cà, bột năng, Hạt nêm Aji-ngon® Heo, Mực làm sạch: 300g, Cá thác lác nạo: 100g, Tiêu xanh: 3 nhánh, Bông cải xanh: 1 cùi, Nước dùng: 1 chén, Củ năng cắt nhuyễn: 1M, Cà rốt cắt nhỏ: 1M, Thì là băm: 1m, Nước nghệ tươi: 2M, Cọng hành lá, hành tím băm, ớt hiểm, Tiêu, dầu ăn, dầu hào, tương cà, bột năng, Hạt nêm Aji-ngon® Heo","Mực làm sạch, bỏ da và đầu, ướp 1/2m hạt nêm Aji-ngon®, 1/3m tiêu. Cá thác lác tán đều với 1/2m hạt nêm Aji-ngon®, 1/2m tiêu, 1M cọng thì là, 1M củ năng, 1M cà rốt, 1M đầu hành lá băm nhuyễn. Nhồi nhân cá vào bụng mực, dùng tăm ghim cho kín miệng, dùng cọ phết đều màu nghệ lên mực, dùng hạt tiêu nhỏ đính vào phần đuôi của mực. Bắc chảo dầu chiên 1 nhánh tiêu xanh đập dập. Ớt hiểm đập dập.","Mực đem hấp chín khoảng 5-7 phút. Xếp mực ra dĩa tạo hình nải chuối với cùi là bông cải xanh. Làm xốt chấm: Chắt nước hấp mực, thêm 1M tương cà, 1M dầu hào, 1/2 chén nước dùng và 1m bột năng, khuấy đều. Phi thơm hành tím, cho ớt hiểm và tiêu xanh vào đảo đều. Cho nước xốt đã pha vào chảo khuấy đều và tắt lửa.","Dùng với cơm nóng, khi ăn chấm kèm xốt pha.","Chọn mua mực loại nhỏ, đều để tạo hình giống nải chuối.Dùng nước hấp mực để làm xốt sẽ giúp xốt tăng thêm hương vị cho món ăn.",Nải chuối mực,,,,,,,,,,,,,,,,
https://monngonmoingay.com/trung-ca-kho-nghe/,https://monngonmoingay.com/wp-content/smush-webp/2015/08/201205170433510000008_trung-ca-kho-nghe-49an579.png.webp,https://www.youtube.com/channel/UC-2EWHDbHnx5JOeyWfLdIxQ,Trứng cá kho nghệ,"Món Trứng cá kho nghệ sẽ giúp bớt mùi tanh của trứng cá và mang lại hương vị thơm đặc trưng của nghệ, món ăn ngon còn có màu vàng hấp dẫn, kích thích vị giác, thích hợp để thay đổi khẩu vị trong gia đình. Cùng thực hiện cho cả nhà thưởng thức ngay nhé!",4 người,25 Phút,Dễ,"Kho, Om/Rim, Cá, Rau củ quả khác, Bữa tối, Món mặn, Các món ăn kèm, món phụ, Trung, Cha, Người lớn tuổi, Mẹ, Trẻ em","Trứng cá thu: 300g, Nghệ xắt sợi: 5M, Gừng đập dập: 1 củ nhỏ, Ớt hiểm đập dập: 2 trái, Húng quế cắt sợi, hành tím băm, tiêu, nước mắm, dầu ăn, ""AJINOMOTO"" Giấm gạo lên men, Hạt nêm Aji-ngon® Heo, Trứng cá thu: 300g, Nghệ xắt sợi: 5M, Gừng đập dập: 1 củ nhỏ, Ớt hiểm đập dập: 2 trái, Húng quế cắt sợi, hành tím băm, tiêu, nước mắm, dầu ăn, ""AJINOMOTO"" Giấm gạo lên men, Hạt nêm Aji-ngon® Heo","Trứng cá làm sạch, để ráo, chần sơ trong nước nêm 1M Giấm gạo lên men LISA®, gừng đập dập cho hết máu bầm, vớt cá ra, ngâm qua nước đá lạnh. Vớt trứng cá ra, cắt khúc, ướp 1M hành tím, 1m hạt nêm Aji-ngon®, 1M nước mắm và 1/3m tiêu, để thấm.","Phi thơm nghệ, cho trứng cá vào kho sơ, thêm 1 chén nước nóng, kho nhỏ lửa cho trứng cá thấm gia vị, thêm vào 2 trái ớt hiểm, 1M dầu, một ít tiêu, tắt bếp, rắc thêm húng quế.","Cho trứng cá ra dĩa, trang trí với lá húng quế, dùng nóng với cơm.","Chần trứng cá qua nước có pha giấm, gừng để khử mùi tanh và giúp trứng không bị bể khi kho.Húng quế sẽ giúp món kho có mùi vị đặc trưng và thơm ngon hơn.",Trứng cá kho nghệ,,,,,,,,,,,,,,,,
https://monngonmoingay.com/sup-ga-chua-cay/,https://monngonmoingay.com/wp-content/smush-webp/2015/08/IMG-0580-sup-ga-chua-cay.png.webp,https://www.youtube.com/channel/UC-2EWHDbHnx5JOeyWfLdIxQ,Súp gà chua cay,"Súp gà chua cay sẽ là một món ăn ngày Tết, với vị chua cay giúp kích thích thay đổi khẩu vị, nguyên liệu đa dạng của món súp này còn giúp người thưởng thức cân bằng dưỡng chất và đặc biệt là cách nấu rất đơn giản nhé!",4 người,5 Phút,Dễ,"Canh/Súp, Hầm, Đậu hũ, Các loại rau, Thịt bò, Bữa trưa, Bữa tối, Cuối tuần, Các món ăn kèm, món phụ, Món mặn, Cha, Mẹ","Thịt ức gà: 100g, Măng tươi: 100g, Đậu hũ non: 1miếng, Nước dùng gà: 1,5 lít, Nấm đông cô tươi: 5 tai, Ớt sa tế: 1M, Ngò rí, ớt sừng, Tiêu, bột năng, Hạt nêm Aji-ngon® Gà, ""AJINOMOTO"" Giấm gạo lên men, Thịt ức gà: 100g, Măng tươi: 100g, Đậu hũ non: 1miếng, Nước dùng gà: 1,5 lít, Nấm đông cô tươi: 5 tai, Ớt sa tế: 1M, Ngò rí, ớt sừng, Tiêu, bột năng, Hạt nêm Aji-ngon® Gà, ""AJINOMOTO"" Giấm gạo lên men",,,,Nếu sử dụng nấm đông cô khô thì ngâm xong nên ướp với 1 ít hạt nêm Aji-ngon® để khử mùi hăng.Cho đậu hũ non vào sau cùng để đậu không bị nát.,Súp gà chua cay,,,,,,,,,,,,,,,,
https://monngonmoingay.com/bong-cai-tron-tom-2/,https://monngonmoingay.com/wp-content/smush-webp/2015/08/IMG-0159-bong-cai-tron-tom.png.webp,https://www.youtube.com/channel/UC-2EWHDbHnx5JOeyWfLdIxQ,Bông cải trộn tôm,"Thay vì làm bông cải làm món, Mẹ có thể biến tấu thành món trộn với mayonnaise có vị thanh nhẹ nên khi kết hợp với tôm xào cùng sả băm sẽ đem lại hương vị mới lạ, hấp dẫn cho món ăn, kích thích vị giác, giúp cả nhà ngon miệng. 🥦 Những loại trái cây, rau củ tươi ngon vào mùa thu 👩‍🍳 Không ngờ bảo quản rau củ tươi lâu hơn lại dễ thế này 🦐 Tôm có bao nhiêu loại và dinh dưỡng từ tôm cả nhà nên biết 🦐 Cách phân biệt tôm sú và giá trị dinh dưỡng",4 người,20 Phút,Dễ,"Gỏi/Trộn, Tôm, Các loại rau, Rau củ quả khác, Bữa trưa, Bữa tối, Cuối tuần, Ngày hè, Món mặn, Cha, Mẹ, Người lớn tuổi, Trẻ em","Tôm sú tươi bóc vỏ: 200g, Bông cải trắng: 100g, Cà rốt: 1/4 củ, Hành tây: 1/2 củ, Rau húng lủi, Chanh: 1 trái, Sả phi: 2M, Muối, tiêu, Tỏi, ớt, sả băm, Hạt nêm Aji-ngon® Heo, Xốt Mayonnaise Aji-mayo® Vị Nguyên Bản, Tôm sú tươi bóc vỏ: 200g, Bông cải trắng: 100g, Cà rốt: 1/4 củ, Hành tây: 1/2 củ, Rau húng lủi, Chanh: 1 trái, Sả phi: 2M, Muối, tiêu, Tỏi, ớt, sả băm, Hạt nêm Aji-ngon® Heo, Xốt Mayonnaise Aji-mayo® Vị Nguyên Bản",,,,"Luộc các loại rau củ vừa chín tới để rau được ngon, giòn mà không bị bở.Vắt chanh vào sau cùng giúp salad có vị chua nhẹ và tăng hương vị chomón ăn.",Bông cải trộn tôm,,,,,,,,,,,,,,,,
https://monngonmoingay.com/bun-oc/,https://monngonmoingay.com/wp-content/smush-webp/2015/08/IMG-0043-bun-oc.png.webp,https://www.youtube.com/channel/UC-2EWHDbHnx5JOeyWfLdIxQ,Bún ốc,"Bún ốc là một món ngon cân bằng dưỡng chất, hấp dẫn, thích hợp nhất là vừa ăn Tết xong, mọi người cứ no ngang, hậu quả của việc ăn quá nhiều thịt. 🐚 Mẹo chọn ốc bươu tươi ngon và sơ chế ốc bươu đúng cách 🐚 Cách phân biệt ốc bươu đen và ốc bươu vàng rất đơn giản",4 người,10 Phút,Dễ,"Canh/Súp, Hầm, Đậu hũ, Phở / bún / hủ tiếu / miến, Ốc, Bữa sáng, Bữa trưa, Bữa tối, Cuối tuần, Món mặn, Bắc, Cha, Mẹ, Người lớn tuổi, Trẻ em","2kg thịt ốc miếng, 1/2kg bún tươi, Nước dùng: 1,5 lít, Cà chua: 2 trái, Đậu hũ chiên: 1, Rau thơm: tía tô, kinh giới, Ngò gai, xà lách, Ớt khô, ớt hiểm, hành tím băm, Hành lá, chanh, ớt sa tế, tiêu, Bột nghệ, mắm tôm, ""AJINOMOTO"" Giấm gạo lên men, Hạt nêm Aji-ngon® Heo, 2kg thịt ốc miếng, 1/2kg bún tươi, Nước dùng: 1,5 lít, Cà chua: 2 trái, Đậu hũ chiên: 1, Rau thơm: tía tô, kinh giới, Ngò gai, xà lách, Ớt khô, ớt hiểm, hành tím băm, Hành lá, chanh, ớt sa tế, tiêu, Bột nghệ, mắm tôm, ""AJINOMOTO"" Giấm gạo lên men, Hạt nêm Aji-ngon® Heo",,,,Nên rửa ốc với ít muối và giấm để ốc hết nhớt.Ướp ốc với bột nghệ để khử mùi tanh và tạo màu đẹp.Xàoốc với lửa lớn và nhanh tay để ốc chín giòn và không bị dai.,Bún ốc,,,,,,,,,,,,,,,,
https://monngonmoingay.com/canh-suon-hat-sen-2/,https://monngonmoingay.com/wp-content/smush-webp/2015/08/10_CanhSuonHatSen_CQC0401.png.webp,https://www.youtube.com/channel/UC-2EWHDbHnx5JOeyWfLdIxQ,Canh sườn hạt sen,"Món canh sườn thanh mát, giàu dinh dưỡng để tăng cường sức khỏe. Hạt sen giúp ngủ ngon, thêm bắp non, bông cải, cà rốt, nấm giàu vitamin các loại, thích hợp cho mọi thành viên trong nhà. Thật tuyệt khi thưởng thức nước canh trong veo mà ngọt xương cùng rau củ giòn mềm, thịt sườn non thấm vị vào những ngày trưa nóng. 🍲 Các món canh ngon 👩‍🍳 Cây sen không chỉ đẹp mà còn có thể tận dụng làm rất nhiều món ngon 🥩 Sườn heo có mấy loại và cách chọn sườn heo ngon",4 người,25 Phút,Dễ,"Canh/Súp, Hầm, Thịt heo, Rau củ quả khác, Bữa tối, Món mặn, Cha, Mẹ, Người lớn tuổi, Trẻ em","Sườn non: 300g, Hạt sen tươi: 100g, Bắp non: 50g, Bông cải xanh: 100g, Cà rốt: 50g, Nấm hương: 5 tai, Tiêu, nước mắm, hành lá, ngò rí, Hạt nêm Aji-ngon® Heo, Sườn non: 300g, Hạt sen tươi: 100g, Bắp non: 50g, Bông cải xanh: 100g, Cà rốt: 50g, Nấm hương: 5 tai, Tiêu, nước mắm, hành lá, ngò rí, Hạt nêm Aji-ngon® Heo",,,,"Chọn sườn non dầy thịt, ít mỡ, cọng xương nhỏ, nhiều sụn giúpmón ăn ngonhơn.Chọn hạt sen tươi có bên ngoài trắng, sáng, không bị thâm là hạt sen ngon.",Canh sườn hạt sen,,,,,,,,,,,,,,,,
https://monngonmoingay.com/thit-bo-nuong-mu-tat/,https://monngonmoingay.com/wp-content/smush-webp/2015/08/IMG-0572-thit-bo-nuong-mu-tat.png.webp,https://www.youtube.com/channel/UC-2EWHDbHnx5JOeyWfLdIxQ,Thịt bò nướng mù tạt,"Thịt bò nướng mù tạt là món ăn cả nhà cùng làm, cùng trò chuyện vui vẻ, cùng thưởng thức món ăn ngon, chế biến đơn giản và phù hợp với không khí ngày Tết. 🌸 Các món tết ngon 🍵 Tìm hiểu về các loại mù tạt và công dụng của chúng 🍵 Mù tạt là gì? Công dụng của mù tạt trong nấu ăn",4 người,0 Phút,Dễ,"Quay/Rôti, Thịt bò, Rau củ quả khác, Cuối tuần, Bữa tối, Tết, Món Âu, Cha, Mẹ","Thịt bò phi lê: 300g, Bắp Mỹ: 1 trái, Đậu bắp: 8 trái, Cà chua bi: 1 ít, Tiêu, hành tím băm, tỏi băm, Que xiên, mù tạt xanh, dầu ăn, Xốt Mayonnaise LISA, ""AJINOMOTO"" Giấm gạo lên men, Hạt nêm Aji-ngon® Heo, Thịt bò phi lê: 300g, Bắp Mỹ: 1 trái, Đậu bắp: 8 trái, Cà chua bi: 1 ít, Tiêu, hành tím băm, tỏi băm, Que xiên, mù tạt xanh, dầu ăn, Xốt Mayonnaise LISA, ""AJINOMOTO"" Giấm gạo lên men, Hạt nêm Aji-ngon® Heo",,,,"Ướp thịt bò với xốt Mayonnaise Ajimayođể thịt bò mềm, ngon và không bị khô.Mayonnaise kết hợp với mù tạt xanh tạo nên vị cay nhẹ rất ngon chocác món nướng.Nướng thịt bò vừa chín tới sẽ mềm, ngon và không bị dai.",Thịt bò nướng mù tạt,,,,,,,,,,,,,,,,
https://monngonmoingay.com/ga-cuon-xoi-xoai-2/,https://monngonmoingay.com/wp-content/smush-webp/2015/08/IMG-0146-ga-cuon-xoi-xoai.png.webp,https://www.youtube.com/channel/UC-2EWHDbHnx5JOeyWfLdIxQ,Gà cuộn xôi xoài,"Xôi gà là món ăn đường phố quen thuộc nhưng với cách biến tấu mới theo phong cách Tây sẽ đưa món ăn này lên tầm cao mới, là món khai vị nóng trong bữa tiệc hoặc là món ăn nhẹ trong bữa giữa buổi. 🍴 Các món Âu ngon 🐔 Tận dụng thịt gà dư trong Tết, Mẹ nấu món Bún gà xáo sả cho bữa sáng năm mới 🥭 Mùa hè, ăn những loại trái cây này vừa ngon vừa tăng hệ miễn dịch",4 người,45 Phút,Dễ,"Quay/Rôti, Nướng, Thịt gà, Khác, Rau củ quả khác, Cuối tuần, Bữa tối, Tết, Các món ăn kèm, món phụ, Món mặn, Món Âu, Cha, Mẹ, Người lớn tuổi, Trẻ em","Đùi gà: 2 cái, Pate gan: 2M, Cải bó xôi: 4 lá, Cà rốt bào mỏng: 8 lát, Xoài cắt hạt lựu, Xôi trắng, Nước tương LISA, Hạt nêm Aji-ngon® Gà, Xốt Mayonnaise Aji-mayo® Vị Nguyên Bản, Đùi gà: 2 cái, Pate gan: 2M, Cải bó xôi: 4 lá, Cà rốt bào mỏng: 8 lát, Xoài cắt hạt lựu, Xôi trắng, Nước tương LISA, Hạt nêm Aji-ngon® Gà, Xốt Mayonnaise Aji-mayo® Vị Nguyên Bản",,,,"Khứa ngang sớ để khi quay xong cuộn gà được đẹp.Bọc lá bó xôi để xôi không bị thấm nước khi quay chảo, khi dùng sẽ giúp món ăn ngon hơn.Xem thêm:các món gà ngontừ chương trình Món Ngon Mỗi Ngày",Gà cuộn xôi xoài,,,,,,,,,,,,,,,,
https://monngonmoingay.com/chao-ca-gio-heo/,https://monngonmoingay.com/wp-content/smush-webp/2019/04/chao-ca-gio-heo-2.jpg.webp,https://www.youtube.com/channel/UC-2EWHDbHnx5JOeyWfLdIxQ,Cháo cá giò heo,"Cháo cá giò heo hương vị thơm ngon đậm chất nam bộ. Trong cháo có nhiều thánh phần dinh dưỡng, phù hợp cho mọi lứa tuổi, từ người già đến trẻ nhỏ. 🍖 Cách lựa chọn chân giò heo và chế biến món ăn phù hợp 🐟 Mẹo đơn giản nấu canh cá ngon, không bị tanh cũng chẳng bị nát",4 người,30 Phút,Dễ,"Khác, Thịt heo, Cá, Gạo, Phở / bún / hủ tiếu / miến, Cuối tuần, Nam, Thực đơn hàng ngày, Bữa tối, Bữa trưa, Các món ăn kèm, món phụ, Nam, Cha, Mẹ, Người lớn tuổi, Trẻ em","Gạo thơm: 150g., Gạo nếp: 50g., Giò heo rút xương: 300g., Nạc cá lóc: 200g., Nước dùng, giá, bún, hành, ngò, chanh, ớt, hành phi, gừng, nước mắm, dầu ăn, muối, tiêu., Hạt nêm Aji-ngon® Heo, Gạo thơm: 150g., Gạo nếp: 50g., Giò heo rút xương: 300g., Nạc cá lóc: 200g., Nước dùng, giá, bún, hành, ngò, chanh, ớt, hành phi, gừng, nước mắm, dầu ăn, muối, tiêu., Hạt nêm Aji-ngon® Heo",,,,"Rang gạo trước khi nấu, cháo sẽ thơm sánh và không bị đặc.Để nấu cháo ngon nên trộn thêm nếp vào gạo tẻ theo tỉ lệ 1:3.",Cháo cá giò heo,,,,,,,,,,,,,,,,
https://monngonmoingay.com/chao-bo-cau/,https://monngonmoingay.com/wp-content/smush-webp/2015/04/CACH-LAM-CHAO-BO-CAU-MNMN-Buoc-4.jpg.webp,https://www.youtube.com/channel/UC-2EWHDbHnx5JOeyWfLdIxQ,Cháo bồ câu,"Cháo bồ câu là món ăn rất bổ dưỡng dành cho trẻ em, người mới ốm dậy đồng thời bổ sung năng lượng cho người lao động nặng nhọc. 🍴 Món ăn ngon cho bé 🕊 Tìm hiểu về giá trị dinh dưỡng của thịt bồ câu 🕊 Cách chọn thịt bồ câu và sơ chế thịt bồ câu sạch mùi",4 người,30 Phút,Dễ,"Khác, Thịt gà, Các loại thịt khác, Các loại rau, Nấm, Rau củ quả khác, Gạo, Khác, Cuối tuần, Thực đơn hàng ngày, Bữa tối, Bữa trưa, Nam, Cha, Người lớn tuổi, Mẹ, Trẻ em","Bồ câu 2 con., Xương gà 1 bộ, Gạo tẻ 100g, Đậu xanh 50g, Gừng, hành lá, hành tím, ngò rí, nấm hương, rau răm, tiêu, muối, Hạt nêm Aji-ngon® Heo, Bồ câu 2 con., Xương gà 1 bộ, Gạo tẻ 100g, Đậu xanh 50g, Gừng, hành lá, hành tím, ngò rí, nấm hương, rau răm, tiêu, muối, Hạt nêm Aji-ngon® Heo",,,,Dùng gạo tẻ loại nở mềm và xốp cơm để nấu cháo sẽ ngon hơn.Nên hấp bồ câu với lửa nhỏ đều để thị được chín mềm và giữ độ ngon.,Cháo bồ câu,,,,,,,,,,,,,,,,
https://monngonmoingay.com/bi-xanh-tiem-tu-hai/,https://monngonmoingay.com/wp-content/smush-webp/2019/04/bi-xanh-tiem-tu-hai-1.jpg.webp,https://www.youtube.com/channel/UC-2EWHDbHnx5JOeyWfLdIxQ,Bí xanh tiềm tứ hải,"Món bí xanh tiềm tứ hải độc đáo gồm nhiều nguyên liệu tươi ngon, hấp dẫn, có tác dụng bồi bổ sức khỏe. 🥗 Các món ngon hồi phục sau cảm 🥗 Trà bí đao: cách nấu đơn giản mà lại ngon 🥒 Bí ngòi – Thực phẩm không thể thiếu trong bữa cơm hè",4 người,30 Phút,Dễ,"Hấp/Tiềm, Thịt gà, Tôm, Hải sản khác, Rau củ quả khác, Cá, Củ quả, Nấm, Cuối tuần, Thực đơn hàng ngày, Bữa tối, Bữa trưa, Món chay, Nam, Cha, Mẹ, Người lớn tuổi, Trẻ em","Bí xanh 1 quả., Bọng gà 1 cái., Cá chẻm 100g., Tôm sú 150g., Sò điệp khô 50g., Thịt cua 100g., Cà rốt, gừng, nấm hương, hành lá, bột năng, dầu mè, muối, tiêu, Hạt nêm Aji-ngon® Heo, Bí xanh 1 quả., Bọng gà 1 cái., Cá chẻm 100g., Tôm sú 150g., Sò điệp khô 50g., Thịt cua 100g., Cà rốt, gừng, nấm hương, hành lá, bột năng, dầu mè, muối, tiêu, Hạt nêm Aji-ngon® Heo",,,,"Chọn sò điệp khô ráo nhưng không khô cứng, thịt sẽ mềm và thơm hơn.Nên tiềm khi nước đã sôi để món ăn được giòn và không bị bở.",Bí xanh tiềm tứ hải,,,,,,,,,,,,,,,,
https://monngonmoingay.com/ga-tiem-hat-sen/,https://monngonmoingay.com/wp-content/smush-webp/2019/04/ga-tiem-ham-hat-sen.jpg.webp,https://www.youtube.com/channel/UC-2EWHDbHnx5JOeyWfLdIxQ,Gà tiềm hạt sen,"Gà hầm hạt sen là món ăn cực kỳ thơm ngon, bổ dưỡng và là bài thuốc dân gian hiệu quả dành cho người bị chứng mất ngủ thường xuyên. 🥘 Các món hầm/tiềm ngon tại Món Ngon Mỗi Ngày 🐔 Cách luộc 4 loại thịt sao cho ngọt, mềm 🥩 Bí quyết khử mùi tanh của từng loại thịt 🟡 Hạt sen cũng góp phần bồi bổ sức khỏe cho Ông Bà nữa nè",4 người,30 Phút,Dễ,"Hấp/Tiềm, Thịt gà, Nấm, Cà rốt, Củ quả, Cuối tuần, Thực đơn hàng ngày, Bữa tối, Bữa trưa, Nam, Cha, Mẹ, Người lớn tuổi, Trẻ em","Đùi gà 1 cái., Bọng gà 1 cái., Cà rốt 1/2 củ., Củ năng 6 củ., Nấm hương 4 tai., Hạt sen 50g., Dầu mè, bột năng, muối, tiêu, Hạt nêm Aji-ngon® Heo, Đùi gà 1 cái., Bọng gà 1 cái., Cà rốt 1/2 củ., Củ năng 6 củ., Nấm hương 4 tai., Hạt sen 50g., Dầu mè, bột năng, muối, tiêu, Hạt nêm Aji-ngon® Heo",,,,"Hạt sen tuơi sẽ ít bị sượng hơn hạt sen khô, cho món ăn ngon hơn.",Gà tiềm hạt sen,,,,,,,,,,,,,,,,
https://monngonmoingay.com/kimbap-cuon-trung-thit-nguoi/,https://monngonmoingay.com/wp-content/smush-webp/2023/01/no-image.jpg.webp,https://www.youtube.com/channel/UC-2EWHDbHnx5JOeyWfLdIxQ,Kimbap cuộn trứng thịt nguội,"Kimbap cuộn trứng thịt nguội hấp dẫn nhiều màu sắc từ các nguyên liệu, vị thơm lá mè, và các nguyên liệu, vị béo mayonnaise. 🥓 Cách làm thịt xông khói bacon đơn giản tại nhà 🥚 Trứng gà tuy giá thành rẻ nhưng lợi ích dinh dưỡng cao",4 người,30 Phút,Dễ,"Khác, Thịt heo, Trứng, Thực đơn hàng ngày","Lá rong biển: 2 lá, Trứng gà: 2 quả, Thịt nguội lát: 6 lát, Lá mè: 6 lát, Cơm trắng dẻo: 300g, Cà rốt: 1/2 củ, Dưa leo: 1/2 củ, Gia vị: dầu ăn, mè trắng rang, Hạt nêm Aji-ngon® Heo, Xốt Mayonnaise Aji-mayo® Vị Nguyên Bản, Lá rong biển: 2 lá, Trứng gà: 2 quả, Thịt nguội lát: 6 lát, Lá mè: 6 lát, Cơm trắng dẻo: 300g, Cà rốt: 1/2 củ, Dưa leo: 1/2 củ, Gia vị: dầu ăn, mè trắng rang, Hạt nêm Aji-ngon® Heo, Xốt Mayonnaise Aji-mayo® Vị Nguyên Bản","Trứng đánh tan, nêm 1 ít Aji-ngon, rây lại, chiên lát mỏng, cắt thành hình vuông bằng lát ham, phần còn dư sẽ cắt sợi thật nhỏ. Cà rốt cắt sợi, chần qua. Dưa leo cắt sợi. Lá rong biển cắt dát bản 2cm.","Lần lượt xếp lá rong biển dưới cùng, trứng chiên, ham, lá mè, cơm, dưa leo, cà rốt, trứng sợi, thêm 1m xốt mayonnaise, rắc mè rang, sau đó nhẹ nhàng cuộn lại (lưu ý xếp các lớp xem kẽ sẽ đẹp hơn)",Khi ăn chấm thêm Mayonnaise tùy sở thích,Dùng chảo không dính để tráng trứng mỏng và đẹp hơn.Có thể thêm 1 ít muối khi nấm cơm để cơm đậm đà hơn.,Kimbap cuộn trứng thịt nguội,,,,,,,,,,,,,,,,
https://monngonmoingay.com/com-nam-ca-ngu-tam-trung-chien/,https://monngonmoingay.com/wp-content/smush-webp/2023/01/no-image.jpg.webp,https://www.youtube.com/channel/UC-2EWHDbHnx5JOeyWfLdIxQ,Cơm nắm cá ngừ tẩm trứng chiên,"Cơm nắm cá ngừ tẩm trứng chiên với viên cơm chặt tay, trứng bên ngoài chín vàng. Vị béo của mayo, cá ngừ, thơm trứng. 🐟 Cá ngừ không chỉ ngon mà còn nhiều dinh dưỡng quá nè!",4 người,30 Phút,Dễ,"Chiên, Cá, Trứng, Thực đơn hàng ngày","Cá ngừ ngâm dầu: 1/2 hộp, Hành tây: 20g (Băm nhỏ, xả với nước, vắt ráo), Cơm trắng dẻo: 500g, Trứng gà: 2 quả (đánh tan), Lá rong biển: 1 lá (cắt miếng 2cmx6cm), Gia vị: tiêu, dầu ăn, Hạt nêm Aji-ngon® Heo, Xốt Mayonnaise Aji-mayo® Vị Nguyên Bản, Cá ngừ ngâm dầu: 1/2 hộp, Hành tây: 20g (Băm nhỏ, xả với nước, vắt ráo), Cơm trắng dẻo: 500g, Trứng gà: 2 quả (đánh tan), Lá rong biển: 1 lá (cắt miếng 2cmx6cm), Gia vị: tiêu, dầu ăn, Hạt nêm Aji-ngon® Heo, Xốt Mayonnaise Aji-mayo® Vị Nguyên Bản","Cá ngừ chắt dầu, đểu ráo, tộn đều với tiêu, hành tây và 2M xốt mayonnaise Aji-mayo. Trứng gà đánh tan, ướp 1 ít hạt nêm Aji-ngon.","Cân 90g cơm, cho 15g nhân cá ngừ vào, ép khuôn tạo hình. Làm nóng chảo không dính, phết 1 ít dầu ăn, nhúng cơm vào trứng sau đó áp chảo đến khi trứng chín.",Bọc qua với 1 lá nhỏ rong biển. Dùng nóng,Xả hành tây với nước để giảm độ hăng.Chọn trứng gà lòng đỏ đậm màu sẽ hấp dẫn hơn.Thêm ít muối khi nấu cơm để cơm đậm đà hơn.,Cơm nắm cá ngừ tẩm trứng chiên,,,,,,,,,,,,,,,,
