Tên món ăn,Carbohydrate,Calories,Protein,Sugar,Fiber dietary,Vitamin C,Vitamin D,Vitamin B12,Calcium,Iron,Cholesterol,Phosphorous,Folic acid,Saturated fat,Potassium,Sodium
Bánh flan hạt chia matcha,65,450,15,50,2,1,1,0.5,200,1.5,250,150,20,15,200,100
Gà om táo tàu,60,850,70,25,10,30,0,0.5,50,3,150,400,30,15,600,800
Khoai tây xào thịt bò phô mai,76,640,40,12,8,20,0.5,1.8,250,4,80,400,40,15,1200,600
Cà tím cuộn thịt chiên,18,350,25,5,4,3,0.5,0.8,40,2.5,100,200,20,6,350,600
Bánh rán socola mứt xoài,110.0,500.0,5.0,80.0,6.0,120.0,0.0,0.0,30.0,0.8,0.0,50.0,70.0,1.0,450.0,100.0
Canh cua rau đay,15,250,25,5,5,30,0,1.5,800,5,80,300,50,5,500,800
Salad mực chiên,45,400,45,10,12,180,0,1.5,120,3,200,400,90,3,800,450
Salad rong biển thanh cua,20,250,10,8,5,20,0,0,50,1,15,80,30,2,300,400
Sườn nướng mật ong,35,2200,130,25,1,1,0,1,50,4,350,900,5,60,500,1500
Salad trộn xốt phô mai cay,14,340,16,7,4,25,1,1,80,2,370,250,80,8,450,400
Salad gà nướng thơm,25,420,35,15,5,30,0,0.5,30,2,120,250,25,5,450,400
Miến xào nghêu,55,650,70,10,8,35,0,4,150,15,150,400,50,5,800,1200
Lươn kho sả ớt,6.5,580,50,5,0,2,12,3,150,4,140,400,15,8,600,450
Gà chiên xúc xích ớt xiêm,25,750,65,5,2,3,0.5,0.8,40,3,250,500,10,15,350,900
Phở chay,150,800,35,10,8,15,0,0,80,5,0,250,30,10,400,1500
Pancake vị trà sữa,35,450,4,25,1,0,0,0,50,0.5,80,40,0,25,80,150
Bánh mì xíu mại,75,650,40,15,5,20,1,1.5,50,3,250,300,30,10,400,800
Miến măng trộn,65,650,60,10,8,5,0,0.5,50,4,150,300,20,5,400,800
Canh bóng nấu thả,25,350,35,8,5,60,0,0.5,50,2,100,250,30,8,400,800
Gỏi bắp bò hoa,45,650,50,20,8,15,0,2,50,6,120,300,30,10,600,800
Miến gà trộn,55,550,55,10,7,25,0,0.5,50,3,100,250,40,3,400,1200
Chả giò chiên,105,650,45,10,5,2,0,1,50,3,150,300,20,5,400,800
Thịt gà nướng,7,850,85,6,0,0,0,0,20,2,200,600,5,10,400,800
Mì trộn tôm trứng mayonnaise,90,750,45,8,5,15,2,1,80,4,400,300,50,8,400,2500
Salad gà nướng,35,520,45,15,5,20,0.5,0.8,30,2.5,120,250,25,8,450,600
Salad mì udon cá hồi xốt mè rang,104,880,55,20,10,35,15,4,80,3,90,500,80,15,900,600
Gỏi ngó sen tôm thịt,35,550,35,15,5,25,0,1,80,3,180,300,30,15,400,800
Gỏi gà giòn,45,650,40,15,5,15,0,0.5,50,2,150,300,30,8,400,800
Canh gà mọc viên,45,650,60,15,8,8,0,1.5,80,5,180,500,30,8,800,600
Đậu hủ kho nấm rơm,15,180,18,5,3,15,0,0,120,3,0,250,30,1,450,400
Miến trộn hải sản,85,550,45,15,5,15,0,1.5,80,4,200,350,30,3,500,800
Chả ốc chiên,15,350,35,2,1,3,0.1,1.5,50,3,150,250,10,5,300,600
Há cảo tam sắc,55,450,35,5,2,3,0.5,0.8,50,2.5,150,250,20,3,300,500
Bánh rán sữa chua ngũ cốc,130,800,35,60,10,5,2,0.5,400,5,15,300,50,8,450,500
Bò cuộn lá rong biển,15,500,45,8,4,15,0.5,2,40,4,150,300,25,8,500,600
Hoành thánh tôm xốt vị Thái,35,650,25,5,2,10,0,0.5,50,2,150,200,20,15,300,1500
Trà thạch vải hoa hồng,25,100,0.5,20,0.5,5,0,0,5,0.1,0,5,0,0,50,15
Thịt kho,5,950,45,3,1,2,0,0.5,20,3,200,300,5,30,400,800
Bột chiên bắp,65,840,42,20,8,90,2,1,120,5,600,400,150,8,600,800
Bánh rán phô mai trứng muối,30,550,35,5,2,0,1,0.5,300,2,450,350,30,15,200,1200
Blendy®matcha sữa tào phớ,85,520,8,55,2,2,0,0,80,1,0,100,10,4,250,150
Lẩu sườn cọng,25,650,40,8,5,20,0,0.5,150,4,120,300,30,15,600,1200
Miến trộn bò bằm,75,650,45,10,8,3,0.5,2.5,60,5,80,300,30,8,500,800
Cá bông lau chua ngọt,15,550,45,8,3,90,0,2,50,2,120,400,25,8,600,650
Canh bầu mồng tơi,25,650,45,8,7,40,2,2.5,150,7,1600,600,100,15,800,800
Bún giò heo cay,170,850,45,15,8,15,0,1,80,4,120,400,30,10,600,1500
Mì Trộn Vị Thái,120,1200,65,18,10,90,2,1.5,150,6,450,600,80,15,800,2500
Canh Bí Đao Rong Biển,15,210,42,5,4,20,0,1.5,100,2,200,300,30,0.5,600,400
Cánh gà rim hạt đác,15,650,45,10,1,15,0,0.5,30,2,150,250,5,8,300,800
Bắp Bò Nhúng Mắm Ruốc,145,800,45,10,8,30,0,1.5,80,6,90,300,50,3,600,1500
Mì vịt tiềm chay,0,0,0,0,0,0,0,0,0,0,0,0,0,0,0,0
Cá nục kho tóp mỡ,0,0,0,0,0,0,0,0,0,0,0,0,0,0,0,0
Gà Chiên Giòn Xóc Vị Thái,25,750,65,5,5,20,0,0.5,50,2,150,300,30,30,400,800
Bánh tráng cuộn trứng áp chảo,45,400,18,2,2,1,1,0.8,60,2,400,200,40,8,180,600
Salad bacon,15,280,12,7,4,25,0,0.3,50,1.5,30,150,30,5,300,450
Cà ri lươn,0,0,0,0,0,0,0,0,0,0,0,0,0,0,0,0
Mì xào xá xíu,75,650,35,10,8,25,0,0.5,50,3,80,300,40,15,400,800
Bánh nướng Halloween,75,650,25,40,5,15,2,0.8,80,3,800,250,50,8,600,400
Mì trộn sốt kho quẹt,55,650,45,5,5,15,2,2.5,80,4,300,350,50,10,500,1500
Salad cá hồi sốt tôm khô,45,750,70,15,10,50,5,4,150,5,450,700,80,15,900,600
Bánh áp chảo mì gói và bắp,40,550,25,10,5,20,2,0.8,50,3,400,250,50,10,300,1200
Bánh canh cua phồng tôm,55,650,55,5,3,2,0.5,1.5,150,4,250,400,30,15,500,1200
Cá lóc cuộn nghệ,15,550,80,2,2,15,0,1,50,2,120,600,20,3,700,800
Canh sườn bò Hàn Quốc,25,1200,75,5,8,15,0,2,50,6,150,400,20,25,700,1500
Gyoza,25,300,12,5,3,45,0,0,30,1.5,15,100,20,2,200,600
Thịt Ba Rọi Tẩm Trứng Chiên Giòn,25,1200,50,7,8,100,0.5,0.8,80,4,250,400,50,30,600,700
Bắp hạt chiên giòn,41.4,600,7,6,4,0,0,0,10,0.8,5,100,0,8,250,600
Đùi ếch chiên,20,450,40,8,5,30,0,0.5,50,2,80,250,40,5,400,500
Bánh crepe áp chảo,65,820,45,12,3,2,2,1,250,3,650,400,50,20,400,1200
Cánh gà chiên lá quế,40,650,60,15,3,5,0.5,1.2,30,3,150,250,10,5,350,600
Bánh bông lan bơ hành,60,1100,55,20,2,8,3,1.5,300,3,800,500,50,30,350,1200
Súp mộc nhĩ thịt cua,35,410,38,5,4,3,1,1.5,120,3,250,350,30,4,400,1200
Ức gà nhồi phô mai,41,699,64,4,1,1,1,1,85,2,380,550,50,11,400,900
Vải,0,0,0,0,0,0,0,0,0,0,0,0,0,0,0,0
Bánh quy,0,0,0,0,0,0,0,0,0,0,0,0,0,0,0,0
Vịt kho riềng ớt khô,50,850,60,15,5,8,0.5,1.2,50,4,180,350,25,15,400,800
Lẩu kim chi phô mai,65,850,55,10,5,25,0,1,150,5,180,400,50,25,600,1500
Cá chép chiên giòn cuốn bánh tráng,110,1200,100,25,10,50,0,3,150,5,250,800,30,15,700,1000
Salad cá ngừ rau thơm,40,750,70,15,8,90,0,2.5,80,3,70,350,50,5,700,600
Mì Ý bò băm,115,800,45,15,8,8,2,1.5,70,4,200,400,50,15,600,800
Củ năng om nấm chay,80,650,25,15,15,15,0,0,150,5,0,300,50,15,800,500
Salad bơ bacon,36,810,22,8,12,30,0,0.5,70,2.5,80,350,80,25,1200,700
Canh ốc mồng tơi,25,350,28,8,5,40,0,1.5,150,4,90,250,30,5,500,1200
Bò cuộn xúc xích chiên giòn,25,850,45,5,2,15,0,1,30,3,150,250,10,25,300,800
Bánh flan,0,0,0,0,0,0,0,0,0,0,0,0,0,0,0,0
Cơm sen gạo lứt chay,150,800,35,10,15,15,0,0,150,5,0,400,50,3,800,500
Chả giò rong biển chay,40,450,25,8,7,10,0,0,150,4,0,300,30,4,500,1200
Panna Cotta Kem Muối,36,850,9,30,1,1,0,0.1,150,0.5,700,100,5,150,150,150
Sườn kho khoai tây,30,520,35,12,4,25,0,0.8,40,2.5,90,250,20,8,600,800
Tôm sú kho lá quế,25,420,50,15,3,5,0,1,80,3,200,300,20,3,400,800
Canh sườn đậu phộng xá bấu,25,850,45,8,5,3,0,1.5,50,3,150,400,20,15,500,600
Canh tôm bồ ngót,25,280,25,8,5,80,0,1,150,3,150,250,80,2,500,450
Tim heo nướng ngũ vị,45,620,48,15,7,25,0,2.5,60,6,300,400,45,7,800,750
Cơm,0,0,0,0,0,0,0,0,0,0,0,0,0,0,0,0
Súp gà mọc nấm hương,25,850,70,8,5,5,0,1,50,4,200,500,20,15,600,500
Nghêu kho nước tương,25,450,55,15,5,30,0,2,150,8,100,400,50,2,600,1200
Cháo cá nấu bắp nếp,80,720,55,15,8,8,0,1.5,80,3,90,550,30,10,700,800
Viên xúc xích trứng cút chiên,60,800,45,10,5,15,1,0.5,80,3,450,400,50,15,500,1200
Lẩu sườn khoai môn,65,950,45,15,8,15,0,0.5,80,4,150,400,25,15,600,1200
Canh lươn bồn bồn,45,550,40,25,8,50,0,2,150,4,100,300,40,5,600,1200
Cá hồi hạnh nhân xốt chanh dây,22,1000,65,5,3,15,10,5,70,2,150,700,30,12,900,500
Salad rong nho xốt mè rang,35,550,35,15,8,40,2,1,150,3,600,300,80,8,600,500
Quýt,0,0,0,0,0,0,0,0,0,0,0,0,0,0,0,0
Cá nục kho mía,80,750,45,20,5,25,1,2,150,4,120,400,30,8,600,1200
Phở tái lăn,105,750,45,10,5,15,0,2,80,5,100,300,30,15,500,1500
Vịt nấu cơm rượu,65,750,55,15,5,30,0,1.5,80,4,150,400,50,10,600,800
Bánh rán burger bò,60,750,40,15,5,20,0,2,50,5,120,300,30,10,500,800
Cá basa fillet chiên trứng,40,850,55,10,5,15,2,1,80,3,300,450,50,8,600,1200
Mề gà xào cay,15,450,60,8,1,10,0,1.5,20,7,400,400,25,4,350,1200
Thịt bò chiên trộn cải mầm,45,710,55,20,8,150,0,2.5,70,5,150,400,50,8,800,800
Gà hấp tứ quý chay,50,400,18,15,8,8,0,0,70,3,0,250,50,1,600,800
Trà sữa matcha khoai môn,70,350,4,40,5,5,0,0,100,1,0,80,10,2,500,150
Sườn chay om nấm đùi gà,72,595,25,9,15,60,0,0,70,5,0,350,50,2,1200,800
Cá bống trứng kho tiêu,25,650,45,18,2,7,0,2,150,3,180,400,15,18,450,1200
Lẩu bò thảo mộc,65,950,85,15,12,60,0,3,250,12,200,500,80,25,1200,1500
Thịt bê xào lăn,105,850,45,15,8,15,0,1.5,100,6,120,400,30,15,700,600
Mực xào đậu Hà Lan,30,350,35,10,8,40,0,1.5,70,3,200,300,50,2,500,700
Cá hấp mồng tơi,15,650,70,8,5,60,2,3,150,3,120,600,50,5,700,500
Da heo chiên nước mắm,15,1350,120,12,1,5,0,0.5,20,2,500,150,10,150,200,1500
Cá chép kho riềng,25,650,70,10,5,15,2,3,100,5,200,500,30,10,600,1200
Bún thang,130,850,65,15,5,5,1,1.5,80,5,250,500,20,15,600,1500
Cơm giòn tôm kho quẹt,107.5,747.5,38.5,12.5,10.5,48,0,1.2,120,3.2,180,450,65,4,800,600
Salad bít tết,30,450,45,10,5,15,0,2.5,50,4,120,300,30,8,500,600
Blendy trà đào cam sả,88.0,380.0,2.0,70.0,3.0,15.0,0.0,0.0,20.0,0.5,0.0,15.0,0.0,0.0,150.0,100.0
Cơm gà nướng nước tương,143.5,1005,49,7,2,1.5,0,0.5,40,3.5,150,400,15,7,550,850
Sườn bò hầm đậu phộng,58,1100,75,15,15,15,0,2.5,80,8,180,600,60,25,900,700
Gà xào tiêu đen,25,670,65,15,3,20,0,0.5,30,3,250,400,20,15,500,800
Canh cá rau cần,25,650,90,15,5,30,0,1.5,100,3,150,700,40,3,800,1200
Bún riêu cua bắp bò,142,920,58,18,8,20,0,1.5,80,6,140,450,40,8,700,2000
Bò cuộn rong biển,35,550,45,5,5,15,0,2,80,4,120,350,30,8,500,800
Gỏi gà cần tây,105,850,65,18,12,25,0,1.5,80,4,150,400,50,8,700,800
Canh chua cá lóc đậu tương,40,450,45,25,8,50,0,1.5,150,4,70,400,50,2,700,1200
Salad trứng,30,750,35,15,12,40,2,1.5,100,4,800,400,150,15,800,300
Bò áp chảo,106,1150,65,15,10,25,2,3,120,6,450,600,80,15,1100,1500
Xúc xích dưa cải,25,1200,45,10,5,50,0,0.5,50,3,150,300,20,20,400,1500
Cánh gà chiên lá chanh,35,1200,80,5,2,10,0,1,30,2,150,200,15,15,300,1200
Cuốn chay đậu hũ rau rừng,40,420,28,8,7,15,0,0,180,4,0,300,30,3,450,800
Đùi gà xốt kiểu Teriyaki,45,850,75,15,2,5,0.5,0.8,30,2,200,400,15,10,500,800
Canh khoai mì nấu tôm,95,530,35,5,5,10,0,1,80,3,180,300,30,5,500,600
Blendy gạo rang kem chuối,85,600,10,50,5,15,1,0.2,80,1.5,60,120,20,15,400,100
Canh gà tứ quý,110,1400,90,15,25,15,0,1,100,7,180,700,150,20,1200,800
Cá lòng tong rim nước mắm,15,550,45,3,2,5,0,2,150,2,100,400,20,5,450,600
Gà hấp hành răm,15,650,75,5,3,15,0,0.5,50,3,250,300,20,15,400,800
Bún trộn ngũ sắc,65,450,18,8,12,40,0,0,80,4,0,250,100,3,600,600
Ốc xào khế,15,250,30,5,2,40,0,0,50,4,80,200,15,2,400,500
Ba chỉ rim mắm ruốc,15,1500,60,10,5,15,0,0.5,50,4,250,400,10,40,600,1500
Gà om kiểu hoa,35,850,60,10,5,15,0.5,0.8,50,3,200,400,20,15,450,800
Cupcake trứng muối chà bông phô mai,40,800,50,10,2,1,3,1.5,200,3,1200,400,50,20,300,1500
Lẩu cá lăng vị Thái,75,750,70,8,7,40,0,2,100,5,150,500,50,5,800,1200
Lươn nướng lá chanh,5,580,50,3,1,8,2,3,150,5,140,400,20,8,500,800
Bún cá hộp,55,550,45,10,5,20,2,3,50,3,60,300,30,5,400,800
Bông cải xào nước tương,30,230,8,15,8,120,0,0,60,2,0,180,70,2,700,400
Ba chỉ chiên riềng mẻ,25,1200,45,8,3,30,0,0.5,50,3,150,300,15,40,400,800
Ức gà hấp cải thảo,19,320,55,5,3,10,0,0.5,30,2,130,450,25,1,600,600
Trà sữa blendy trái cây,25,150,1,20,1,10,0,0,20,0.2,0,15,5,1,100,30
Gà nướng xiên,65,750,60,20,7,15,0,0.5,50,3,150,400,25,5,600,500
Salad bơ cải kale ức gà,16,440,45,6,7,100,0,0.6,160,2,120,400,70,6,700,350
Đậu trộn dầu giấm xốt mè rang,78,740,68,15,20,25,0,0.6,150,7,150,550,150,4,1100,800
Mì udon xào bò,55,450,35,8,5,25,0,2.5,40,4,90,300,30,5,600,700
Rau củ luộc và cơm chiên giòn chấm kho quẹt,53,360,8,7,7,70,0,0,80,1.5,0,150,60,3,450,600
Gỏi cuốn tôm,65,550,35,5,7,20,0,1,80,3,150,250,50,2,400,600
Đậu hũ hấp trứng,7,170,15,2,1,2,1,0.5,30,1.5,180,150,20,3,200,300
Cơm gạo lứt trộn,110,650,15,5,8,8,0,0,25,2,0,200,20,0.5,350,400
Cá hồi lúc lắc,15,550,45,7,3,40,10,3,70,2,120,400,30,5,600,500
Salad táo với hạt óc chó,118,1330,25,85,20,35,0,0,120,3,10,500,60,15,900,250
Súp gấc nấm mỡ,50,350,15,10,8,15,0,0,80,3,0,150,30,2,400,350
Đùi dê quay,15,800,70,5,2,15,0,1,30,5,150,300,10,20,400,500
Pizza khoai tây,43,430,22,8,4,20,1,0.5,200,1.5,210,250,30,10,700,500
Pancake chocolate trái cây nhiệt đới,35,250,3,25,3,25,0,0.1,30,1,30,40,15,6,150,150
Lẩu Thái và hoa,40,650,65,5,10,80,1,2,200,8,250,600,100,8,800,1200
Cơm chiên kim chi,170,1200,65,15,8,25,3,2,150,6,800,600,80,15,700,1800
Gỏi cá kiểu Nhật,25,350,35,8,7,50,0,0.5,100,2,80,300,50,3,600,600
Chả bắp,35,450,40,8,4,8,0.5,1.2,60,3,180,300,30,8,450,800
Pancake chocolate mứt cam,65,550,6,40,3,140,0,0.3,80,1.5,40,70,40,25,400,300
Salad khoai tây trứng cút,35,320,15,7,4,15,1,0.5,50,1.5,200,150,30,5,500,400
Lẩu bò hoa,25,500,35,10,8,30,2,1.5,80,4,280,300,50,15,600,1200
Hotdog bắp cải,25,750,35,8,3,15,2,1.5,300,4,400,400,50,20,400,1200
Hoành thánh cay,25,250,15,3,2,5,0.5,0.3,30,1.5,75,150,20,3,200,400
Gà xốt cam,35,550,45,20,3,70,0,0.5,30,2,150,300,15,5,450,800
Gà xào chẩm chéo,15,650,50,8,3,15,0.5,0.8,50,3,150,300,15,15,500,600
Cải ngồng trộn gà xé,25,350,35,8,5,80,0,0.5,70,2,85,250,60,3,400,450
Ba rọi nướng mè rau củ,25,950,40,8,5,15,0,0.5,40,3,180,350,30,30,600,800
Gỏi gà hoa súng,45,550,45,15,8,30,0,0.5,80,3,120,300,50,5,600,500
Miến tôm phỉ thuý,45,420,40,5,3,5,0,1,80,3,200,250,30,3,400,800
Mì nưa xào tôm nấm,25,380,28,5,8,15,0,1,60,2,120,250,30,4,450,800
Tôm xốt sữa,15,350,45,5,3,25,0.5,1.5,80,2,200,300,30,8,400,500
Miến trộn kiểu Thái,65,550,40,10,5,15,0,1,80,3,180,300,30,5,500,1200
Chả cá thu chiên lá lốt,5,450,45,2,3,15,10,3,50,2,100,400,20,8,500,350
Canh cá Minh Thái,45,450,40,8,8,30,1,0.8,150,3,186,400,50,3,800,800
Súp cua vị Thái,15,220,25,5,3,5,1,0.5,50,2,200,200,20,2,300,800
Mực chiên giòn sốt tắc,25,350,35,8,2,25,0,0,60,2,200,300,20,3,350,600
Bún riêu cua,135,750,45,10,8,25,0,1.5,200,8,150,350,50,8,600,1200
Cá he kho rệu,60,750,65,25,5,30,0,2,150,3,180,500,25,8,700,800
Blendy kem nho,45,350,5,35,1,2,0.5,0.3,150,0.5,15,80,10,8,250,120
Pad Thái chay,65,450,25,8,8,25,0,0,150,4,0,250,50,3,500,700
Lẩu Thái đầu cá lóc bông,25,350,30,8,5,30,0,1,100,3,150,250,50,5,500,1200
Chả lá xương sông,10,1250,75,2,5,15,0,1,50,5,200,700,20,20,800,800
Thịt bê om giấm nghệ,25,1250,120,10,5,15,0.5,4,60,8,250,400,30,30,800,800
Cá ngừ cuộn phô mai,15,950,75,6,5,12,1,4,100,4,200,600,30,20,800,700
Salad mực măng tây,45,600,40,15,10,40,0,1.5,80,5,150,300,50,8,800,600
Ngưu bàng chiên tôm,55,450,35,15,8,30,1,1.5,80,3,180,300,40,5,600,650
Canh sườn non xuyên tiêu,25,650,45,15,5,8,0,0.5,50,3,150,300,20,15,500,800
Bánh đồng xu phô mai,0,0,0,0,0,0,0,0,0,0,0,0,0,0,0,0
Sườn heo om mít non,75,850,45,15,10,25,0,1.5,80,5,150,400,30,20,800,850
Viên thanh cua phô mai,30,450,25,8,5,8,0.5,0.3,200,1.5,60,250,25,12,400,600
Matcha cà phê,40,250,5,25,2,0,0.5,0.3,80,1,5,70,10,8,150,60
Tôm né bơ tỏi,10,750,75,3,2,15,1,2,250,3,300,400,30,30,350,800
Canh tôm khoai mài,85,500,25,5,7,15,0,1,50,3,100,200,30,2,700,300
Tôm càng hấp xốt mayonnaise xoài,85,600,25,20,5,20,0,1,50,2,150,200,30,8,300,300
Chôm chôm nhồi tôm chiên,75,750,45,30,5,40,2,1,80,3,200,300,50,15,500,600
Thăn heo cuộn cải hấp,25,700,60,5,5,15,1,1.5,50,4,250,400,30,15,500,600
Cá thu sốt xoài,65,1050,85,40,5,60,25,10,80,4,180,700,30,15,900,800
Má heo nướng táo,25,1500,75,15,3,5,0,1,30,5,200,400,10,30,500,800
Súp nấm ngưu bàng,25,150,8,5,5,8,0,0,50,2,0,100,20,1,400,400
Nấm nướng giấy bạc,15,150,8,3,5,3,0,0,10,1.5,0,200,25,1,350,250
Mì bò cay xuyên tiêu,40,450,35,5,4,15,0,2.5,50,4,70,250,20,5,500,1200
Tom Yum Kung,35,350,30,15,5,25,0,1.5,80,3,150,250,30,2,500,800
Pancake xốt đậu gà,65,500,15,20,8,15,0,0,80,3,20,200,50,5,400,600
Khoai chiên lắc mayo mè lá quế,65,420,5,15,6,25,0,0,80,1.5,5,150,15,5,600,200
Xôi cẩm thịt cua,400,1800,70,10,15,25,0,1.5,150,5,150,400,50,15,600,1200
Tôm viên đậu hủ xốt cà,25,550,55,10,3,15,0,1.5,150,3,250,400,30,8,600,800
Cuốn rong biển chay chấm xốt đậu phộng,65,500,20,15,10,25,0,0,80,3,0,200,40,5,400,500
Bò áp chảo sốt tiêu,5,650,65,1,1,2,0,3,20,5,150,350,15,15,400,400
Bánh crepe nhân mặn,30,350,15,8,1,2,0,0.5,50,1,30,100,10,8,150,600
Bạch tuộc xào cay kiểu Hàn,70,500,35,10,5,25,0,1.5,50,4,120,300,30,3,600,800
Bê cuộn khìa nước dừa tươi,15,1200,75,8,3,5,0,2,50,6,180,300,15,25,600,800
Bánh rán kẹp cá ngừ mayonnaise,25,450,28,5,4,15,0,2,80,2.5,40,250,30,5,400,600
Bánh rán hương mùa hè,40,500,7,25,4,30,0,0.5,80,1,85,70,20,25,250,150
Bánh mì hạnh nhân,95,1050,35,50,8,30,2,0.8,150,3,380,350,50,30,400,700
Bánh trứng nướng áp chảo,65,650,30,10,5,15,2,1.5,80,3,600,300,50,10,400,800
Canh chua cá diêu hồng,25,650,80,10,5,30,0,2,150,3,150,600,30,8,800,1200
Canh chua thịt băm,13,250,20,7,3,25,0,0.5,30,2.5,60,150,20,5,400,600
Nghêu hấp Thái,15,250,35,5,2,30,0,4,80,5,80,200,20,1,400,800
Canh chua cá miền Nam,25,350,40,10,5,30,0,2,80,2,70,300,30,3,600,800
Canh chua cá nấu măng,15,350,45,5,3,15,0,2,50,2,80,300,10,3,500,800
Canh chua dưa cải,10,550,35,5,2,15,0,0.5,30,2.5,100,250,10,10,400,1200
Canh chua tôm rau muống,15,350,40,8,3,25,0,1,80,3,200,250,40,3,400,800
Canh chua cá,20,350,35,10,5,30,0,1,80,2,80,300,30,3,500,800
Canh tôm chua cay,45,450,40,15,7,40,0,1,150,3,200,300,50,5,600,1200
Tép ruộng xào khế – Bông điên điển,15,350,30,5,5,40,0,1,200,5,100,250,30,10,400,800
Súp đậu non trứng rong biển,15,210,18,4,3,4,2,0.6,110,2,186,220,40,3,350,600
Salad gà nướng,25,650,50,12,5,15,0,0.5,30,2,150,250,30,8,400,500
Khoai tây nướng phô mai,61,520,17,4,6,27,0,0.5,180,1.5,50,300,30,12,1000,600
Cá hồi ngâm rau củ chua ngọt,25,700,60,15,5,15,15,3,50,2,120,600,30,10,700,600
Sườn non kho dưa cải,35,850,55,15,5,25,0.5,1.8,80,5,250,450,30,15,600,800
CANH SƯỜN CỦ SEN A-TI-SÔ,35,550,35,10,8,15,0,0.7,50,3,100,300,40,8,700,600
Ba rọi sả ớt tẩm bột chiên giòn,15,1750,50,2,1,5,0,0.5,20,2.5,200,250,5,60,400,1200
Gà cà ri xanh,65,1250,80,20,15,40,0,1.2,150,5,180,600,50,50,800,800
Dồi trường xào bông hẹ,25,550,35,8,5,60,0,0.5,50,5,350,250,30,15,400,800
Sụn gà rang lá cà ri cay,15,650,45,5,2,10,0,0.5,80,3,150,250,15,10,200,800
Salad cam đậu đỏ,60,650,35,20,15,70,3,1,100,4,600,350,100,10,800,600
Vịt nấu ragu,80,1200,75,25,8,15,0,1.5,80,6,250,400,30,20,700,800
Snack phồng tôm rau củ,55,550,35,15,5,30,0,1.5,80,2.5,150,250,40,8,350,400
Bạch tuộc lắc cóc non sa tế cay,25,550,60,10,3,25,0,1.5,80,5,200,500,30,2,700,1200
Đông cô bách hoa chay,40,450,25,8,10,90,0,0,150,4,0,300,50,5,800,700
Cá hồi xông khói cuộn cơm,45,520,45,3,2,3,10,4,80,2,150,400,30,5,500,800
Lẩu hoa cá kèo,70,650,45,15,8,40,0,1,150,5,120,400,50,5,700,1200
Đùi gà Barbecue,35,1600,120,20,5,8,0.8,1.5,60,6,600,900,30,25,800,1500
Mít non om sườn chay củ sen,85,550,15,15,12,25,0,0,80,4,0,200,40,15,700,400
Ba rọi rim cháy cạnh,10,1800,60,8,2,8,0,1,20,3,200,300,10,60,400,800
Bánh rán chocolate mứt tầm bóp,65,350,5,25,2,20,0,0,50,2,0,80,20,5,200,400
Sandwich nóng phô mai thịt nguội,35,450,20,5,1,2,0.5,0.8,200,1.5,150,250,30,15,150,800
Thịt bò xào bông so đũa,25,420,45,8,6,90,0.5,3,50,5,120,350,60,8,700,600
Chả ốc nướng lá lốt,15,520,40,5,3,15,0,1,80,5,150,300,20,15,400,800
Cua rang sốt tắc,15,650,85,8,2,30,0,2,250,4,200,300,25,8,400,1200
Pancake trứng khuấy,40,450,25,20,3,8,2,0.8,300,2,400,250,30,15,450,400
Chả giò tàu hũ ky,60,900,75,5,5,5,0,1,50,5,150,500,10,15,600,800
Cánh gà nướng cay,25,1800,120,15,2,5,0.8,1.5,80,6,800,800,20,25,600,1500
Gỏi xoài tôm sả,110,850,65,70,8,150,0,1.5,150,4,250,300,50,8,600,700
Lẩu vịt tía tô,40,650,45,10,5,15,0,1,80,4,150,300,30,10,600,800
Cá trứng chiên giòn,35,550,35,5,2,15,0,2,150,2,150,300,20,8,400,800
Salad bò rau má,25,450,35,8,6,60,0.5,2.5,60,3,90,250,30,8,600,400
Canh chua cá dứa 1 nắng,40,750,70,15,7,30,0,0.5,100,2,150,500,50,10,800,1200
Canh bí đỏ hạnh nhân,65,800,55,15,8,25,0,1.5,100,4,150,400,50,15,800,800
Bao tử khìa nước dừa,35,950,85,15,5,25,0,0.5,80,8,450,300,30,15,700,1200
Sandwich trứng cút mayonnaise,120,1200,65,15,8,2,2,2.5,150,5,800,500,100,20,300,1500
Mì căn xốt nấm,30,350,20,5,5,30,0,0,100,3,0,200,30,3,400,500
Sườn non kho xá bấu,25,850,45,8,2,3,0,0.8,50,3.5,150,350,10,20,400,800
Tôm chua trộn cóc xanh mayo,35,350,15,20,8,100,0,0.5,50,2,50,100,30,5,400,800
Cà tím nhồi thịt áp chảo,25,350,25,8,7,10,0,0.5,50,3,70,200,20,5,400,500
Gỏi xoài cá trê,50,450,40,30,8,90,0,1,100,3,120,300,50,5,600,700
Hàu chén nướng sốt tiêu xanh,15,450,45,5,1,5,2,15,150,8,250,400,30,8,300,800
Gà xào măng tây,25,650,65,8,5,90,0.5,0.8,50,3,180,500,40,8,700,600
Matcha flan,45,350,8,35,2,0,0,0,100,0.5,50,80,10,4,150,80
Pancake sắc màu,35,650,35,8,5,5,2,1,100,3,600,300,50,15,350,800
Tôm càng đút lò,25,550,40,8,3,3,0.5,1.2,250,2,250,350,25,20,400,600
Canh cua khổ qua,15,350,45,5,5,50,0,2,300,5,150,400,30,5,500,500
Bắp bò nhúng mẻ,40,650,55,8,5,30,0,2,50,6,150,300,25,10,600,800
Tôm nướng hoàng kim,25,850,70,15,1,3,2,2.5,150,3,500,500,40,25,400,1200
Mọc cốm chiên giòn,45,550,35,5,3,2,0,0.5,50,2,100,250,15,8,300,700
Canh cá chép giòn nấu nghệ,15,350,40,7,3,30,0,2,100,2,120,300,25,5,400,600
Bún bò bắp cải chua,110,750,55,15,8,40,0,1.5,80,5,120,400,50,8,600,1200
Salad cam tình yêu,40,600,50,25,8,90,0,1,150,3,250,300,70,8,600,500
Cá kèo chiên mè,15,350,35,8,2,5,0,1,80,2,100,300,15,4,400,500
Nem vuông chay,35,300,8,5,4,3,0,0,40,1.5,0,80,15,2,250,200
Cơm chiên dưa bò,108,540,28,2,2,10,0,1.5,20,3,70,250,15,4,350,800
Sườn chiên lá lốt,15,1650,65,2,1,5,0,1,30,3,150,500,10,30,400,800
Cá sòng nướng muối hạt,15,450,55,5,2,25,0,1.5,80,2,120,450,20,3,600,650
Gà luộc xôi gấc,780,3900,250,20,15,12,0,1.5,100,15,750,1500,50,50,1000,500
Gan xào lá cà ri,15,330,35,8,3,90,1,20,20,18,500,400,250,3,500,400
Lẩu Collagen,65,1200,120,25,10,20,0.5,2,150,8,300,800,50,25,1000,1500
Heo kho tàu,15,2500,100,10,2,8,2,1,80,8,800,800,50,80,600,1500
Lẩu cháo chim cút hạt sen,65,450,35,5,10,25,0,1,80,4,150,300,50,3,600,400
Kimbap bánh chưng,80,800,40,5,5,10,2,1,80,5,400,300,50,15,400,800
Mì Ý xốt cua,85,850,45,10,5,5,1,3,150,4,180,350,30,30,400,800
Bánh cupcake trứng muối chà bông phô mai,40,850,55,15,1,2,3,2,200,4,1200,500,50,25,250,1500
Bánh gà nhân phô mai,25,550,55,5,1,0,0.2,0.5,150,1,120,400,10,8,350,700
Bạch tuộc sốt cajun,50,650,60,15,5,30,0,0,50,5,200,300,20,20,600,800
Pancake hoa cúc,35,750,45,8,3,3,2,1,100,4,600,400,50,15,300,900
Chả mai cua lá lốt,50,800,60,5,5,15,1,2,150,5,300,400,30,20,500,800
Cá tuyết sốt nanban,35,650,70,10,5,90,15,4,80,2,150,700,50,3,800,800
Canh tôm bánh gạo,120,650,45,10,5,30,0,1,100,3,150,300,25,8,500,1200
Cá hồi nướng lá thơm,15,550,45,8,4,95,15,4,70,2,120,500,50,8,700,300
Mì spaghetti xào tôm nấm,95,580,35,10,7,8,2,1.2,80,4,250,350,50,5,450,800
Gà nổ muối hoa tiêu,15,1500,200,5,5,20,0,2,50,10,600,500,30,30,600,2000
Canh bí đỏ đậu phộng,45,450,25,15,10,15,0,0.5,80,3,50,300,30,5,500,300
Thịt nướng ớt chuông,15,850,55,8,3,60,0,1.5,30,3,180,450,25,25,500,600
Trứng hấp hàu rong biển,25,750,70,8,5,15,5,10,150,8,1500,800,80,15,600,800
Xào lăn chay thảo mộc,120,850,35,30,15,25,0,0,150,6,0,300,50,15,800,600
Vịt lộn xào me,30,500,35,15,3,5,2,1,80,4,800,300,50,10,250,500
Gà chiên sốt taru taru,45,650,65,8,5,15,1,0.8,100,3,250,500,50,8,700,600
Bắp bò xào đậu rồng,25,350,35,10,8,50,0,1,80,4,80,250,40,5,600,500
Cá trắm kho riềng,10,550,60,2,2,8,0,2,80,2,180,500,20,10,600,800
Salad ổi,50,650,40,25,15,300,0,1,80,3,150,250,50,15,600,800
Bánh muffin chuối socola,66,932,16,38,6,12,1,0.7,50,2,372,200,50,55,900,100
Lẩu cà ri nhúng,120,800,40,15,10,30,0,0,80,4,80,250,50,5,800,1200
Mực xào xốt tiêu xanh,25,280,35,12,4,40,0,1,60,3,200,300,30,2,600,700
Bánh ít trần,120,700,50,10,10,5,0,1,80,5,150,400,50,15,600,800
Lẩu kim chi chân gà,45,850,70,10,5,30,0,0.5,80,5,200,250,20,15,600,1800
Khổ qua nhồi nấm kho nước tương,15,200,18,5,6,90,0,0.5,30,2,40,150,25,3,400,350
Bò lá lốt chiên,25,1750,100,15,5,15,0,3,50,8,250,500,20,50,700,1200
Matcha sữa cacao,35,250,4,20,2,0,0,0.1,100,1,10,80,5,7,200,50
Trà sữa kem matcha,12,190,1,6,1,0,0,0,20,0.2,25,15,2,10,30,15
Súp đuôi bò chua cay,25,300,20,5,4,5,0.5,0.8,60,2.5,213,150,20,5,300,800
Ếch xé phay trộn rau mầm,15,650,70,5,3,15,0,1,50,4,150,500,30,8,400,800
Trứng hấp hải sản,15,350,45,3,5,30,0,2,150,8,180,400,50,2,600,800
Gà chiên bắp phô mai,25,650,45,5,3,8,0,0.5,80,2,150,300,15,8,400,800
Lẩu cua đồng,85,650,45,15,10,40,0,1.5,300,8,150,400,50,10,700,1200
Lẩu chao mực,65,750,70,15,10,25,0,2.5,250,8,280,600,50,10,800,1500
Cá lóc nướng ớt xiêm xanh,35,750,80,15,8,30,0,2,150,5,150,800,50,8,900,1200
Bánh xèo Nhật Bản,25,400,25,5,4,30,1,0.5,80,2,250,200,50,8,400,800
Bún mắm,45,1200,90,15,10,30,2,3,150,8,250,700,50,25,800,1500
Gà ác tiềm thuốc bắc,25,650,70,15,5,10,0,1,80,5,200,500,30,8,600,500
Cánh gà ngâm sả tắc,25,450,35,15,5,50,0.5,0.3,30,2,150,250,15,8,400,800
Bánh quẩy nhồi chả tôm,45,550,40,8,3,5,0,1,80,2,200,300,20,5,400,800
Bánh rán xúc xích bắp vàng,35,450,20,8,3,2,1,0.8,80,2,220,200,30,12,300,800
Bánh khọt lá cẩm nhân nấm hạt sen,65,600,15,10,8,15,0,0,50,2,0,150,40,10,400,300
Cá nục kho thơm,15,650,65,10,3,25,5,3,80,4,180,500,20,10,600,800
Thịt rang sả,10,950,35,5,2,8,0,0.5,20,3,250,300,10,40,400,1200
Nghêu nướng xốt me,35,650,75,15,5,10,0,20,150,15,180,500,30,10,800,800
Măng tây chiên bia xốt cá ngừ,45,750,55,10,15,30,2,3,80,5,40,400,100,8,700,800
Mực ống hấp củ đậu,25,420,65,10,5,15,0,0,80,3,300,600,25,3,700,800
Kem vị trà Matcha Blendy,55,550,8,40,3,0,0,0,70,1,25,80,10,20,150,100
Salad cá hồi xốt thanh long,60,800,45,15,10,50,5,3,80,3,90,400,80,8,700,800
Cá chim chiên xốt thơm,20,450,45,10,3,25,0,1,50,2,100,300,20,5,400,500
Mít non kho nấm,45,350,15,10,10,30,0,0,150,3,0,200,50,5,500,600
Bao tử khìa nước sá xị,20,650,60,5,3,10,0,0.5,50,5,250,200,20,15,400,800
Cốt lết chiên sốt húng chanh,25,1350,100,15,5,20,0.5,1.5,50,5,400,800,15,20,600,1500
Bánh rán trái cây,65,350,5,35,5,80,0,0,50,1,0,80,40,5,450,250
Cá thu chiên xốt thảo mộc,45,650,45,25,5,60,10,5,50,2,90,400,30,8,600,800
Pancake jambon trứng cút,45,450,20,10,2,1,1,0.5,150,2,150,200,30,8,150,600
Thịt vịt xào củ cải muối,35,650,45,15,7,80,0,1,60,3,150,300,40,15,600,800
Xôi xá xíu,380,2200,75,15,10,5,0.5,0.8,80,5,150,500,30,30,400,1200
Bò nướng lá cách,15,650,60,5,4,20,0,2.5,30,5,150,400,25,15,500,400
Canh chua đầu cá hồi,25,450,45,10,5,40,5,2,80,3,150,400,30,8,600,800
Tim heo xào măng tây,25,450,40,5,5,25,0,2.5,30,7,250,350,50,5,600,600
Ếch om tỏi,25,650,80,10,5,25,0,1.5,80,4,150,600,20,5,700,800
Mì trộn xốt mayonnaise,70,650,45,10,7,40,0,1.5,70,4,120,350,50,8,600,1200
Cá cơm than chiên mè xốt mắm tắc,45,450,40,25,5,30,0,2,150,3,90,300,40,5,500,600
Tôm càng kho trứng muối,20,450,35,8,1,5,1,1.5,80,2,250,250,20,10,350,500
Phở trộn,75,520,35,8,3,40,0,1.5,80,3,150,300,30,5,400,800
Bánh canh chay,85,650,25,10,8,15,0,0,150,5,0,300,50,5,600,800
Lẩu vịt hầm sả,40,650,50,15,5,10,0,1.5,50,5,150,300,25,15,500,800
Lườn cá hồi chiên nước mắm,15,700,60,5,2,20,10,4,50,2,120,500,30,8,600,800
Salad cua táo xanh,20,280,20,12,4,15,0,1,50,1.5,80,150,30,3,350,300
Sườn chiên xốt mận,35,1100,55,20,4,90,0,1.5,50,3,150,400,30,25,600,800
Cà ri gà,65,750,55,15,8,15,0,0.5,80,3,150,400,25,25,700,800
Lẩu cá viên nấu sấu,45,850,75,15,8,40,2,1.5,250,6,600,700,80,15,800,1800
Dồi trường hấp hành gừng,25,550,35,8,3,25,0,0.5,50,3,250,200,20,8,350,800
Bắp cải tím trộn tôm,16,280,30,5,6,100,0,1,100,3,150,250,80,2,500,400
Canh khổ qua hầm thịt,25,250,20,5,5,80,0,0.5,50,2,60,150,30,3,300,400
Tôm chiên giòn xốt trứng muối,15,450,40,8,3,15,0,1,80,2.5,250,300,30,8,400,700
Sườn nướng tiêu,35,1200,70,15,3,15,0,1.5,50,4,150,400,10,25,500,800
Sandwich trái cây chiên giòn,55,450,15,15,3,15,1,0.5,50,2,200,150,40,5,250,300
Salad rong nho,25,350,12,8,7,45,1,0.5,80,2,30,100,50,7,400,350
Cá chiên xốt cam,15,650,60,8,2,30,0,1.5,50,2,100,500,15,5,600,600
Canh chua Thái,40,450,35,15,5,30,0,1,150,4,200,300,30,15,600,700
Cua lột chiên giòn,30,750,65,5,2,25,0,1,250,3,300,300,50,15,350,800
Khai vị cá hồi,110,2400,80,40,25,200,15,8,300,6,150,700,150,40,1200,1000
Lẩu nấm chay,65,500,25,15,10,40,0,0,100,5,0,250,50,3,600,500
Cá hồi cuộn bơ chiên giòn,45,550,30,8,5,15,8,2,50,1.5,70,250,40,8,500,600
Ốc hương xào củ dừa,25,850,80,10,5,20,0,2,150,8,250,400,30,20,600,800
Pancake xoài kem tươi,75,500,8,40,3,60,0,0,50,1.5,10,70,30,8,300,400
Cánh gà chiên dừa,30,750,35,15,5,2,0.5,0.3,40,2,100,250,10,20,300,500
Bún sườn non nấu chuối đậu,140,750,45,15,8,25,0,0.5,80,4,150,350,30,15,600,1200
Chả chay cuốn rong biển,60,750,45,10,8,5,0,0,150,5,0,400,30,8,600,800
Cua xào xốt tương,60,1100,85,15,5,15,0,2,350,6,300,400,30,20,600,1500
Cá bống mú hấp cay,45,650,65,8,5,30,2,1.5,150,3,120,400,40,5,700,800
Brulee trà sữa,150,1800,40,120,10,80,3,1,250,4,600,400,50,90,800,300
Canh hàu sữa măng chua,25,650,35,8,5,25,0.5,8,80,8,150,300,30,15,600,1500
Trứng cút xào chua ngọt,30,400,20,8,5,25,0.5,0.8,50,3,400,200,30,5,400,500
Lẩu gà chua cay,65,750,60,10,8,30,0,0.5,80,4,150,400,30,8,800,800
Salad tôm thanh mát,35,550,45,18,5,25,0.5,1.5,80,2.5,250,300,50,15,500,400
Cá điêu hồng nướng riềng mẻ,60,850,80,15,8,25,0,1.5,150,4,180,700,30,8,800,1200
Bò bít tết,35,750,65,8,5,30,0,2.5,40,4,150,300,25,15,700,500
Chả cá thì là,5,450,40,1,0,2,0,1,50,2,150,300,10,15,400,500
Bánh rán bơ dừa,65,520,8,30,5,15,0,0,50,2,10,100,30,12,400,350
Sườn nấu đậu ngự,45,850,55,15,10,8,0,0.8,80,4,150,450,30,20,700,350
Cá thu chiên nghệ,45,550,40,30,5,50,5,3,50,2,100,300,30,8,600,600
Giò heo hon,70,850,45,25,5,8,0,0.5,80,3,150,300,15,15,500,800
Đùi gà áp chảo xốt thơm,35,550,45,20,3,30,0.5,0.8,40,2.5,150,300,25,8,500,800
Bánh gà chiên xốt mè,45,750,55,10,5,5,0,1,50,4,300,400,30,25,450,800
Hoành thánh chay,45,350,12,8,5,8,0,0,60,2,0,150,25,3,350,400
Canh chua tôm nước trong,25,450,50,15,5,40,0,1.5,120,3,250,300,50,5,600,800
Cuộn rong biển chiên giòn,25,650,45,5,3,2,0,1,80,2,150,300,15,8,400,1200
Cookies Blendy dâu 3 màu,120,1200,15,80,2,1,0.5,0.2,150,1,45,100,10,30,200,250
Canh sườn bò củ sen,35,750,50,10,5,5,0,2,50,5,150,250,15,20,500,800
Nghêu kho tộ,15,170,25,2,0,5,0,20,80,25,60,300,20,1,400,600
Đùi gà chiên cay,35,1200,75,8,3,15,0.5,0.8,80,3,200,600,20,20,500,800
Vịt xào lá mắc mật,60,750,45,5,3,8,0,0.5,30,3,150,300,15,15,400,800
Sườn non xốt giấm đỏ,30,800,45,15,2,8,0.5,1.5,50,3,150,300,10,15,400,800
Canh giò heo rau củ,25,850,60,8,8,40,0,0.6,60,3,180,400,35,25,500,700
Mực nhồi chả tôm nướng,15,350,45,5,2,25,1,1.5,80,3,250,350,30,2,400,800
Bò kho chay,75,700,25,15,15,25,0,0,150,5,0,300,50,5,800,700
Ragu chân nấm,120,1200,45,30,25,40,0,0,150,5,10,400,50,15,800,600
Mì ý xốt nấm,65,450,25,5,7,10,0,0.5,30,2,40,200,30,8,400,600
Cá cơm chiên bông hẹ mắm me,15,350,35,8,5,25,2,1.5,150,3,200,300,50,5,400,600
Bacon cuộn hành tây phô mai,25,1500,80,15,5,20,0,1,300,5,250,600,30,50,500,1500
Ếch kho măng lá quế,25,450,55,8,7,25,0,0.5,50,4,100,400,20,4,600,650
Canh cá hồng,60,850,100,15,15,80,2,3,150,5,200,800,50,15,1200,800
Nộm lưỡi lợn su hào,45,650,40,15,8,30,0,1.5,50,4,250,300,30,15,600,800
Vịt om tương me,45,750,50,20,5,10,0,1.5,50,4,150,300,25,15,500,800
Gỏi hoa chuối thịt gà chay,35,350,15,5,8,5,0,0,50,2,0,150,25,3,400,400
Sake chiên giòn 2 vị,65,550,6,10,4,25,0,0,30,0.8,5,80,15,8,400,450
Bắp cải hấp nấm tôm,25,300,28,8,6,40,0,1.5,80,3,150,250,30,4,500,600
Gỏi rau má tai heo,20,350,25,8,5,15,0,0.5,50,2,80,150,30,5,300,600
Bánh crepe kem chuối,65,450,8,40,3,8,0.5,0.2,80,1,70,90,25,15,450,150
Bánh mì – Lưỡi heo khìa,60,800,45,15,8,10,0,1.5,50,4,150,300,30,8,400,800
Canh ghẹ củ sen chua cay,35,450,55,15,8,50,0,2,150,5,180,300,50,3,600,1200
Canh nấm hạt sen,35,280,18,6,8,8,0,0,80,3,0,250,60,1.5,600,200
Cá cơm chiên giòn,25,700,50,8,5,40,0,2,150,4,150,500,50,8,600,800
Canh sụn bò củ cải,25,950,60,10,5,30,0,2.5,80,6,150,400,30,25,700,1200
Lòng gà xào tiêu xanh,25,450,45,8,4,90,0.5,1.5,30,6,350,350,50,5,600,800
Cá sapa nhồi ngọc kê nướng,15,650,60,2,5,10,5,3,80,5,250,500,30,8,600,300
Xôi gà đậu xanh,250,1800,80,5,10,2,0,1,50,5,200,400,50,20,500,800
Đậu bắp nhồi chả cá chiên,25,450,35,10,5,15,0,1,80,2,80,300,20,8,400,600
Bánh pancake xếp nhân sầu riêng,115,750,20,45,8,5,1,0.5,100,3,200,250,50,25,500,300
Cánh gà xốt mù tạt,15,450,35,5,1,3,0.5,0.4,30,1.5,120,250,10,8,200,600
Gan bò áp chảo,48,580,55,8,5,25,1,70,50,18,400,500,250,10,1200,300
Tôm chiên dừa,25,550,45,15,2,3,0,1.5,80,2,200,300,20,8,400,800
Khoai tây viên chiên xù,35,450,25,5,4,15,1,0.8,50,2.5,270,250,30,6,500,400
Cơm gạo lức trộn rau củ,120,700,30,10,15,15,0,0,150,4,0,300,50,5,600,500
Hồ lô cá,25,650,45,5,1,1,2,1.5,70,3,650,400,30,8,450,600
Đậu mơ kẹp phô mai chiên,25,750,55,5,5,5,2,0.5,400,5,150,500,50,25,400,800
Cá bớp kho thịt ba rọi,5,850,70,8,1,5,2,3,80,3,200,500,15,25,600,800
Bánh rán sô-cô-la xốt táo,35,250,4,25,3,30,0,0,50,1,0,40,15,2,200,150
Trứng cuộn kiểu Nhật,10,1150,65,5,2,25,5,2,120,5,1600,600,50,20,500,800
Mực xào sả ớt,15,550,60,5,2,15,0,1.5,50,4,300,400,30,3,500,600
Canh chua sườn,45,550,35,10,5,50,0,0.5,80,3,80,250,30,10,600,1200
Cốt lết chiên sả ớt,60,750,50,15,3,20,0,0.5,50,3,150,300,20,15,400,800
Bánh gạo xào cay,225,750,35,10,8,30,0,0.5,60,3,75,300,50,5,500,800
Cá nục xốt thơm,40,650,55,25,5,40,0,3,150,3,150,450,30,8,700,800
Đậu hủ non xốt cay,35,350,20,10,8,25,0,0,150,3,0,250,30,3,600,650
Hủ tiếu xào sò huyết,90,750,55,5,8,25,2,4,150,12,250,500,60,15,600,1500
Smoothies trà sữa dâu,65,500,8,40,2,50,0.5,0.3,200,0.5,30,150,20,15,300,150
Bánh mì nướng tỏi,110,600,18,5,6,2,0,0,50,2,10,150,30,8,100,800
Cơm chiên Dương Châu,200,1200,50,15,8,10,2,1.5,80,4,300,300,50,15,400,800
Bánh rán nhân khoai lang,70,350,4,25,5,20,0,0,50,1,15,70,10,10,500,100
Chả lụa chay kho thơm,45,550,25,20,8,50,0,0,150,5,0,250,40,5,800,1200
Lẩu xí quách kim chi,35,450,25,5,5,15,0.5,0.3,150,3,60,250,30,7,500,1200
Cánh gà chiên nước mắm,25,850,75,10,5,25,0,0.5,50,2.5,250,600,30,15,600,1200
Sườn non kho củ sen,25,650,35,8,4,15,0,1.5,40,3,100,300,25,15,500,600
Bún gạo xào lòng nghệ,98,650,35,5,4,8,0,0.5,40,5,250,250,30,8,400,800
Măng trộn tôm thịt,45,550,35,8,8,15,0,1,80,3,150,300,30,8,600,800
Cá cuộn tôm trứng cút,25,600,65,3,2,5,1,2,80,3,450,500,30,10,400,800
Chân giò om sấu,60,750,45,5,3,15,0,0.5,50,4,150,300,20,15,400,800
Bánh nếp nhân sò điệp,280,1100,50,20,5,2,0,1,50,3,150,200,10,8,300,800
Pancake hạnh nhân đậu đỏ,40,650,18,25,10,0,0,0,150,3,30,300,50,20,500,150
Salad trái thơm mayo,25,350,25,15,4,40,0,1,30,3,70,200,40,5,400,500
Canh gân bò chua cay,25,550,60,10,5,20,0,2,50,6,150,250,30,10,600,1200
Gà hấp lá é,15,650,70,5,5,30,0,1.5,50,4,150,300,20,5,400,800
Đậu chiên thả nước tương,25,450,28,5,3,3,1,0.5,100,3,400,300,20,8,350,700
Canh chả tôm chùm ngây,15,350,45,5,7,150,0,1,300,5,200,350,100,2,600,500
Salad mực phổ tai,25,350,35,10,8,20,0,1,80,3,150,250,40,3,600,800
Bánh rán trứng phô mai,25,550,35,5,2,3,2,1.5,300,3,600,400,50,15,350,600
Rau củ xào đậu hũ xốt mè,25,260,12,8,7,70,0,0,120,2,0,180,60,2,600,450
Salad mùa hè,50,350,5,35,5,40,0,0,30,0.8,5,80,25,3,350,150
Lẩu bò chua cay,55,750,70,15,8,30,0.5,3,80,8,180,350,40,15,800,1500
Cá trứng chấm tương me,15,450,35,8,3,15,2,1.5,150,2.5,180,350,30,5,400,600
Mì căn kho nấm – Cháo lá dứa,75,450,20,10,5,5,0,0,50,3,0,200,20,2,400,500
Mướp xào đậu phộng,45,550,25,15,10,25,0,0,80,4,0,300,50,5,600,400
Trà sữa hạt é sương sâm,35,300,5,25,2,1,0,0.1,80,0.5,30,50,5,15,100,70
Bánh mì kẹp cá chiên xù,65,600,35,10,5,15,0.5,0.8,80,2.5,120,300,40,8,400,700
Cá hồi nướng tắc mật ong,25,650,60,15,5,60,10,3,50,2,120,600,30,8,800,500
Dồi ốc lá chúc,25,650,45,5,3,15,0.5,1.5,80,8,300,350,20,15,400,800
Măng tây xào tôm mực,25,350,40,8,7,60,0.8,1.5,80,4,200,300,50,3,600,700
Lươn kho cà tím,20,450,45,8,5,8,20,4,150,4,120,400,30,5,600,500
Canh gà lá me non,15,450,50,5,4,30,0,0.5,50,3,150,250,25,5,400,800
Salad bắp tôm,35,380,25,12,5,25,0,1,80,2,150,200,50,4,500,350
Chân gà tiềm đậu đen,25,350,35,5,8,5,0,0.5,40,3,100,200,30,4,600,600
Sandwich nướng trứng xốt Mayonnaise,45,750,35,8,3,30,2,1,80,3,600,300,50,15,400,1200
Hoành thánh bắp chiên,45,550,35,5,5,3,1,1,50,3,150,300,30,8,400,600
Bún quậy,180,1200,85,15,8,30,0,2,150,7,300,600,50,8,700,1500
Tôm thịt bọc trứng cút,30,450,40,5,3,2,1,1.5,80,3,300,300,30,8,400,800
Súp thanh cua hạt chia,35,450,30,5,3,2,1,0.8,50,2,250,200,25,3,250,1200
Bánh trứng phô mai rau củ,45,850,70,15,8,30,3,2,300,5,900,600,80,20,650,800
Hoành thánh hoa hồng,40,550,45,10,5,5,0,1,80,3,200,300,20,8,400,800
Chả khoanh hành tây,15,420,40,5,3,15,0.5,1.2,80,3,180,300,25,8,450,600
Vịt om nước tương,45,1200,80,20,5,10,1.5,2,80,6,400,500,30,25,600,800
Canh đầu cá bớp,35,450,30,10,5,30,0,1,80,2,100,250,30,5,600,1200
Salad cầu vồng ngày hè,40,650,45,25,8,90,0,1.5,70,3,180,350,50,8,800,700
Nui xào chay thập cẩm,65,550,25,10,8,60,0,0,150,4,0,300,50,5,600,800
Đậu cove xào tim gan,55,650,50,20,8,90,0.8,6,40,12,350,400,150,6,700,800
Pancake sushi,65,1200,55,25,2,2,1,0.5,300,3,150,400,20,20,300,1500
Canh gà nấm mỡ,25,450,50,8,5,15,0.5,1.5,50,3,150,300,30,5,500,600
Cơm chiên thập cẩm,105,650,25,10,10,15,0,0,100,5,0,300,50,5,500,800
Gỏi cóc tai heo,65,650,45,25,8,60,0,0.5,50,3,150,250,30,5,500,800
Cồi sò điệp xào hoa thiên lý,20,250,25,8,5,60,0,1.5,80,3,70,200,50,2,400,600
Lưỡi heo trộn kiệu chua,35,450,25,15,5,15,0,0.5,50,3,150,200,30,5,400,600
Pancake tôm phô mai,35,550,35,15,5,60,1,1.5,200,2,200,300,30,15,400,800
Mẹt hải sản chấm muối ngò gai,25,450,45,15,5,20,0,2,100,3,250,300,30,5,400,800
Chả giò cá chẽm,25,350,35,5,5,15,1,1.5,50,2,120,300,30,3,400,400
Bún bò gân,120,1200,80,10,15,20,0,3,80,8,150,300,50,20,600,1500
Rau củ xào xốt chay,65,550,15,25,15,150,0,0,100,3,0,250,80,5,800,800
Cháo hạt sen nấu bò viên,65,550,35,5,5,10,0,1.5,50,4,80,250,30,5,400,800
Dê xào tía tô cà bát,45,850,55,10,5,15,0,2,50,5,150,400,30,30,600,800
Heo nướng Hàn Quốc,15,1650,65,8,3,15,0.5,1.5,50,5,250,600,15,30,700,1200
Thịt bò nướng mè kiểu Hàn Quốc,75,2100,120,25,20,40,0,3,150,8,200,400,50,20,900,1200
Gỏi rau mầm tôm mực,15,320,40,8,3,10,0.5,2,80,3,250,300,30,5,400,600
Cuốn chả chay,60,650,35,10,10,5,0,0,150,4,0,300,30,5,500,800
Chả cốm tạo hình,55,550,35,5,2,15,0.5,0.8,50,3,150,300,20,8,400,800
Gà chiên xá xị,40,550,35,25,2,3,0.5,0.3,30,2,120,250,10,8,300,800
Salad bí đỏ,25,550,45,10,5,25,0.5,0.4,40,2.5,150,300,30,10,500,400
Ba rọi tẩm trứng chiên giòn,15,950,45,3,3,5,2,1,50,3,350,300,30,30,400,800
Gà rim ngũ vị,20,850,60,15,2,3,0,0.5,30,3,150,400,10,15,450,800
Cánh gà chiên tỏi lá chanh,15,900,75,8,3,20,0.5,0.8,40,3,250,600,15,15,400,800
Trà sữa gạo rang thạch matcha,25,100,2,18,1,0,0,0,10,0.5,0,0,0,0,20,15
Hải sâm xào xốt cay,25,350,45,8,5,80,0.8,1.5,150,4,200,350,40,3,600,800
Bắp bò om gừng sả,35,750,70,15,5,8,0,2.5,30,6,150,300,15,15,700,800
Mực nhồi tôm xốt tiêu xanh,25,650,75,8,3,15,0,2,120,6,350,600,30,8,700,800
Ốc bươu xào tiêu xanh,35,450,30,5,3,15,0,1.5,150,5,120,250,25,8,400,700
Cá chim nướng ớt xiêm,3,650,80,1,1,20,2,3,80,2,150,700,15,5,800,800
Tôm chiên dừa xốt bạc hà,35,850,65,20,5,25,0,1.5,150,4,250,300,30,15,500,700
Canh cá hanh vị Thái,25,1200,120,8,10,40,0,3,150,5,250,600,50,30,800,1500
Trà sữa royal cookies,65,500,5,40,1,0,0,0,50,0.5,30,0,0,25,0,150
Rong biển cuộn nấm kim châm,15,350,35,3,3,8,0,1,50,2,150,300,20,5,400,600
Salad bơ gà nướng,50,850,65,15,10,40,0,0.5,70,3,200,400,80,10,800,500
Sườn non xào chanh sả,50,1800,100,10,5,15,0,1,50,5,200,300,10,30,400,800
Trứng lòng đào bọc thịt,45,850,55,5,3,2,3,1.5,80,4,1200,400,30,15,350,800
Canh củ sen rong biển,45,350,15,8,8,15,0,0,80,2,0,200,30,3,500,400
Bánh tôm hẹ chiên giòn,20,350,35,5,5,40,0.8,1.5,100,3,250,300,50,5,400,800
Cá chẽm chiên hạnh nhân,40,850,65,5,7,15,2,1.5,120,3,150,600,40,15,700,500
Gà xào nấm,25,400,40,8,6,30,0.5,0.8,40,2.5,100,300,40,4,600,600
Bánh rán thịt nguội pate,50,650,30,15,5,15,1,1.5,200,3,100,250,50,15,300,800
Chuối đậu kho tương sả,120,850,55,40,25,35,0,0,300,8,0,500,80,8,1500,800
Salad cam cá hồi,25,650,35,15,5,70,5,3,80,3,250,350,50,20,600,1200
Cá chiên xóc tỏi,15,650,45,5,2,5,0,1,50,1.5,120,400,10,8,500,800
Pancake bò bằm,60,550,25,15,4,10,0,1,100,3,70,200,20,10,400,700
Phở cuốn chả chiên,105,1100,45,10,8,25,0,0,80,5,150,400,50,35,600,1500
Bí đỏ hấp hạt sen,40,350,15,10,8,20,0,0,80,3,0,200,50,3,500,300
Canh sườn mít non trái vả,65,750,45,15,15,30,0,1.5,120,6,150,400,50,15,800,800
Tai heo ngâm chua ngọt,45,1850,110,30,5,15,0,0.5,50,4,500,500,10,40,400,3500
Cơm tím gà khìa,75,750,55,10,3,5,0.5,0.8,30,3,150,300,20,8,400,600
Gỏi cuốn chay xốt đậu phộng,105,750,25,15,12,35,0,0,100,4,0,250,50,5,600,700
Cà tím kho nấm thịt băm,25,450,28,8,7,5,0,1,40,3,70,250,30,5,500,600
Dưa chuột ngâm giấm,60,280,3,50,5,25,0,0,40,1,0,60,30,0,600,800
Burger cua lột,85,1200,75,15,10,30,2,1.5,200,5,600,500,50,15,600,1000
Bún gà xáo sả,35,550,50,5,4,3,0,0.5,50,3,150,300,20,8,400,800
Cá điêu hồng ngũ vị nướng xốt thơm,25,550,65,12,5,40,0,1.5,80,2,150,500,30,5,700,800
Nui nấu bò cay,45,650,40,8,7,25,0.5,1.5,70,4,100,350,50,15,600,1200
Gà xốt mật ong mù tạt,25,750,60,8,3,15,2,1.5,50,3,250,400,30,15,500,800
Cá kèo chiên xốt chanh dây,15,650,40,5,5,20,0,1,150,2,120,300,30,8,400,500
Cá trê kho gừng nghệ,35,850,65,5,5,15,2,2.5,80,4,180,500,25,20,700,600
Bánh tôm chiên củ sắn,65,750,60,15,10,25,2,1.5,150,4,300,500,50,8,600,800
Bún Thái,65,650,55,10,7,40,0.5,2,150,5,180,400,50,5,700,1500
Cháo ngưu bàng hải sản,50,550,60,5,5,5,0,1,75,3,200,300,30,5,500,800
Bắp cải cuộn kho chay,35,300,15,8,7,50,0,0,80,3,0,150,60,2,400,600
Cá điêu hồng cuộn dưa kiệu,15,750,65,5,2,5,0,1,50,2,150,500,10,15,600,800
Salad mực ống rong biển,65,650,45,20,10,25,0,1.5,100,3,150,300,50,8,600,1200
Bánh mì thịt nướng sả mayo,120,1200,60,15,5,5,0,1,50,4,150,400,20,15,500,1000
Pancake socola giáng sinh,70,400,8,25,7,15,0,0,50,1.5,0,150,30,5,500,50
Sandwich kẹp chả tôm,75,850,65,10,5,15,0,1.5,80,3,250,400,30,15,500,1200
Lẩu cá lăng bông so đũa,25,750,75,8,8,50,0,3,150,5,150,600,50,5,800,1500
Canh cá bống mú,30,650,75,10,5,25,0,2,150,3,120,600,30,5,700,800
Gà xào vị Thái,15,450,45,8,3,40,0,0.5,30,2,150,300,20,5,400,800
Burger cá hồi,60,850,55,12,5,20,5,4,250,3,350,500,50,15,700,800
Mì EFU xào nấm trà,110,700,25,10,15,90,0,0,80,5,0,250,50,5,600,800
Bầu xào nghêu,35,350,30,15,8,30,0,2,150,5,80,250,30,2,600,400
Lẩu cháo cá ám miền bắc,60,750,65,2,5,15,0,1.5,80,4,180,500,30,15,600,800
Cua lột chiên xốt Thái,25,450,35,15,3,30,0,0.5,150,3,150,250,30,5,400,800
Gà chiên mè xốt chanh muối Mayo,35,650,35,5,2,2,0.5,0.5,50,2,150,300,20,8,350,700
Canh tôm rau cần nước,15,350,35,8,3,20,0.5,1.2,80,2.5,180,250,30,8,400,600
Gỏi bốn mùa,40,450,35,20,8,50,0,2,150,4,80,300,50,5,600,800
Bánh cá khoai tây,75,850,55,10,8,20,2,1.5,100,3,500,500,50,25,800,600
Bún xào cải chua,105,650,25,10,8,30,0,0,150,5,0,300,50,5,600,800
Ruốc chiên lá quế,15,550,45,5,3,15,1.5,1,80,4,250,350,30,8,400,800
Bánh rán cam mật ong,75,350,5,50,5,130,0,0,50,1,0,60,40,1,400,250
Canh mọc bí ngòi,25,350,25,5,5,10,0,0.5,50,2,75,200,20,5,300,600
Nấm kho tộ,35,300,10,5,5,5,0.5,0,20,1.5,0,150,25,2,400,300
Mì EFU xào xá xíu,65,550,25,10,7,8,0,0.5,50,3,50,250,30,5,400,800
Bắp xào trứng muối,65,550,25,15,7,15,0.5,0.8,80,2.5,250,300,50,12,450,800
Salad rong nho xốt cam,25,350,28,15,5,70,0,1.5,100,2,180,250,50,8,400,450
Trà sữa hoa đậu biếc,25,150,1,20,0,0,0,0,20,0,0,0,0,2,50,40
Thăn heo chiên giòn rau quế,25,850,65,5,3,15,0,2.5,30,4,150,300,20,15,500,800
Chả đùm dê,45,1200,85,5,8,8,1,5,80,10,450,600,50,35,700,800
Bún gạo xào mayo,65,450,25,8,5,15,0,1.5,30,3,70,200,20,3,350,600
Lẩu gà cơm mẻ,35,650,65,8,5,20,0,1.5,80,4,180,400,30,8,500,800
Tôm rim thịt thơm,20,650,50,15,3,30,0,1.5,100,4,250,350,25,15,400,600
Cơm chanh ấn độ,80,750,45,5,8,20,0,0.5,50,3,80,350,30,5,400,600
Cá kèo nướng muối ớt,15,450,45,2,3,15,0,1,150,2,150,400,20,5,500,800
Súp măng vịt chua cay,25,550,35,5,5,5,1,0.5,80,3,120,300,30,8,400,1200
Cá hồi sake chiên giòn,15,600,40,5,1,20,10,3,30,1,120,400,15,8,500,600
Canh cá rô bông súng,15,450,65,5,3,20,0,1.5,150,2,100,400,30,2,600,300
Súp tôm măng tây vị lẩu Thái,15,450,50,5,3,15,1,1,100,3,300,300,50,3,400,800
Bánh mì que xốt thịt cay Mayo,75,650,25,8,5,8,0,0.5,50,3,70,200,20,10,300,1200
Cá hấp tàu xì,25,650,65,8,3,15,0,2,80,2,120,500,30,5,600,800
Pancake lá dứa,35,380,13,15,1,1,1,0.5,80,1.5,370,200,40,15,180,150
Đậu hũ um nước cốt dừa,65,750,35,10,15,25,0,0,200,5,0,350,50,25,600,500
Lươn nướng sả,35,450,30,8,5,8,2,3,80,4,90,300,30,5,500,600
Súp hoành thánh,25,350,28,5,3,8,0,1.2,50,2,80,200,20,3,300,900
Jambon cuộn thanh cua,25,650,45,5,2,5,0.5,1.5,80,2,200,350,20,15,400,1200
Chả mực bánh xe chiên giòn,65,600,40,15,12,40,0,1.5,80,4,250,350,50,8,800,700
Pancake nhân táo,45,350,4,25,2,5,0.5,0.1,50,0.5,60,40,10,15,150,150
Cải ngồng xào nấm,25,200,8,7,7,60,0,0,80,2,0,150,50,2,400,300
Lẩu gà mắc khén,65,850,60,25,15,15,0,1.5,70,5,150,400,50,15,700,500
Ốc xào lăn lá cách,60,650,40,15,8,25,0,1.5,150,8,120,400,50,20,700,800
Hàu xào bông cải,25,280,30,8,7,130,0,6,90,8,120,300,80,2,700,600
Ếch chiên bơ tỏi,25,750,70,5,3,15,0,1,80,5,150,700,20,15,600,800
Trà sữa thạch kem hạt chia,40,450,5,35,2,1,0,0.1,100,0.5,50,80,5,20,150,60
Bún xào hải sản,65,550,55,10,5,30,0,2,80,4,250,400,50,3,600,800
Sò lông nướng bơ tỏi,75,1450,85,28,2,25,0,18,180,25,250,800,40,30,800,1200
Gà kho nấm,25,350,30,5,4,5,0.5,0.3,30,2,100,250,15,5,350,500
Canh cá đồng nấu khế,25,450,50,10,5,40,0,1.5,80,2.5,120,400,30,5,600,800
Súp óc heo tóc tiên,15,450,30,5,3,2,1,2,50,5,800,300,30,8,400,1200
Cá hồi áp chảo xốt tiêu,35,450,45,5,3,2,15,2.5,30,1.5,120,450,25,4,600,400
Càng cua chiên mè xốt Mayo,25,450,28,5,2,8,0,1.2,80,2.5,120,250,15,8,300,650
Cháo đậu chà bông cá hồi,55,800,55,5,7,25,7,2,80,3,100,500,60,8,700,600
Lẩu nấm tiềm củ quả,120,750,35,30,30,25,0,0,80,8,0,400,60,5,800,800
Canh sườn nha đam,25,450,35,5,5,8,0,0.8,50,3,100,250,30,8,400,600
Sườn cuộn bacon chiên mè,25,850,50,15,3,5,0.5,0.8,50,3,150,350,10,20,400,1200
Hàu trộn mầm cải,25,250,25,8,5,70,2,20,150,8,80,250,80,1,600,700
Cá tai tượng chiên xốt sambal,25,1200,80,10,3,20,0,2,150,3,200,600,20,15,700,1200
Salad tôm đậu hũ,15,310,30,6,5,60,0,1,150,3,180,300,50,4,500,400
Canh nghêu kim chi tía tô,25,350,30,8,7,30,0,3,150,8,70,300,50,3,600,1200
Canh nấm gà lá giang,15,450,35,5,3,15,0.5,0.3,30,2,150,250,20,8,400,800
Gà nướng lửa trại,60,850,55,15,5,2,0,0.5,40,3,200,400,20,15,500,800
Pancake hai màu chuối socola,65,450,5,35,2,6,0,0.1,50,1,50,60,15,20,350,200
Cá chiên xốt nấm,35,450,45,8,5,50,0,1,80,2,90,400,30,3,600,500
Súp bát trân chay,55,350,15,10,8,15,0,0,50,2,0,150,40,1,500,400
Salad thanh long chanh dây,50,650,20,35,8,30,0,0.5,100,1.5,50,150,50,10,500,400
Bánh canh vịt,120,850,55,5,5,8,0,0.8,50,4,150,350,20,12,600,1500
Chả bò chiên,45,650,40,8,5,20,0,2.5,50,4,120,350,25,15,700,800
Cá ngừ đại dương lúc lắc,25,550,65,8,3,90,0,2.5,30,2.5,90,400,30,4,700,600
Canh hến kim chi,25,280,22,8,6,35,0,4,150,8,80,250,50,3,600,1200
Cá hồi chiên xốt xoài,25,450,40,18,3,40,10,2,50,1.5,100,400,30,5,600,400
Salad hoa lý tôm xá xíu,35,550,40,10,5,30,0,1,80,3,200,300,50,15,400,800
Canh cá chim dưa muối,15,450,55,5,3,20,0,2,50,2,120,400,25,5,500,600
Chả thịt heo trứng muối,15,450,35,3,2,5,1,0.8,50,3,400,300,20,15,400,600
Chả tôm xiên que nướng mè,15,650,80,8,3,50,0,1.5,120,3,350,600,30,8,500,700
Cá hấp ngưu bàng,15,450,65,5,5,8,0,1.5,80,2,120,500,30,3,700,600
Chả giò hàu,60,700,50,15,5,20,1,8,150,8,300,400,50,15,500,800
Đậu hũ áp chảo xốt sambal,75,750,30,25,15,80,0,0,250,5,0,300,50,10,800,600
Mực que chiên giòn xốt cam,35,750,60,15,3,60,0,0,50,3,300,500,20,10,400,800
Cải thảo cuộn tôm cá,15,250,30,5,5,20,0,1,80,2,150,250,30,2,400,500
Pancake thanh long đỏ,45,350,5,30,3,10,0,0,50,0.5,30,40,15,15,250,150
Sườn non kho chao,25,850,50,10,2,15,0,1.5,80,4,150,400,10,25,500,800
Canh gà bí xanh,15,650,70,5,4,10,0,0.5,50,3,150,400,30,10,600,500
Cà tím nướng tôm cháy mỡ hẹ,20,250,18,8,6,8,0,0.5,80,2,85,180,25,3,400,600
Canh gà quay tam sắc,25,650,50,10,5,25,0,0.5,50,3,150,300,20,8,400,800
Cá kho quẹt,15,650,75,5,5,20,2,2.5,150,4,150,600,30,30,800,800
Chả tôm chiên mặt nguyệt,40,450,35,8,3,5,1,0.8,80,2.5,180,300,30,5,350,600
Salad mực ống,15,350,50,5,5,20,0,1.5,50,2,200,300,50,1,400,500
Ớt chuông hải sản phô mai,20,450,50,8,4,80,0,1.5,150,3,250,400,30,15,600,700
Cá dứa một nắng chua ngọt,60,850,65,8,3,8,0,2,80,3,150,500,15,15,600,1200
Canh sườn bí đỏ rong biển,40,450,25,15,7,25,0,0.5,80,3,70,250,30,8,500,400
Đậu hũ cuộn chiên giòn,15,350,25,3,2,1,0,0.5,50,2,80,200,15,5,300,600
Phở sắn xào thập cẩm,35,280,12,8,6,35,0,0,50,2.5,0,150,30,2,400,600
Ếch khói lửa,15,350,45,5,3,20,0,1,30,3,100,300,15,3,400,500
Canh tôm nấm mồng tơi,15,250,25,5,5,40,0,1,100,2,100,200,50,5,400,800
Bánh xèo hải sản,85,750,45,15,10,40,1,1.5,150,5,250,350,60,15,600,700
Bắp bò xốt pate chấm muối tắc,25,1200,90,8,5,30,0,3,80,10,250,700,50,15,800,1500
Pancake đậu xanh cốt dừa,95,600,20,55,10,60,1,0.5,50,3,186,200,100,8,500,150
Salad bò dưa kiệu,25,450,45,8,5,25,0,2.5,60,4,120,300,40,8,600,500
Canh chân nấm táo đỏ,45,350,15,20,8,30,0,0,50,3,0,150,40,2,600,500
Pancake dứa hạnh nhân,50,350,5,30,3,80,0,0,30,1,5,50,20,8,300,100
Cánh gà xào ớt xiêm,25,450,35,5,3,5,0.5,0.3,30,2,150,200,15,8,300,600
Cá chép nấu riềng mẻ,30,650,65,10,5,30,0,2,150,5,200,500,30,5,800,1200
Cơm gạo lứt hạt sen,130,750,30,15,15,25,0.5,0,200,4,0,400,100,4,800,300
Chả cá thác lác bọc củ quả chiên,25,350,28,5,4,25,0,0.5,80,2,80,250,30,5,350,450
Đậu bắp nhồi chiên giòn,15,400,35,5,4,15,0,1,80,2,180,250,30,5,350,600
Gà cuộn xúc xích khô,25,1200,120,10,5,15,2,1.5,300,3,250,600,30,40,500,1500
Canh bạch quả bí đỏ,70,600,20,15,15,20,0,0,80,4,0,300,50,5,600,300
Củ hũ dừa xào ba chỉ,25,450,25,10,5,15,0,0.5,50,2,70,200,20,10,400,600
Đậu hũ xào lăn,65,750,35,15,10,5,0,0,150,5,0,300,30,25,600,500
Cá cuộn Jambon chiên,15,650,60,5,1,15,0,1,50,2,150,400,10,8,600,800
Gà ta kho riềng sả,25,650,70,5,3,5,0.5,0.8,30,3,150,300,15,8,400,800
Súp nấm hải sản chua cay,25,350,40,5,3,5,1,2,80,5,200,300,30,3,500,1200
Cá hường chiên sả nghệ,15,450,40,5,3,20,1,2,50,2,100,300,20,8,400,600
Canh bóng cuộn bí ngòi,15,350,30,5,5,10,0,0.5,50,2,100,200,20,5,400,800
Salad cải mầm tôm chiên,25,550,50,10,5,15,0,1,100,2,250,300,50,5,400,700
Đậu hũ hấp nấm Nhật,30,350,15,8,5,8,0.5,0,150,3,0,200,30,8,400,600
Lẩu ếch lá lốt,60,750,80,15,10,30,0,1,150,8,150,700,50,15,800,1200
Ba chỉ xiên que chiên giòn,25,850,35,15,5,8,0,0.5,40,3,120,250,20,25,400,600
Canh cua chả cá,15,350,45,3,5,50,0,1,300,5,120,400,50,5,600,800
Gà nướng cỏ xạ hương,35,850,75,15,8,25,0,0.8,60,3,280,600,50,15,800,700
Pancake khoai lang mật ong,75,520,7,35,5,4,0.6,0.1,60,0.8,70,100,15,20,450,80
Salad sò điệp chiên giòn,50,450,35,18,8,90,0,1,80,2,80,300,50,5,600,650
Vịt nướng nồi đất,15,1800,120,8,3,15,0,1.5,50,6,300,300,20,30,400,800
Cá cam phủ tuyết,75,750,60,5,5,15,0,2,80,3,120,500,30,10,600,800
Tôm chiên xiên sả trái tim,25,300,20,10,3,20,0,0.5,50,1.5,120,150,30,5,250,400
Gan chiên cháy tỏi,35,650,55,15,5,25,0.5,20,200,18,500,400,250,10,600,800
Bánh qui mè đen,85,520,15,5,8,2,0,0,30,2,0,150,15,3,250,400
PANCAKE TIRAMISU,40,650,15,50,1,5,2,0.5,80,1,400,150,20,30,100,150
Salad đậu hũ chiên,15,250,12,5,4,20,0,0,80,1.5,5,150,30,3,250,300
Lẩu tả pí lù,60,350,8,25,7,15,0,0,40,2,0,150,30,2,500,800
Lẩu sữa đậu nành hải sản,80,700,65,25,10,20,0,2,200,6,200,500,50,10,800,800
Gà hấp riềng sả,60,850,70,5,3,25,0,1.5,50,4,200,400,15,15,500,800
Mì căn xào bắp non,60,450,25,10,10,15,0,0,50,3,0,200,30,3,400,500
Gỏi gà nướng trái dừa,45,650,35,25,7,35,0,0.5,60,3,120,300,40,15,700,800
Đậu hũ thịt cua viên chiên,17,410,45,3,2,2,1,1.5,120,2.5,250,400,30,8,500,600
Lẩu cá hồi chanh dây,65,1200,70,15,10,50,10,4,150,4,120,600,50,15,800,700
Bò áp chảo bản gang,15,750,75,7,5,15,0,3,50,7,200,400,30,15,700,500
Cánh gà kho bắp non,25,450,35,15,5,20,0,0.5,30,2,150,250,20,8,500,800
Cơm gạo lứt bí đỏ hấp,85,550,20,15,10,25,0,0,80,3,0,250,50,2,600,350
Nấm mỡ khìa nước dừa,35,350,25,10,8,30,0,0,150,5,0,300,50,5,800,600
Cật xào khoai tây,35,520,40,8,5,80,2,3,70,7,450,400,60,8,900,600
Pancake dành dành,70,450,8,30,2,10,0,0,100,1,20,80,50,15,150,300
Heo xiên que nướng mắc khén,10,2200,65,5,2,15,0,1,30,4,180,500,10,50,400,1500
Lẩu riêu bắp bò,35,650,65,8,7,30,0.8,2,350,8,250,500,50,8,700,800
Pancake bắp,70,450,8,25,5,5,0,0.2,100,1,1,150,20,8,300,80
Lẩu cá khoai chua cay,25,450,40,8,5,20,0,1.5,80,4,100,300,25,5,600,800
Pizza hải sản,75,1400,85,25,8,50,2,2.5,600,4,250,700,50,35,700,1500
Bê xào đọt su,25,650,55,10,8,120,0.5,2.5,50,6,150,400,40,15,800,600
Mọc cua chiên giòn xốt mayonnaise,45,750,65,5,3,3,2,2.5,150,4,300,400,40,15,500,800
Thịt ba chỉ rim chanh sả,25,950,35,5,3,20,0,0.5,30,3,150,300,15,30,400,800
Gà chiên sả lá chanh,20,650,45,5,3,15,0.5,0.8,30,2,150,300,10,8,400,600
Cá dứa chiên giòn – xốt chanh dây,25,550,45,15,3,25,0,1.5,50,1.5,120,400,20,5,500,800
Sườn chay kho đậu hũ,45,450,25,10,8,5,0,0,150,4,0,250,20,5,500,600
Canh gà hương vị thái,15,450,40,5,3,25,0.5,0.8,40,3,200,250,30,8,400,800
Gỏi khổ qua cá khô,25,450,45,10,8,60,0,0,80,4,90,400,50,5,600,800
Gà cuộn bacon chiên lá hương thảo,5,450,45,3,1,8,0,0.5,30,2,180,300,10,15,400,600
Canh ngó môn tôm thịt,25,280,30,8,5,25,0,1.5,80,3,150,250,30,4,600,600
Gan bò xào thơm cà,25,410,35,15,3,60,1,20,25,5,300,400,250,5,600,500
Tàu hũ ky xào nấm,40,450,25,5,8,5,0,0,150,4,0,300,30,5,500,600
Cháo nấm – Gà trộn é tía,45,650,55,8,7,15,0,0.5,50,4,150,400,30,8,600,800
Gỏi ếch cóc xanh,25,450,45,8,3,25,0.5,1,80,4,120,350,20,5,500,800
Cá rô phi kho lạt,15,550,65,6,3,20,2,1.5,80,1.5,120,500,25,4,700,400
Pancake phô mai chanh,78,650,7,55,3,28,0,0.3,120,2.5,300,100,194,55,558,160
Tôm chiên cánh bướm,15,350,45,5,4,30,0,1.5,150,3,250,300,50,5,400,600
Bánh bao tạo hình,75,550,25,5,3,2,0,0.5,50,2,50,200,20,5,250,500
Tàu hũ ky cuốn ngũ sắc,25,300,18,8,7,15,0,0,150,3,0,250,30,3,400,600
Mì cay,120,950,65,10,8,30,0,1.5,150,6,250,400,50,15,600,2500
Canh tôm lá ớt,6,210,45,2,2,80,0,1,80,2,240,250,50,0.5,500,800
Nấm đùi gà hấp cải xanh,35,300,15,8,8,30,0,0,150,3,0,250,50,2,600,500
Gỏi dưa leo khô cá cơm,40,450,35,20,8,50,0,0,150,5,100,300,40,5,600,800
Xôi gà nướng,250,1500,70,15,10,2,0,1,50,5,250,400,50,50,500,600
Pancake xốt bí đỏ phô mai,45,450,25,20,2,5,0.5,0.3,150,1.5,60,200,15,10,300,400
Cà tím xào tôm thịt,25,550,40,10,8,25,0.5,1,80,3,180,300,30,15,600,600
Salad rong nho cá hồi,25,450,30,15,5,80,5,3,150,2,80,300,50,5,500,800
Súp tomyum hải sản,35,450,55,5,3,3,2,2.5,150,4,350,400,30,5,500,1500
Gỏi gà dưa leo,25,280,25,10,5,30,0,0,30,1.5,60,200,40,2,400,450
Bánh xèo nấm mối chay,150,800,25,10,15,30,0,0,100,5,0,200,50,10,400,500
Chả tôm lá chúc,15,520,65,3,1,10,0.5,2,100,3,300,400,20,8,500,800
Salad tôm lạnh,25,450,45,8,5,15,1,1.5,80,3,250,250,50,5,600,500
Bạch tuộc nhúng lá me,25,450,60,15,5,50,0,1.5,80,5,200,400,30,2,600,800
Cá bớp chiên giòn xốt mận,25,600,60,15,2,10,0,1.5,50,1.5,100,400,20,5,600,800
Đậu hũ Croquette,75,1020,55,10,8,5,2,1,150,5,400,500,50,15,600,800
Tôm mực xào rau nhút,10,450,35,5,3,30,0,1,80,4,200,300,50,30,400,800
Mực trứng nướng mỡ hành,15,650,65,5,2,15,0,1.5,80,5,450,600,30,30,500,600
Sườn kho bắp non,25,650,45,15,5,30,0,0.5,50,3,150,300,20,15,500,800
Bò chiên một nắng,15,450,50,3,2,10,0,2.5,20,4,130,300,15,8,400,600
Salad xanh,35,950,65,10,15,90,4,2,250,6,800,600,150,30,800,1200
Hoành thánh hải sản chiên giòn,30,350,35,5,2,5,0.5,1.5,50,2,180,250,30,5,300,600
Khoai tây chiên bò nướng,110,1300,70,25,15,50,0.5,2,80,5,150,500,40,25,1500,800
Pancake sầu riêng,55,450,5,30,3,1,0,0,25,0.5,0,50,10,15,250,50
Bánh bạch tuộc Takoyaki,25,450,30,8,3,20,2,1.5,150,3,400,300,50,8,400,800
Bò ping pong,65,750,55,8,5,5,1,2,50,5,300,400,30,15,500,700
Tàu hủ ky rim nấm,25,280,18,8,5,3,0,0,80,3,0,200,25,2,450,600
Lẩu sườn chua cay,35,750,65,15,5,25,0,1.5,80,6,250,500,30,20,700,800
Lỗi khi trích xuất,0,0,0,0,0,0,0,0,0,0,0,0,0,0,0,0
Lỗi khi trích xuất,0,0,0,0,0,0,0,0,0,0,0,0,0,0,0,0
Lỗi khi trích xuất,0,0,0,0,0,0,0,0,0,0,0,0,0,0,0,0
Lỗi khi trích xuất,0,0,0,0,0,0,0,0,0,0,0,0,0,0,0,0
Lỗi khi trích xuất,0,0,0,0,0,0,0,0,0,0,0,0,0,0,0,0
Lỗi khi trích xuất,0,0,0,0,0,0,0,0,0,0,0,0,0,0,0,0
Lỗi khi trích xuất,0,0,0,0,0,0,0,0,0,0,0,0,0,0,0,0
Lỗi khi trích xuất,0,0,0,0,0,0,0,0,0,0,0,0,0,0,0,0
Lỗi khi trích xuất,0,0,0,0,0,0,0,0,0,0,0,0,0,0,0,0
Lỗi khi trích xuất,0,0,0,0,0,0,0,0,0,0,0,0,0,0,0,0
Lỗi khi trích xuất,0,0,0,0,0,0,0,0,0,0,0,0,0,0,0,0
Lỗi khi trích xuất,0,0,0,0,0,0,0,0,0,0,0,0,0,0,0,0
Lỗi khi trích xuất,0,0,0,0,0,0,0,0,0,0,0,0,0,0,0,0
Lỗi khi trích xuất,0,0,0,0,0,0,0,0,0,0,0,0,0,0,0,0
Lỗi khi trích xuất,0,0,0,0,0,0,0,0,0,0,0,0,0,0,0,0
Lỗi khi trích xuất,0,0,0,0,0,0,0,0,0,0,0,0,0,0,0,0
Lỗi khi trích xuất,0,0,0,0,0,0,0,0,0,0,0,0,0,0,0,0
Lỗi khi trích xuất,0,0,0,0,0,0,0,0,0,0,0,0,0,0,0,0
Lỗi khi trích xuất,0,0,0,0,0,0,0,0,0,0,0,0,0,0,0,0
Lỗi khi trích xuất,0,0,0,0,0,0,0,0,0,0,0,0,0,0,0,0
Mít non om chao đỏ,90,750,25,20,15,20,0,0,150,5,0,300,50,20,800,500
Salad nấm linh chi,15,250,30,5,5,15,0,1,50,2,150,200,30,3,400,300
Bánh pancake sinh nhật sắc màu,120,600,10,30,2,5,0,0,50,2,10,80,20,15,100,400
Chim cút chiên mắm me,25,450,35,15,3,25,0,1,50,3,150,300,20,5,400,600
Ốc xào thơm,45,450,55,20,5,50,0,0,150,5,100,300,20,5,500,800
Chả giò hải sản phô mai,110,850,65,40,8,40,1,1.5,350,3,250,500,40,30,600,900
Súp nui nha đam tôm thả,30,280,30,5,2,3,0,1,50,2,150,200,25,1,300,800
Salad trái cây nhiệt đới,35,850,25,20,8,150,0,0.5,40,2,80,200,50,30,400,600
Cá cam chiên giòn lá quế,15,650,60,5,3,15,0,2,50,2,100,500,20,10,600,500
Khoai tây xào thạch Konnyaku,40,300,5,10,6,15,0,0,40,1,0,80,25,2,400,350
Đậu bắp xào hải sản,15,250,35,7,5,90,0.5,1.5,80,3,200,300,50,2,400,600
Salad dưa lê,35,410,35,20,5,30,1,1.5,80,2,150,300,40,8,500,450
Bao tử cá basa chiên xốt me,40,450,35,15,5,15,0,0,50,2,150,250,20,5,300,800
Burger trứng gà áp chảo,75,1400,85,15,5,15,2,3,150,8,1200,800,50,30,700,1200
Thịt giò heo kho củ cải,35,1200,70,8,5,15,0,0.8,50,3,200,300,20,20,400,800
Cuốn rong biển đậu hũ,45,600,35,5,8,5,0,0,150,5,0,300,30,5,500,800
Pancake trà sữa trân châu,150,1200,15,120,2,1,0,0,150,1,50,100,5,40,200,150
Cá nướng Pa Pỉnh Tộp,6,230,48,1,2,8,0,2,100,1,120,400,20,1,600,300
Vịt om ớt xanh hoa chuối,35,650,50,10,5,15,0,0.5,50,4,150,300,25,15,600,800
Canh chua cá kèo bông so đũa,25,450,45,8,8,60,0,1,250,5,150,400,80,5,700,600
Bí ngòi hấp chả chay,15,250,12,5,4,20,0,0,40,2,0,100,30,1,400,300
Đuông khoai lang cốt dừa,110,850,25,25,15,25,2,0.5,200,3,370,300,50,15,900,500
Pancake phô mai mơ,120,800,15,70,5,5,0,0.5,150,2,100,100,20,30,200,400
Mướp hương nhồi tôm hấp,15,180,25,5,3,20,0,1,80,2,150,200,30,1,300,600
Lẩu cá chình,90,850,65,15,8,30,0,2,80,5,150,500,30,8,700,1500
Chả thịt lá lốt,60,750,45,5,5,10,0,1,50,4,150,300,20,25,400,800
Cơm tấm sườn chay,200,1200,45,30,15,25,0,0,150,5,0,300,50,10,600,800
Pancake trứng muối chà bông,40,750,40,20,1,2,1,1,300,3,800,500,30,30,200,1500
Cá chạch chiên lá quế,15,450,50,8,2,5,0,2,150,3,120,400,20,5,500,600
Canh cải cầu vồng nấu cua,15,450,40,5,5,30,0,1,300,5,150,350,50,5,600,500
Nấm chiên giòn xốt chanh dây,15,250,25,5,3,15,0.8,1.2,50,2,150,200,30,5,300,400
Canh gà lá quế,40,650,50,15,5,30,0,0.5,50,3,150,300,20,15,500,800
Lẩu nghêu sò ốc hến,65,1050,90,15,10,40,1,15,300,25,300,900,60,15,1200,1500
Củ sen kẹp chả cá basa,45,500,30,8,5,15,0,1,80,2,100,250,20,8,400,600
Lẩu bạch tuộc,60,850,100,15,8,25,0.5,4,150,8,350,500,60,8,800,1500
Thịt nướng xí muội,25,650,45,15,3,10,0.5,1.5,30,3,150,300,15,10,400,800
Bầu xào giò thủ,15,350,18,5,4,15,0,0.5,50,2,80,150,20,8,300,700
Gỏi gân bò trứng muối,30,750,55,10,5,20,1,0.5,80,5,350,300,30,15,400,800
Bánh pancake hạt dẻ cười,40,450,15,30,5,30,1,0.5,150,1,20,200,20,5,300,150
Súp gạo lứt tóc tiên,35,250,8,8,5,15,0,0,30,1.5,0,80,25,0.5,300,400
Tôm bao mọc chiên giòn,35,450,30,5,3,5,0.5,1,80,2,180,250,20,8,350,600
Trăm trứng tiến vua,75,450,30,5,5,15,0.5,0.8,80,2,180,250,30,5,400,600
Thăn heo chiên giòn,40,650,45,5,3,15,0,0.8,30,3,120,300,10,8,500,600
Gà hon đậu phộng,40,1200,80,10,8,15,0,1,80,5,200,600,30,15,500,800
Bún thịt heo xiên sả nướng,65,750,45,8,5,15,0,0.8,50,4,120,350,30,8,600,800
Bánh rán kẹp pate thịt xông khói,15,450,20,5,3,15,0.5,1.5,50,3,150,200,40,12,300,600
Sườn non rim củ nén,60,850,45,25,5,15,0,0.5,50,4,150,350,20,20,600,800
Cuốn lá lốt thịt ếch,35,850,65,8,5,25,0,1.5,80,6,200,500,30,30,600,800
Gan kho tộ,35,750,65,15,5,15,0,25,35,15,450,500,150,15,700,800
Ba chỉ chiên giòn – mắm thơm,15,900,35,10,3,30,0,0.5,20,2,120,250,15,25,400,500
Tôm rang củ nén húng chanh,25,650,45,5,3,15,0,1,80,2,250,250,20,5,400,800
Canh măng sườn lá giang,15,650,45,5,5,30,0,1.5,50,4,150,350,25,15,600,800
Đậu hũ nhồi tôm chiên,25,450,25,5,3,5,0,0.5,150,3,80,250,20,5,300,600
Xíu mại chay,60,650,35,15,10,30,0,0,150,5,0,300,50,5,600,800
Sườn xóc tỏi,25,1200,65,8,3,15,0,1.5,40,4,150,400,10,30,500,800
Bacon xào bông cải măng tây,25,600,30,10,8,60,0,0.5,80,3,70,300,50,20,600,800
Trà sữa trân châu đường đen,75,500,5,50,1,0,0,0,100,0,5,0,0,5,0,50
Mì tàu hũ cá hồi,35,600,45,8,7,30,12,3,150,3,100,400,50,5,600,800
Pancake Custard Trứng,40,250,8,30,1,30,0.5,0.3,150,0.5,70,120,15,4,250,80
Phở bò bắp hoa,80,800,65,5,5,5,0,3,50,6,150,250,20,15,400,1500
Salad hạt chia,45,350,5,30,8,50,0,0,50,1,5,70,40,3,400,80
Gỏi củ hủ dừa bao tử,40,550,35,15,8,15,0,1.5,80,4,200,300,30,8,600,700
Ngưu bàng xào hải sản,35,350,30,8,8,15,0.5,1.2,80,3,180,250,50,3,600,700
Lẩu nhúng chay,60,650,35,15,15,60,0,0,200,6,0,400,80,8,800,1200
Chè bà ba,457,2710,32,390,40,40,0,0,200,10,0,400,100,60,1500,150
Chuối chiên xốt dâu tây,110,600,8,50,8,60,0,0,50,1.5,0,100,40,3,600,150
Gyoza cá hồi – Há cảo Nhật Bản,35,450,25,5,3,15,10,2,50,2,60,250,30,3,400,600
Ốc mỡ xào me,35,850,45,15,5,25,0,2,150,8,250,400,30,40,500,800
Salad cua thanh,25,350,15,10,3,80,0,0.5,50,1.5,40,100,25,5,300,700
Gà xào xốt táo,45,550,35,25,5,20,0.5,0.3,50,2,150,250,20,8,400,400
TẾT 3 MIỀN – Miền Nam: Cải bẹ xanh cuốn củ hủ dừa,35,350,10,8,5,40,0,0,80,2,0,150,30,2,400,500
TẾT 3 MIỀN – Miền Trung: Cuốn nem chua mì căn,120,650,25,15,10,30,0,0,80,4,0,200,30,3,400,800
TẾT 3 MIỀN – Miền Bắc: Cuốn đậu mơ su hào,65,550,25,10,15,25,0,0,150,5,0,250,50,5,500,700
Salad rong sụn trứng muối,25,650,30,10,5,25,0,0.5,80,3,650,300,50,15,400,1200
Cá trứng chiên xốt trứng muối,15,550,45,3,2,8,2,3,80,3,450,400,25,12,450,800
Chân gà sả tắc,15,350,40,8,2,25,0,0.5,50,1.5,150,150,10,3,200,800
Hoành thánh chay áp chảo,75,550,25,15,10,8,0,0,150,4,0,250,50,5,500,800
Mực lụi sả nướng,30,450,50,5,3,15,0,1.5,50,3,200,300,20,5,400,700
Canh tôm mọc hạt sen,25,450,40,5,3,8,0,1.2,80,3,180,350,30,8,600,800
Cuốn tàu hũ ky xốt rô ti,60,650,35,15,8,5,0,0,150,4,0,300,30,5,600,800
Cá lá lốt chiên mè,15,350,30,3,3,5,0,0.5,50,2,80,250,15,5,300,400
Lẩu tôm càng,35,350,25,15,5,30,0,1,80,2,150,200,25,8,400,1200
Canh gà măng chua lá giang,15,450,50,5,5,25,0,0.5,50,3,150,300,20,5,500,800
Pancake nhân dừa,35,350,5,25,5,15,0,0,30,1,0,50,10,15,200,100
Ram hến,45,550,35,5,3,3,1,1.5,80,5,150,250,20,8,400,600
Sườn sụn om hành phi,35,550,35,15,5,8,0,0.5,50,3,90,250,15,10,400,600
Gỏi rau má tôm khô chiên giòn,25,450,40,10,5,20,0,1,80,4,120,300,50,5,400,800
Canh chùm ngây sườn non,25,280,20,8,7,120,0,0.8,250,3,60,200,80,5,600,400
Pancake chuối xúc xích,120,750,15,60,8,15,0,0,50,2,50,150,25,20,600,500
Bánh rán giáng sinh,25,180,2,15,1.5,35,0,0.1,20,0.5,15,25,10,5,150,100
Nấm xào bí ngòi,15,150,8,5,4,30,0.1,0,15,1.5,0,150,20,0.5,400,300
Nấm xốt tiêu xanh,35,300,15,8,7,15,0,0,30,2,0,150,30,3,400,500
Viên chả mực chiên giòn,60,750,55,10,5,15,0.5,1.5,80,3,250,400,30,15,500,800
Vịt om dưa cải khoai sọ,35,750,45,8,5,15,0,0.5,80,4,200,300,20,15,600,800
Cá chiên bông điên điển,15,350,35,5,3,25,0,2,150,2,100,300,50,3,400,500
Cháo hạt sen bạch quả,60,350,12,8,8,15,0,0,50,3,0,150,40,1.5,400,250
Đùi ếch nướng lá cách,15,450,50,5,3,10,0,0.5,50,3,150,400,20,10,450,600
Chả cua nấm hương,15,400,40,5,3,15,0,1.5,80,4,150,300,30,8,400,600
Súp khoai bắp tôm,63,620,35,25,7,30,2.5,1.5,250,3,150,450,50,15,900,600
Cá lóc chiên mắm sả,15,550,45,5,3,20,0,1.5,50,2,100,350,20,5,600,700
Lẩu mực nấm,35,450,55,10,5,15,0,1.5,60,4,200,400,30,3,600,800
Canh bún sườn riêu cua,80,850,65,15,8,25,0,1.5,150,5,200,500,50,25,700,1200
Lẩu bầu cua,35,450,45,10,5,25,0,2,150,4,150,300,50,5,500,1200
Nước ép táo quýt bó xôi,65,280,4,45,12,250,0,0,80,2,0,70,150,0.2,600,50
Cải thìa xào nấm đông cô thịt cua,15,180,18,5,5,70,0,0.5,100,2,40,150,50,2,400,500
Cánh gà nhồi củ năng,25,850,60,8,3,10,0,0.5,50,3,200,400,15,15,400,800
Lẩu ngưu bàng rong biển,120,850,45,30,35,50,0,0,200,8,0,500,100,5,1200,800
Cháo yến mạch thịt bò,45,550,35,8,8,35,2,1.5,150,4,70,300,40,8,500,600
Cá gáy chiên xốt chanh sả,15,550,55,8,2,15,0,2,50,1,120,400,15,8,600,450
Bánh rau củ chiên,17,150,6,3,4,5,0,0,50,1,0,80,20,1,300,250
Bún mè đen xào nghêu,95,650,55,10,8,80,0,3,150,10,80,400,50,5,600,800
Cơm tấm sườn cây,80,1200,60,15,5,15,0,1,50,5,150,400,20,30,500,800
Bánh bột báng ngũ sắc,180,900,15,100,8,5,0,0,50,2,5,150,20,15,300,150
Gà viên phô mai chiên giòn,25,550,45,5,2,5,1,0.5,150,1.5,150,300,15,15,350,800
Mướp khía xào mực,20,350,35,8,5,25,0,1.5,80,3,200,250,30,3,500,400
PanCake kem mè,90,1000,20,50,10,5,0,0.2,150,3,80,200,20,20,250,100
Canh ếch lá giang,15,350,45,5,3,20,0,0.5,80,3,100,300,30,3,500,800
Mì nưa trộn sườn chay,35,350,18,8,7,25,0,0,80,3,0,200,40,2,400,800
Tôm xốt nụ bạch hoa,75,800,55,15,3,3,1,1.5,100,2.5,250,350,30,15,300,700
Cá đổng kho dưa cà,25,550,65,10,5,30,2,3,100,3,150,500,30,5,600,800
Cải xoong xào tôm,25,310,35,8,7,110,0,1,200,4,160,300,150,2,700,500
Bánh cuốn lòng vịt,75,650,35,10,5,8,0,0.5,50,4,400,300,30,8,400,700
Gỏi mít thịt ba chỉ,65,720,35,15,18,50,0,0.5,80,4,80,300,50,15,800,800
Gỏi gà sứa sả tắc,35,450,40,15,5,30,0,0.5,50,3,120,250,30,5,400,800
Súp hành tây kiểu pháp,160,1200,35,30,15,25,0,0.5,250,5,100,350,50,30,700,800
Gỏi cuốn cá hồi,65,650,50,10,5,30,10,3,80,3,100,400,50,5,600,500
Cá hồi chiên sốt chanh,25,650,55,15,2,70,15,4,30,2,150,500,10,8,700,800
Cá hồi nướng mía,15,1200,75,10,1,5,15,5,50,3,200,700,20,40,800,1000
Canape cá hồi xông khói,45,450,25,7,4,10,5,3,80,2,60,250,40,8,300,800
Gỏi bưởi cá hồi,35,510,38,18,7,75,5,3,180,4,90,450,150,7,900,800
Canh mực nấu chua,35,420,45,15,5,60,0,1.5,70,4,180,350,30,4,600,650
Cá hố kho hành gừng,15,450,45,8,3,20,2,3,80,2,120,400,25,5,600,650
Bê hấp bia,25,650,50,10,5,15,0,1.5,50,5,150,400,20,10,600,800
Chả giò khoai tây trứng muối,80,750,50,15,8,25,1,1.5,100,3,400,400,50,10,700,800
Nấm bào ngư hấp sả,35,250,10,20,8,80,0,0,25,2,0,150,30,0.5,600,400
Sandwich cuộn thịt cua,45,450,25,8,5,25,0.5,1.5,80,2.5,80,200,30,5,350,500
Sụn heo xáo nghệ,15,450,40,5,3,5,0,0.5,50,3,150,200,10,10,300,800
Lươn kho củ nén,35,650,55,15,5,25,5,4,150,5,120,400,30,8,700,600
Pizza phở hải sản,120,750,55,15,5,40,1,1.5,80,4,250,300,50,8,600,1200
Bún bò giò heo,120,800,55,5,8,15,0,2,80,6,150,400,50,15,600,2000
Mì nưa xào kim chi thịt bò,65,550,35,10,10,15,0,1,80,4,70,250,30,5,500,1200
Bánh rán hamburger,25,1100,60,10,5,15,1,1.5,300,3,150,400,50,30,500,1500
Bánh khọt chay,70,700,20,10,8,50,0,0,80,4,0,200,50,8,400,800
Chả chay rim ngũ vị,45,450,20,10,12,60,0,0,80,4,0,200,50,5,600,800
Đậu hũ nhồi nấm bào ngư,25,350,15,5,5,3,0,0,80,2,0,150,20,5,300,500
Canh củ quả nấu tôm,15,130,18,5,4,20,0,1,60,1.5,110,180,40,1,400,300
Cánh gà chiên Coca,35,550,30,30,2,5,0.5,0.3,30,1.5,120,250,10,8,200,700
Tôm nướng lá chúc,15,350,60,5,3,25,0,1.5,150,2,200,300,30,3,400,500
Hàu chiên giòn sốt mayonnaise mù tạt,15,250,18,5,3,15,1,3,80,4,70,200,30,4,300,400
Bún xí quách nước tương,250,1200,60,10,5,10,0,1,50,5,150,300,20,20,400,1500
Cánh gà chiên tiêu lốp,75,1400,75,5,3,5,1,0.5,50,2,300,400,20,40,350,800
Thịt ba chỉ kho cam,60,850,40,15,5,60,0,0.8,30,3,150,300,25,25,600,800
Canh cá chép rau cần,25,450,50,8,4,25,0,2,150,3,150,400,30,4,600,600
Bánh kim chi hải sản,45,450,35,10,5,40,1,1.5,100,3,180,250,30,5,400,800
Rong biển cuộn đậu hũ,45,450,25,5,8,2,0,0,150,3,0,250,20,2,400,600
Pancake chocolate nhân kem dâu,45,530,10,35,2,50,1,0.5,150,1,200,120,30,25,200,100
Sườn và đậu hũ kho thơm,25,750,45,15,3,20,0,1.5,150,4,120,400,25,15,600,800
Gà xào ngũ sắc,30,350,35,12,7,90,0,0.5,50,2,80,250,50,3,600,400
Gỏi cá,45,650,50,20,8,20,0,1.5,80,3,100,400,30,8,700,600
Salad cam tôm sú,45,420,35,20,8,150,0,1.5,80,3,180,250,80,5,600,450
Cá trê chiên giòn,35,550,45,8,5,25,0,1.5,80,2,120,400,30,8,600,650
Bún chùm ngây xào hải sản,85,520,45,8,5,90,0,1.5,100,5,200,300,50,3,600,800
Mướp hương xào tim,15,230,20,5,3,25,0,1,30,3,150,200,20,2,400,300
Bột chiên,65,550,18,10,5,35,2,0.8,70,2.5,372,200,50,8,400,600
Lẩu thái cua đồng,60,750,65,15,10,30,0,2,200,8,250,500,50,15,800,1500
Canh cá cơm lá me đất,15,350,45,8,3,30,0,2,150,3,120,400,30,3,600,800
Vịt nướng me cay,45,750,50,20,5,10,0,1.5,50,4,150,300,25,15,600,800
Bánh rán chocolate đậu đỏ,65,550,18,35,10,2,0,0.2,100,3,30,250,80,15,500,150
Đậu đũa xào tôm,25,220,25,12,8,50,0,0.5,80,2,150,200,50,0.5,500,400
Lẩu cá dìa,45,550,35,5,8,30,0,2,150,3,100,300,40,8,600,1200
Bạch tuộc xào rượu gừng,8,550,85,3,2,15,0,2,80,5,200,600,30,2,700,800
Bánh rán chocolate jelly chanh dây,85,500,5,60,5,100,0,0.1,50,1,30,30,20,5,200,50
Gỏi sứa khoai môn,55,550,8,15,7,15,0,0,70,2,5,90,30,5,600,800
Cá hồi cuộn cơm chiên,60,750,75,5,3,2,10,4,70,3,200,700,30,8,700,800
Ba rọi kho măng,35,850,45,5,8,5,1.5,1.2,80,4,750,400,30,25,500,800
Thịt heo xông khói hương sả,25,1800,120,15,2,3,0,0.5,50,5,300,800,10,50,600,1500
Lẩu gà hầm sả,35,550,45,8,5,20,0.5,0.8,50,3,150,300,30,8,600,800
Cải thảo xào tôm khô,25,350,25,10,5,40,0,0.5,80,2,80,200,50,8,500,800
Ngồng tỏi xào hải sản,15,450,55,5,5,40,0.9,1.5,120,3,250,400,50,4,600,800
Đọt su xào trứng bắc thảo,25,350,28,8,6,80,1,0.8,80,4,250,250,50,5,600,400
Gỏi cua,40,450,30,15,8,40,0,1,80,3,100,250,30,8,500,600
Chả tôm ốc hương,25,650,60,2,1,5,1,2,150,4,300,400,30,8,500,700
Gỏi bạch tuộc ớt chuông,25,450,55,10,5,90,0,1.5,70,5,180,400,50,3,700,800
Cá cuộn Bacon hương thảo,8,550,50,4,3,25,0,0,60,2,150,400,30,15,500,800
Canh gà cuộn cải thảo,15,420,45,5,4,30,0,0.5,60,3,150,300,40,6,600,800
Salad dưa leo trộn xúc xích,25,300,12,10,4,20,0,0.5,150,1.5,20,180,30,5,400,450
Nem chay rán,55,750,35,10,10,15,0,0,150,5,0,300,30,5,400,800
Cá nục kho rục,65,680,55,35,8,60,3,4,150,4,120,450,30,6,1200,700
Cuốn gà xào xốt mè,45,550,45,10,8,15,1,0.5,60,3,210,300,40,5,600,700
Bánh khoai môn đút lò,65,450,25,5,7,25,1,1.5,80,2.5,200,250,30,5,600,400
Canh gà lá é,25,450,50,5,8,30,0,0.5,50,3,150,300,20,5,600,800
Tôm chiên xốt chanh,25,550,50,15,1,20,0,1,80,2,250,300,20,5,400,800
Lẩu khổ qua hải sản,25,450,55,10,8,60,0,1.5,150,5,250,400,50,3,700,800
Mực trứng xào rau răm,15,450,50,5,2,50,0,2,80,4,300,400,30,3,450,600
Ba rọi nướng riềng,25,1100,45,15,3,10,0,0.5,50,3,150,300,20,30,400,1200
Salad ngũ sắc chay,25,300,10,8,7,90,0,0,70,2,0,150,80,3,400,500
Cần tây bóp xổi sụn gà,25,350,20,8,6,30,0,0.5,50,2,60,150,40,5,600,800
Salad bò rau đắng,25,400,35,15,5,40,0,2,50,4,90,250,30,8,400,500
Khổ qua hấp tam cô,60,650,35,15,25,150,0,0,150,5,0,400,50,5,1200,600
Bò kho dưa kiệu,25,650,65,10,3,5,0.5,2,200,5,150,400,15,15,600,800
Bó củi bào ngư,25,650,55,15,5,20,2,1.5,80,4,350,400,50,15,600,800
Pasta tình yêu,65,520,35,15,7,20,0.2,1.5,80,4,70,350,30,12,600,700
Cà tím kẹp thịt gà chiên,25,750,55,8,5,3,1,0.8,60,3,300,400,40,15,500,800
Cá điêu hồng chiên xốt tắc,25,450,35,8,5,20,0,1,50,1.5,80,300,30,5,400,600
Cá chẽm xiên que xốt thì là,35,550,50,8,5,15,0,2,50,1.5,80,400,30,8,600,500
Canh cua rau cần,25,280,28,8,4,30,0,0.5,150,3,100,200,30,3,400,600
Sườn nướng quả lê,45,1200,65,25,7,15,0,1,50,4,150,500,25,20,600,800
Salad mì Udon cá hồi,35,450,30,10,5,20,10,2,50,2,70,300,40,5,400,600
Bánh đúc củ cải,55,450,28,8,5,30,0,0.5,80,3,150,250,30,8,500,700
Salad ức gà áp chảo,18,650,65,8,6,30,1,1.5,300,3,250,500,80,20,600,1200
Bánh rán Chocolate,75,450,7,45,5,40,0,0,50,1,30,80,25,5,400,150
Tôm chiên lá cà ri,25,550,55,15,2,30,0,1.5,100,2.5,250,300,20,5,500,800
Cá viên chiên,15,450,45,5,2,3,5,2,50,2,120,400,15,8,450,600
Kèo nèo xào tép,25,220,20,8,6,35,0,1,100,3,150,200,30,2,400,600
Bò kho nước dừa,65,850,75,20,8,15,0,3,60,8,180,400,30,15,900,800
Củ sen xào ngũ vị,55,350,15,12,10,80,0,0,60,3,0,150,40,1,800,500
Chả lụi,60,750,45,25,8,40,0,1,80,4,180,400,50,15,700,800
Ếch xào sả lá chanh,35,450,45,5,2,8,0,1.5,30,3,90,300,15,5,400,600
Canh nghêu bó xôi,45,650,65,10,15,150,0,20,400,35,150,700,300,8,1500,1200
Salad nui,50,550,25,25,5,40,1,0.5,50,2,350,200,50,8,400,400
Gà cuộn rong biển,25,650,65,5,4,8,0,0.5,60,2,150,500,25,8,600,800
Bánh rau củ chiên giòn,15,250,35,5,3,15,0,1.5,80,2,180,300,20,2,400,800
Salad gà giòn,45,750,60,15,8,25,0,0.5,70,3,180,400,50,12,600,800
Cuốn rau đậu hũ,105,850,45,15,20,50,0,0,200,5,0,300,80,5,700,1200
Sườn non ram mè,25,650,45,15,5,20,0,0.5,50,3,150,350,30,15,500,800
Salad táo rau mầm,20,250,25,12,4,30,0,1,80,2,150,200,40,5,350,300
Đậu kho gừng,45,350,15,15,12,40,0,0,60,3,0,200,50,3,500,400
Canh cá hồi nấu nấm,25,450,45,8,8,25,15,3,50,3,100,450,50,5,800,500
Salad tôm dâu tây táo đỏ,45,510,40,28,7,120,0,0.5,150,3,220,350,60,8,600,450
Chả giò sứa,45,650,25,15,5,25,1.5,0.8,80,2.5,550,250,50,8,350,800
Gân bò xào sả ớt,25,650,60,8,5,15,0,1.5,40,5,150,250,20,8,500,800
Gỏi ổi ốc giác,35,650,65,20,15,250,0,1.5,150,5,150,300,50,10,800,800
Sườn chiên cay,25,650,35,8,1,2,0,0.8,30,2,100,250,5,12,300,800
Cua đồng xúc bánh tráng,45,550,35,8,3,5,1,1.5,150,4,250,300,30,8,400,800
Nghêu hấp vang trắng,25,850,85,8,0,10,0,20,150,25,180,800,25,30,700,1200
Canh cải xoăn,45,550,45,15,15,180,2,1,250,7,400,400,150,8,900,500
Sườn kho quế mật ong,25,650,45,15,2,5,0,0.5,30,3,150,350,10,15,400,800
Cá chim chiên giòn,35,650,65,8,5,20,0,2,80,3,120,600,30,5,900,600
Salad bí ngòi nướng,35,650,25,12,7,35,0,0.5,50,2,50,250,50,15,500,800
Bánh há cảo,60,350,15,10,8,5,0,0,50,2,0,150,30,3,300,350
Trứng ốp la ớt chuông,35,1300,70,20,10,600,5,2,150,8,1600,800,150,25,900,1500
Bánh mì que nướng rau củ,45,550,25,8,5,25,0,0.5,150,2,60,250,50,15,400,800
Sushi đậu hũ,120,850,30,15,10,25,0,0,150,5,0,300,50,5,500,600
Canh bó xôi bò viên,35,350,25,8,8,40,0,1,150,5,60,250,150,4,700,500
Sườn tiềm hoa thanh long,25,550,35,15,5,3,0,0.5,20,2,90,250,5,8,350,600
Khoai lang kho rong biển,85,570,30,20,15,25,0,0,250,5,0,400,70,2,900,500
Cá hồi chiên mắm dừa,35,750,65,15,5,90,15,3,80,2,180,700,50,8,900,800
Canh cá nấu mẻ,25,550,60,10,5,30,0,2,80,3,150,400,20,5,700,800
Bò xào khổ qua bắp cải tím,25,450,45,10,8,120,0,2.5,50,4,120,300,50,8,700,600
Rau củ kho mía,35,350,10,15,7,20,0,0,50,2,0,150,25,4,400,600
Miến đậu xanh xào thập cẩm,45,450,35,8,7,30,0,1,100,4,150,300,50,5,600,800
Bánh rán xiên que,75,450,4,50,8,250,0,0,50,1,5,80,50,5,500,150
Gà viên xốt cà ri,15,650,55,8,3,10,0,0.5,30,2,150,300,15,15,400,600
Đậu cove xào ba rọi xông khói,20,450,25,7,8,20,1,0.5,50,3,200,250,40,15,400,800
Canh nấm càng cua,15,350,25,5,4,30,0,0.5,50,2,80,200,20,5,300,800
Thịt rang gừng lá chanh,5,1400,60,3,1,2,0,1,20,3,200,500,5,50,400,800
Gà chiên lá é,25,1100,75,5,3,15,1,0.5,50,3,250,600,20,15,400,1500
Cá rô phi chiên xốt cà,15,600,60,8,3,25,0,1.5,80,2,120,500,20,5,600,800
Vịt rang tỏi,25,1800,90,15,2,8,0,1.5,50,5,250,400,20,20,450,1200
Bánh rán thú cưng,45,350,12,25,2,20,2.5,0.5,300,1,10,250,20,1.5,350,250
Canh hào thanh mát,13,110,13,5,4,25,0,3,60,4,50,150,40,0.5,400,300
Đậu hũ xào nấm,35,350,15,8,8,30,0,0,120,3,0,200,50,3,500,400
Xôi chay ngũ sắc,190,1050,25,5,15,8,0,0,60,4,0,300,40,3,600,700
Váng đậu cuộn rau củ chiên,40,450,25,10,8,15,0,0,100,3,0,200,30,5,500,800
Thịt quay kho cà pháo,45,1800,60,20,10,30,0,0.5,80,6,150,500,25,30,800,1200
Spagetty xốt vẹm,65,550,35,10,5,20,0.5,3,80,5,250,300,40,15,500,700
Bún mì xào tép,55,520,30,15,5,15,0,1,150,4,150,300,40,5,400,800
Bún củ hủ dừa lá chanh,165,750,25,15,10,8,0,0,80,3,0,250,40,5,600,800
Rau củ luộc xốt nấm,30,250,15,8,10,60,0,0,150,3,0,200,50,2,500,400
Gỏi nấm rau mầm,35,350,18,10,8,25,0,0,80,4,0,200,50,3,600,500
Phèo nướng lá hẹ,25,550,30,8,7,35,0,0.5,80,4,300,250,40,8,600,700
Nicoise salad (Salad trứng cá ngừ),25,450,35,8,7,25,1,2,70,3,200,300,50,3,600,500
Thịt kho đậu phộng,45,1350,60,15,15,10,0,0.5,80,5,180,600,50,40,800,700
Viên đậu hũ xốt nước tương,40,450,25,15,8,25,0,0,150,4,0,300,50,5,600,800
Tôm chiên ủ rơm,15,350,35,5,2,3,0,1,80,2,180,250,25,5,400,800
Cá chạch kho sả,15,450,50,8,2,30,0,1.5,150,2,100,400,20,4,600,300
Salad Cá Mòi,30,450,25,15,5,15,2,3,150,3,50,250,30,5,400,600
Cá điêu hồng chiên xốt chanh dây,25,650,60,10,2,30,0,1.5,80,1.5,120,450,20,5,600,600
Cá hồi xốt cà ri me,35,650,35,12,8,25,12,3,100,3,90,400,40,20,700,800
Pizza mì sợi,85,800,45,15,5,20,2,1.5,300,3,250,400,50,25,400,1200
Sườn BBQ,45,550,35,25,5,8,0.5,0.8,50,3,120,250,15,15,400,600
Gà xào cay,55,520,35,15,10,40,0,0.5,80,3,85,350,50,4,700,800
Sandwich nướng tôm,45,550,40,8,3,8,1,1.5,80,2.5,250,350,30,8,400,700
Canh tương đậu,15,250,28,5,5,15,0.5,1.2,150,4,60,250,50,4,600,650
Gỏi sứa tiến vua,55,650,40,35,8,45,0,1.5,120,4,180,350,50,15,500,1200
Bí đỏ kho rong biển,35,300,12,10,5,15,0,0,80,2,0,150,30,3,500,400
Mực xào hoa trứng,35,650,45,8,3,30,1,0.8,120,4,450,400,50,10,500,800
Cá lưỡi trâu chiên giòn,25,650,60,8,3,95,2.5,4,150,2,120,500,50,5,800,700
Sườn kho củ năng,35,850,45,25,5,15,0,1,50,3,150,300,10,15,500,800
Canh cua đồng rong biển,15,450,50,8,3,20,0,1,300,5,150,400,30,15,500,800
Đu đủ trộn gà khìa,65,750,55,35,10,80,0,0.5,80,3,150,300,50,8,700,900
Viên xôi chiên,220,1200,55,25,5,2,0,1,80,4,150,350,20,30,400,1200
Đọt su xào tép,25,230,28,8,7,60,0,1.5,150,3,120,250,50,3,600,400
Bánh tráng cuốn xốt Mayo,120,850,45,30,8,50,0,1,80,5,250,300,50,15,500,800
Gà nổ muối,15,1500,180,5,3,15,1.5,2,50,6,400,1500,30,30,600,1200
Nụ bí bọc giò sống,15,450,25,5,5,30,1,0.5,50,2,150,200,30,8,400,700
Cuốn cá xốt xoài,75,750,45,18,8,35,0,1.5,80,3,80,400,80,8,600,650
Cua xào cay,25,450,45,8,5,20,0,2.5,150,3,180,300,30,3,400,800
Khổ qua xào chay,25,210,12,8,8,90,0,0,25,2,0,150,30,2,600,450
Gnocchi khoai tây xào bò,65,600,55,10,5,30,0,2.5,50,4,120,300,20,15,700,600
Canh rau củ ba rọi xông khói,35,450,20,8,7,60,0,0.5,50,2,40,200,30,10,600,800
Bò cuộn lá quế nướng,15,1400,75,8,2,2,1,3,200,6,250,600,25,50,700,1500
Canh chua hải sản,25,350,30,8,5,10,0,1,80,3,180,250,20,8,400,1200
Cá lóc đồng kho nghệ,25,650,70,15,5,15,0,2,80,3,150,600,30,8,700,800
Bánh rán vị chanh,60,450,5,40,1,20,0,0,50,1,30,40,10,8,60,200
Phở xào,75,520,35,5,3,15,0,1.5,30,5,250,300,30,4,400,700
Bánh canh cá lóc,85,650,55,8,5,15,0,1.5,100,5,120,400,30,5,600,1200
Dồi trường xào bắp cải tím,25,550,35,8,5,60,0,0.5,80,4,250,250,50,8,500,800
Gỏi ếch rau rừng,30,450,45,5,5,20,0.5,0.8,80,3,200,300,40,5,400,500
Bí đỏ hấp hải sản,35,320,25,10,7,25,0,1.5,80,3,120,250,50,2,500,400
Canh cà chua thịt bò,25,350,35,10,4,30,0.5,2.0,30,4,90,250,20,6,600,400
Mít non om nước cốt dừa,75,650,15,15,10,15,0,0,100,3,0,200,30,20,600,400
Cơm chiên nấm mặn,115,650,15,5,5,2,0,0,15,1,0,150,10,1,250,500
Gỏi bưởi chay,65,650,25,35,15,100,0,0,150,5,0,250,50,8,600,500
"Cá cơm, bắp chiên phô mai",52,650,50,12,6,2,2,1,250,3,400,500,50,15,500,800
Bao tử kho xốt cay,25,650,70,15,2,5,0,1.5,50,5,300,200,10,15,400,800
Bún gạo xào rau củ,65,500,25,10,8,30,0,0,80,3,0,250,50,5,600,800
Tôm thịt xào mắm ruốc,15,750,65,10,5,20,1,1.5,150,5,250,500,30,20,600,1200
Gà kho rau củ,35,650,65,10,8,15,0.5,0.8,60,4,180,450,30,5,800,850
Lẩu nhúng cay,25,750,80,5,8,15,0.5,3,150,6,250,600,50,25,800,1500
Gà xào cà ri,25,450,35,15,3,30,0,0.5,30,2,100,250,20,10,400,500
Cá rô kho cà na,25,750,50,15,5,20,0,2,100,3,150,400,25,15,600,800
Salad thịt bò chiên,65,750,45,15,10,50,0,2.5,80,4,120,300,40,10,800,850
Lẩu khoai mỡ,65,450,15,10,8,25,0,0,60,3,0,150,30,3,500,600
Cá nướng mù tạt,15,650,50,8,5,25,15,8,80,3,250,450,40,8,600,800
Gỏi xoài cá cơm chiên,65,550,25,30,8,70,0,1.5,150,3,80,250,50,8,600,700
Cá chuồn kho mít non,45,650,55,15,8,40,0,1.5,80,4,120,400,30,10,800,600
Thịt ba rọi nướng lá chanh,25,1800,55,10,5,15,0,0.5,30,3,150,250,10,50,300,800
Chả giò ngũ vị,60,650,45,15,5,3,0.5,1.5,80,4,250,300,30,15,400,800
Bò cuộn rau củ,15,850,35,8,4,40,0,1.5,30,4,150,250,30,25,500,800
Canh rau má khoai lang,35,380,30,8,5,25,0,1.5,50,4,90,250,40,6,450,600
Cá kèo chiên chấm tương bần,25,600,50,8,5,30,0,1.5,100,3,150,400,50,5,600,800
Canh đọt khổ qua rừng tôm thả,15,180,25,3,5,60,0,1.5,80,2.5,150,200,30,1,400,800
Cá cuốn tôm chiên xốt quả bơ,25,650,60,8,5,15,1,1.5,80,2,150,500,40,8,700,600
Canh rong biển thịt bò,21,220,25,6,5,15,0,2.5,60,3.5,70,250,30,4,550,600
Gỏi bò rau mầm,35,550,55,12,5,25,0,2.5,40,4,120,300,30,8,600,700
Bắp bò kho thơm,35,650,65,15,5,30,0,1,50,8,150,350,25,10,800,500
Chân giò kho tương sả,60,1200,80,20,10,30,0,1,80,5,200,300,30,25,800,1200
Khổ qua chiên me cay,60,450,18,25,15,150,0,0,150,4,5,250,80,5,800,500
Miến xào hến xốt me,70,550,45,10,5,30,0,1.5,80,8,80,300,40,5,500,800
Cá rô phi kho lá lốt,15,1100,80,10,5,15,0,1,150,5,200,600,30,20,800,800
Canh chua cá củ thì là,25,450,40,10,8,40,0,1.5,100,2,80,300,50,5,700,800
Salad đậu cay,25,550,45,8,8,20,0,2,150,5,80,350,50,8,600,700
Canh chua gà bông so đũa,35,450,45,15,8,40,0,0.5,80,3,120,300,50,5,600,800
Mì Soba Xào Kiểu Nhật,105,800,40,10,8,20,0,0.5,50,4,100,300,50,15,500,1200
Bánh khoai tây chiên xù,55,650,30,5,6,30,1,0.5,300,2,100,400,30,25,1000,800
Mì căn nhồi rô ti,65,600,25,15,5,5,0,0,100,3,0,200,20,5,400,800
Bò kho khoai sọ,60,1200,75,15,8,10,0,2.5,50,8,150,400,20,25,800,400
Thăn bò nướng,30,750,60,15,5,8,0,2.5,50,5,150,400,20,15,600,800
Bò xào nấm mỡ,25,450,45,8,8,150,0.8,3,80,6,120,350,70,8,800,600
Bánh tráng cuộn rau rừng,120,850,55,15,8,25,2,1.5,80,5,600,400,30,15,500,1200
Bánh qui chay tam sắc,180,900,25,5,10,5,0,0,50,3,0,150,20,5,200,500
Gà hầm tứ quý,105,950,75,20,8,5,0,1.5,50,4,200,500,30,15,700,800
Cá nục chiên xốt mè Wasabi,15,550,50,5,5,30,5,3,150,3,180,400,50,5,600,800
Rau củ xào thịt cua,15,220,25,8,3,25,0,0.5,80,1.5,90,200,20,1,350,400
Cá bớp chiên giòn xốt chanh,25,650,50,8,3,20,0,1,50,1.5,80,400,30,10,600,800
Salad romain tôm chiên,25,450,30,10,5,25,0,0.5,80,2,180,250,40,8,400,700
Canh cua rau nhút,35,380,45,5,8,40,0,1.5,500,5,120,350,80,3,800,800
Cá lăng kho chuối và tai chua,30,850,75,5,8,30,0,2,80,5,200,600,30,15,800,800
Nấm đùi gà kho măng tây,18,220,10,10,4,30,0,0,80,2,0,150,30,2,400,350
Mực nhồi gạo lức rim,60,550,55,5,8,15,0,1,50,4,300,400,30,1.5,600,650
Salad cá hồi,53,650,55,12,7,90,20,6,80,3,150,700,80,7,1200,300
Mì Linguine xào tôm bắp,75,650,45,15,8,30,0,1.5,80,4,180,350,50,5,600,700
Bánh bí đỏ tôm thịt,20,200,18,5,3,5,0,0.5,30,1.5,80,150,10,2,300,350
Cá nướng xốt Mayo khoai tây,35,550,40,10,4,20,0.5,1.5,150,2,80,400,25,8,700,600
Gà quay xốt hành tăm,30,2500,250,15,5,8,1,1.5,80,15,600,1500,30,40,800,2000
Lẩu gà hành cần,35,1200,100,15,10,30,0,1.5,80,8,300,600,50,15,700,1500
Tai heo kho cải chua,15,350,25,8,3,25,0,0.5,50,2,100,150,20,5,300,800
Chân giò cuộn hầm sâm,35,450,40,10,5,15,0,0.5,50,4,150,300,30,10,600,500
Sườn non om chuối,35,650,40,12,8,30,0,0.5,80,4,120,350,25,15,700,800
Cuốn vịt mắm sả,20,550,40,5,4,15,0,0.5,30,3,150,250,20,10,400,600
Thịt lăn mè,60,1300,85,15,8,15,1,2,80,8,450,700,40,25,800,1200
Tôm mực xào tiêu xanh,25,450,50,5,5,30,0,2,80,3,250,400,50,3,600,800
Cháo hàu sữa đậu xanh,55,450,35,3,5,15,2,10,80,7,180,300,50,3,400,800
Chả tôm thịt mắc khén,95,750,45,15,5,30,0,1.5,80,4,180,400,30,8,600,800
Đuôi heo nướng chao,25,850,45,10,7,25,0,0.5,80,4,250,300,30,20,600,800
Canh thính đu đủ,60,650,45,30,8,90,0,1,80,6,100,300,50,15,800,600
Salad tôm và thịt hun khói,25,500,30,15,5,30,0,1,100,2,150,200,30,8,400,500
Mì Soba xào bạch tuộc,35,450,45,5,5,70,0,2,50,4,150,400,30,3,600,500
Canh gà hạt lựu,25,450,45,6,6,8,0,0.5,30,2.5,120,250,40,5,400,300
Cuốn cá lóc xốt đậu phộng,70,700,45,20,8,30,0,1.5,80,3,90,400,50,8,600,800
Mì Spaghetti xốt chay,75,450,18,10,8,15,0,0,80,3,5,250,30,5,500,500
Ếch xào chua ngọt,35,550,60,15,5,150,0,1,30,3,150,500,30,5,600,800
Salad cá chiên giòn,35,850,70,15,8,25,0,2,80,3,120,600,50,10,700,900
Canh bông bí nấm kim châm,12,250,18,3,3,30,0,0.5,40,2,60,150,30,5,400,500
Cà tím áp chảo xốt cay,40,450,15,10,10,8,0,0,50,3,0,200,25,15,500,600
Măng trúc kho ruốc Huế,35,650,25,10,8,15,0,0.5,80,3,70,250,20,25,600,800
Mực nhồi tôm chiên hạnh nhân,50,1200,100,15,5,10,1,2,150,5,400,500,30,20,600,800
Bí đỏ xào thịt xông khói,25,380,15,8,5,15,0,0.5,50,2,40,200,30,10,400,600
Sườn nướng lá hương thảo,35,1200,75,15,5,15,0,1.5,50,4,200,400,20,30,500,800
Gà xào nước tương,35,550,65,8,3,40,1,0.5,40,2,220,300,30,5,500,600
Sườn nấu cá mòi,25,1200,70,10,5,15,5,2,100,5,150,500,20,20,600,800
Canh cải gói thịt gà nấm hương,15,250,30,5,5,30,0,0.5,50,2,80,250,30,3,400,300
Mì cay chay,120,800,35,15,10,5,0,0,50,5,0,150,20,5,400,1500
Cá điêu hồng kho tương hột,15,850,80,8,2,5,2,1.5,120,2,180,600,20,8,800,850
Canh chua tôm cà ri,25,350,30,12,3,30,0,1,100,3,180,250,20,5,400,800
Cá tẩm bột cay chiên giòn,45,750,40,15,2,5,0,1,50,2,120,400,20,8,500,800
Gà cuộn xúc xích,20,1200,100,15,5,5,0,1,50,3,250,300,10,20,400,1500
Dimsum hải sản,25,420,35,3,2,3,0.5,1.5,80,3,200,300,20,8,400,700
Mì Quảng xào lươn,75,650,40,5,5,10,0,2,50,3,120,300,30,5,500,800
Cá hồi kho nước tương,5,650,80,2,3,15,20,5,50,2,120,800,50,8,800,500
Thịt ba chỉ kho mơ,25,850,35,18,3,15,0,0.5,30,2.5,150,300,10,30,400,800
Gà nướng xí muội,15,2500,250,8,1,1,1,1,50,10,750,1500,20,50,1000,2000
Thịt bê xào cải rổ,25,550,65,8,6,60,0,2.5,80,6,150,450,50,8,700,800
Cá kèo kho kim chi củ cải,25,450,45,10,8,30,0,1,150,4,150,400,50,5,800,1200
Chả cá chiên bánh tráng,55,650,35,15,8,25,0,0.5,80,2.5,80,350,30,5,600,800
Bò áp chảo chanh dây,30,650,50,15,5,25,0,2.5,50,5,150,400,30,15,700,500
Đu đủ hường xào tôm đất,35,285,28,20,5,180,0.5,1,80,2.5,110,200,60,2,600,350
Nghêu kho gừng,15,550,60,5,0,0,0,0,70,24,100,0,0,5,0,700
Canh đu đủ viên cua,50,400,30,20,8,60,0,0.5,80,3,80,200,50,8,500,500
Bánh tart thập cẩm,90,750,35,15,3,1,1,0.5,150,2,150,250,30,30,200,800
Xúc xích ếch,15,850,75,5,2,5,0.5,2,80,8,300,600,20,20,650,1200
Bánh ướt xá xíu áp chảo,65,550,25,10,5,5,0.8,0.5,50,3,250,200,30,5,300,800
Giò heo um nước cốt dừa,25,850,50,10,3,5,0,0.5,50,4,150,250,15,40,400,700
Canh cà chua nấu đậu,25,350,28,12,6,40,1,0.5,150,3,250,300,50,5,700,500
Thanh gà chiên xốt cay,35,650,65,8,2,3,2,0.8,50,3,370,500,40,6,550,700
Gỏi bò rau càng cua,25,520,45,10,5,40,0,1.5,80,4,120,300,30,8,600,700
Ếch chiên ngũ vị,45,650,55,5,2,15,0,1.5,80,4,120,400,20,8,450,700
Bánh hành tóp mỡ,75,1100,35,5,2,3,1,1,50,3,200,300,20,100,250,800
Lẩu cháo chùm ngây,40,400,25,5,10,50,0,0,150,5,0,250,80,3,600,300
Cà ri hải sản,20,550,70,10,3,10,1,2,100,3,250,400,30,15,600,800
Dồi trường xào chua cay,25,650,40,15,5,30,0,0.5,50,4,300,200,20,15,500,800
Gà nướng chảo,15,850,80,10,3,25,0.5,0.8,50,3,300,600,30,8,700,800
Lẩu cá hồng nhúng giấm,65,550,45,15,8,50,0,1.5,80,3,80,400,60,2,700,800
Đà điểu xốt trái cây,45,650,85,15,8,25,0,4,80,8,150,500,40,5,900,400
Gỏi sò lông,45,650,60,15,8,30,0,3,150,15,180,400,50,5,600,800
Bún bì căn,250,1500,50,25,15,20,0,0,100,5,0,300,50,10,600,1200
Trứng đúc nấm rơm,25,450,30,2,3,2,2,0.8,50,3,600,300,30,8,350,400
Canh dưa hường tôm viên,20,250,35,10,2,25,0,1.5,80,2,150,250,20,3,400,600
Lẩu gà tứ xuyên,65,750,55,15,8,25,0.5,1.2,80,5,150,400,30,8,700,1200
Mì áp chảo thịt heo,75,650,45,8,8,30,0,1,80,4,150,400,50,7,700,800
Gà quay xốt kem nấm,25,850,65,10,3,2,1,1.5,150,3,300,500,30,30,700,800
Hamburger bí đỏ,75,850,35,15,8,15,1,0,250,4,20,300,30,15,600,800
Ngọc mực xóc tỏi,15,210,20,5,3,30,0,0,50,2.5,80,200,30,2,350,600
Canh gân bò cải chua,25,550,45,8,5,35,0,2.5,50,6,120,300,20,8,600,800
Bồn bồn xào tôm,15,250,25,5,5,15,0,1.5,80,2,150,200,20,3,300,800
Bao tử cá kho tiêu,15,750,50,8,2,8,0,1.5,60,4,180,300,15,25,500,800
Xôi tôm củ sen,120,850,45,15,10,15,0,1.5,80,4,200,350,50,10,600,800
Đậu hủ bách hoa xốt thịt cua,15,350,30,5,3,2,0,1,150,3,100,300,20,5,400,700
Sườn kinh đô,30,850,45,15,3,30,0.5,1.5,50,3,250,350,25,15,400,800
Gà nướng xiên xốt đậu phộng,25,550,65,15,3,5,0,0.5,30,2,150,300,10,5,500,600
Cá trắm kho khế,15,750,70,8,3,40,0,2,80,4,200,600,15,15,800,1200
Udon thịt xíu,80,850,55,5,3,5,0,1,30,4,150,400,20,15,600,1200
Sakê bột chiên,50,500,15,10,5,20,1,0.5,50,2,200,150,40,8,400,600
Vịt nướng nước cốt dừa,15,1200,80,8,3,5,0,1,50,8,250,400,15,40,600,800
Cuộn hành hoa,25,450,35,10,5,15,0,1,80,3,180,300,30,10,400,600
Lẩu cá chẽm đậu hũ non,25,850,100,10,5,40,2.5,3,200,3,150,800,30,5,900,800
Mề gà kho thơm,25,320,35,15,3,25,0,0.5,20,5,250,250,20,2,500,700
Canh thơm cá ngừ,30,450,50,15,5,40,0,2,50,2,70,400,30,3,700,600
Salad trái tim,25,280,35,15,5,30,0,1,100,2,200,250,40,0.5,400,600
Cánh gà chiên ngũ cốc,35,550,40,8,5,3,0,0.5,80,2,150,300,20,8,350,700
Cơm hến trộn,100,650,35,10,8,30,0,1.5,150,8,120,300,50,15,600,800
Cá lăng kho nghệ,15,1100,80,10,2,8,0,1.5,80,4,250,600,15,25,700,1200
Bắp bò xào xốt tiêu xanh,25,450,45,15,4,50,0,2.5,30,4,120,300,25,7,600,500
Bánh xếp chay,50,600,25,10,5,8,1,0,50,2,186,200,30,5,400,500
Bún cua lưỡi heo,40,850,65,8,5,20,0,2,150,10,250,500,50,25,600,1200
Teriyaki cá hồi,15,520,45,6,5,80,15,3,80,2,120,500,50,5,900,400
Tàu hũ ki cuộn tôm,15,450,45,5,3,5,0,1,150,3,200,400,30,8,500,800
Bò tiềm trái dừa,25,310,35,15,4,8,0,1.5,30,4,90,250,20,5,600,250
Bánh giò trứng cút,75,550,25,2,3,1,1,0.8,30,2.5,180,250,20,6,300,600
Gỏi tôm rau câu,25,350,40,15,5,20,0,1.5,80,2,200,250,30,0.5,400,600
Canh gà măng chua,15,450,45,5,3,15,0,0.5,30,2,150,300,10,5,400,800
Bánh bông lan trứng muối,155,1150,45,75,2,1,2,1,150,4,1000,400,50,20,250,700
Bí nhồi thịt kho,15,250,20,5,3,15,0,0.5,30,2,60,150,10,5,300,400
Gà lên mâm,120,850,65,10,8,15,0.5,1.2,80,5,300,450,50,15,600,800
Salad bắp nướng,35,450,35,15,7,30,0,1,80,3,200,250,50,8,600,500
Giò heo da giòn,5,2500,250,3,1,15,0,1,50,5,300,300,10,50,400,2000
Hủ tiếu mực,75,650,45,8,5,8,0.5,1.2,80,3,180,350,30,8,450,1200
Gà kho nghệ chua cay,25,750,75,10,3,15,0,0.5,30,2.5,200,600,15,15,450,800
Cá lăng nướng thì là,5,350,55,3,1,8,0,1.5,50,1,100,400,20,3,600,600
Kho quẹt chay,15,180,10,5,6,15,0,0,30,2,0,100,25,1,300,200
Bò nấu trái cây,65,950,75,25,5,20,0,2,50,8,500,500,25,25,600,800
Chả mực bắp áp chảo,25,450,40,5,3,5,0,1,50,2,150,300,20,8,400,700
Mì căn xào sả ớt,45,400,25,8,5,10,0,0,50,3,0,200,20,5,400,800
Đà điểu xào lá cách,25,650,65,10,5,90,0,2,50,8,90,500,30,15,700,600
Phá lấu thịt bê,25,650,55,15,5,25,0,2.5,50,5,150,400,30,15,700,500
Lẩu ốc thả,45,550,50,10,8,25,0,3,150,8,180,400,50,8,700,1200
Lươn nướng lá dứa,15,850,50,8,2,3,0,3,50,4,180,400,15,20,500,800
Canh ghẹ húng quế,35,450,55,15,8,50,0,2,150,5,180,300,50,5,800,1200
Măng tây xào tôm,15,260,35,5,5,25,0,1,70,3,150,300,50,1.5,600,400
Bắp bò xào sả ớt cơm cháy,50,650,50,5,2,5,0,1,30,5,100,250,10,10,400,500
Bánh mì hấp bì chay,120,800,35,15,10,15,0,0,150,5,0,300,50,5,600,800
Cá lăng kho cà bi,15,850,75,8,2,15,0,2,80,2,150,600,15,8,700,800
Hàu nướng lá hương thảo,30,800,90,0,0,30,0,20,100,8,150,200,0,20,150,800
Gà rang muối,45,650,55,2,3,2,0.5,0.8,40,4,250,400,25,8,500,600
Canh cá lóc lá giang,15,650,80,8,3,25,0,1,80,2,180,700,20,8,800,600
Gỏi lá cóc,35,350,18,15,8,40,0,0,80,3,0,150,30,3,400,500
Lẩu bò,130,1450,75,15,18,80,0,2.5,250,8,180,600,120,25,1200,1800
Canh mực nấu nước dừa,35,450,45,25,5,80,0,1.5,80,5,200,350,30,2,700,600
Salad cá hồi húng quế,18,550,50,8,4,90,15,4,60,2,150,500,35,6,800,500
Vịt kho củ hũ dừa,25,650,60,15,5,10,0,0.5,50,5,200,300,20,15,600,500
Bì bún chay,35,350,15,8,6,15,0,0,120,2.5,0,200,30,2,500,350
Mực xáo nước cốt dừa,25,750,60,10,2,15,0,1.5,80,5,300,500,30,30,600,700
Tôm xốt cocktail,30,450,40,15,3,60,0,1,80,3,200,200,30,8,500,700
Gà nấu nước tương,15,550,60,8,5,3,0,0.5,40,3,200,300,15,8,400,800
Gỏi khoai môn chiên giòn,35,380,30,8,5,25,0,1.5,80,3,200,300,30,4,700,600
Tôm chiên rong biển,35,450,40,5,3,5,0.5,1.5,80,2.5,200,300,30,8,400,600
Cơm rau củ nấm hương,65,520,25,8,6,80,0.5,0.8,60,3,120,250,50,3,500,600
Cơm gà xối mỡ,180,1200,70,5,5,10,0,0.5,50,3,200,400,20,20,500,1500
Nộm gà chay hoa chuối,40,450,25,8,10,15,0,0,150,4,0,300,30,3,600,800
Lẩu đầu cá bớp rau kèo nèo,35,650,60,15,10,80,0,2,200,5,150,500,50,8,800,1200
Nghêu xào lá khổ qua,15,350,40,5,5,30,0,8,150,15,100,300,40,5,600,800
Giò hoa rong biển,25,650,45,8,5,15,0.5,1,80,3,350,400,30,18,600,1200
Lẩu cá cờ,150,800,65,10,12,30,0,2,150,5,100,500,50,5,800,1500
Cuốn rau rừng thịt khìa chay,110,800,35,15,18,60,0,0,150,6,0,300,50,8,800,850
Giò heo hầm tứ quý,65,850,55,15,8,10,0,0.5,80,5,150,400,30,15,700,800
Hoành thánh nhân đậu chiên,35,300,15,5,3,2,0,0.5,20,1.5,60,150,15,3,200,350
Cá chim kho gừng ớt,5,650,80,2,1,15,2,3,80,1.5,150,700,20,5,800,600
Cá nướng cà ri,25,650,75,10,5,15,2,2.5,150,3,150,600,30,20,800,800
Lẩu kim chi,50,1350,85,10,15,70,0,2,250,8,250,600,150,40,1200,2500
Sò lông xào chua ngọt,45,950,85,15,5,35,0,5,150,25,250,500,50,5,800,1200
Mực xào nấm hương,25,350,45,8,5,20,0,1,50,4,200,300,30,3,600,600
Thịt kho hạt dẻ,65,850,40,15,8,5,0,0.5,50,3,150,300,20,20,600,800
Gà nướng lá húng lủi,25,2800,250,15,5,10,0,1,50,10,700,800,20,50,700,1500
Đuôi bò hầm hoa atiso,25,450,45,8,7,15,0,2.5,80,4,150,250,30,15,600,400
Mỳ Ý xốt kem,75,650,25,5,3,2,0.5,0.8,80,2.5,150,250,20,20,300,700
Canh ba rọi cuộn nấm,15,1050,40,6,5,8,0,0.5,40,2.5,180,350,30,30,600,600
Ragu bò,65,950,60,15,10,25,0,2.5,70,6,150,450,30,25,1200,800
Cánh gà nhồi sả chiên xốt me,25,650,45,15,2,8,0.5,0.8,50,2.5,180,300,15,12,350,800
Bánh cóng,25,320,25,5,5,5,0,0.5,50,2,100,200,20,5,300,500
Trứng chiên ngải cứu,5,500,40,2,1,2,2,1,60,3,800,400,50,10,200,300
Cuốn tàu hũ ky xốt tiêu,30,350,18,8,6,5,0,0,150,3,0,250,25,3,500,400
Cá viên chiên mè,30,450,35,5,2,5,1,1.5,50,2,250,300,20,10,350,600
Bánh đa xào hải sản,45,350,35,5,4,15,0,1.5,80,3,180,250,30,1.5,450,800
Gà hấp lá sen,60,2500,200,10,15,8,0,2,150,15,400,800,30,30,1000,800
Mì tương đen,75,750,35,15,10,25,0,0.5,50,3,100,300,40,20,600,1200
Cơm chiên thịt bò và phô mai,170,950,45,5,8,8,1,1.5,150,4,250,450,50,15,600,800
Đùi gà mật ong,45,950,75,20,2,3,0.6,0.5,30,3,250,500,15,15,500,1500
Nộm bì,25,350,28,10,8,20,0,0.5,40,2.5,150,150,30,8,400,800
Chả cá Lã Vọng,25,650,60,5,3,8,0,1.5,80,3,120,500,20,8,700,800
Lẩu bắp bò tôm chua,60,850,75,15,15,40,0,2,200,8,150,600,50,15,800,2000
Gà tiềm chôm chôm,65,1600,150,35,10,25,0,1.5,150,8,400,600,50,25,1200,1500
Chả trứng hấp,25,650,45,3,2,0,2,1.5,70,4,900,400,30,15,300,800
Phở bò,80,700,50,10,5,15,0,2,50,5,100,200,20,20,400,1000
Chân giò nấu nước tương,15,1800,120,8,2,5,0,1.5,30,8,300,800,10,40,600,1500
Lẩu gà ớt hiểm,50,650,60,15,5,25,0.5,1.5,80,4,150,400,30,15,600,800
Gan heo xào chua ngọt,25,450,45,15,5,90,0,20,30,18,300,400,250,5,600,800
Sò huyết xào tỏi,7,610,3,2,2,30,0,0,77,1.4,15,40,40,20,250,300
Bò né chay,35,300,15,8,10,60,0,0,50,5,5,200,40,5,600,500
Lẩu cá bớp,250,1200,75,15,15,30,0,2,150,8,120,600,50,10,900,1500
Nem nướng,35,750,55,15,5,10,0,1.5,50,5,150,400,25,25,600,800
Bánh bao chiên,200,1500,60,15,10,5,1,1.5,100,5,300,300,20,20,400,800
Đùi ếch xé phay,25,550,50,10,5,30,0,1,50,3,150,300,20,15,400,800
Xáo lòng,25,500,55,3,1,5,0,15,25,10,400,500,200,8,400,800
Heo quay hon,55,1450,60,15,10,15,0,0.5,80,6,200,500,30,25,700,800
Gà cuộn cải bó xôi đút lò,25,550,65,10,5,30,0.5,0.5,150,3,120,500,80,15,700,600
Xà lách trứng,6,450,35,3,2,2,2,1,80,3,800,400,50,15,300,700
Cá hấp củ sen,25,350,35,5,7,70,0,2,80,2,80,300,50,2,600,200
Thịt bò chiên mắm bò hóc,35,550,35,10,5,20,0,2.5,50,4,100,250,30,8,500,800
Canh lươn hầm cải chua,25,550,45,8,7,50,0,2,150,5,120,400,60,8,800,1500
Chả giò rong biển,15,350,40,5,3,5,0.5,1.5,80,3,180,300,30,5,400,600
Tôm xào tàu xì,15,350,50,8,2,8,0.6,1.5,80,2.5,200,300,20,3,400,800
Cá nục hấp cuốn cải xanh,35,550,50,15,8,60,2,4,150,4,120,400,50,5,800,600
Bò nấu pate tiêu xanh,65,950,75,15,8,25,0.5,3,80,8,250,400,30,25,900,950
Tôm xào bông so đũa,15,350,35,5,5,60,0,1.5,150,3,200,300,80,3,400,500
Cải rổ xào tỏi,18,350,35,8,6,150,0,2.5,150,4,75,250,80,6,700,500
Chả lụa kho trứng cút,15,450,25,5,3,25,0.5,0.8,50,2.5,400,250,30,8,300,800
Súp cồi điệp rau củ,22,260,35,8,7,15,0,1.5,50,2.5,70,350,50,0.5,600,400
Thịt áp chảo Mayonnaise LISA,25,650,45,8,5,15,0,1,50,3,120,350,40,10,500,800
Lẩu nấm đầu cá hồi,55,650,50,15,10,60,2,1.5,80,4,120,400,50,8,800,1200
Salad dâu tằm,20,420,25,12,7,60,0.5,0.8,80,2.5,450,250,70,10,400,600
Gà rô ti,15,1200,100,10,2,5,0,1,50,5,300,800,15,20,600,800
Bánh cuốn nhân cá hồi,65,550,35,10,5,20,5,2,50,3,70,300,30,3,500,700
Canh măng cua đồng,15,450,50,8,5,20,0,1.5,300,4,200,350,30,5,500,800
Canh cá rau muống,25,450,45,10,5,30,0,1,100,2,80,300,30,5,500,800
Cá rim giấm mè,5,150,2,2,1,1,0,0,15,0.5,0,20,3,1,30,300
Mọc đông trứng cút,15,450,35,2,1,2,0.5,0.8,40,2.5,250,250,10,10,200,800
Canh rong biển hạt sen,26,160,7,3,6,7,0,0,70,2,0,150,40,0.1,500,300
Bò cuộn nấm xốt tiêu,25,850,55,8,3,5,0.5,3,30,6,200,350,25,35,500,800
Cua lột xào chua ngọt,30,650,45,8,2,15,0,1.5,300,3,200,400,30,15,450,800
Cháo ếch,120,650,60,5,2,10,0,1,50,4,150,400,15,5,500,1200
Canh bí đỏ rong biển,55,450,25,15,15,25,0,0,150,5,0,300,50,3,800,500
Cuốn chả tôm,105,650,45,10,10,30,0,1,150,5,200,300,50,5,400,800
Bánh ít nhân tôm thịt,200,1200,60,15,10,5,0,1,50,5,100,200,30,15,300,600
Gà nấu đậu ngự,55,1200,90,20,15,30,0,1.5,80,5,450,700,50,20,900,600
Sườn nướng xốt cay,25,450,35,15,1,5,0,0.5,30,2,100,250,5,10,300,600
Bánh mì kẹp phô mai thịt nguội,130,1500,50,15,10,20,1,1.5,300,5,100,500,50,20,800,1800
Tôm ram thịt ba chỉ,5,550,55,3,0,0,0,1.5,100,3,250,300,10,15,400,600
Gỏi trộn khô mực,65,650,45,30,8,90,1,1.5,80,3,150,300,40,10,600,800
Gỏi rau mầm tôm,45,550,40,15,5,25,0,1.5,80,3,180,350,50,8,400,800
Mít kho tương,65,450,15,15,10,20,0,0,80,3,0,150,30,8,500,300
Lẩu bắp bò chua cay,50,800,70,5,8,15,0,3,80,8,200,300,30,25,600,1200
Cơm chiên cá mặn,150,850,35,5,5,15,2,1,50,3,370,300,40,8,400,800
Tôm sú xốt gấc,15,450,45,8,3,15,0,1,100,3,250,300,30,8,400,450
Cơm gà,100,800,60,5,3,2,0,1,30,3,150,300,20,15,400,800
Thịt nướng BBQ,35,1200,75,15,5,20,0,2.5,50,6,180,300,30,30,600,800
Gỏi ớt chuông cần tây,25,350,15,8,6,80,0,0,150,3,0,200,50,3,500,300
Đậu hũ xốt mè mayonnaise,25,350,18,5,4,3,0,0,150,3,0,200,20,3,300,600
Bánh cuốn củ cải,120,650,25,10,5,15,0,0.5,50,3,70,200,20,10,300,800
Gỏi mực cay,25,300,35,8,5,30,0,0.5,80,4,200,300,40,2,600,800
Bánh đa cua,110,950,75,15,8,30,0,2.5,300,7,200,600,50,25,800,1500
Miến trộn cua lột,45,380,25,5,4,15,0,1.5,150,3,100,200,30,3,400,800
Bánh sen chiên giòn,55,350,10,15,8,25,0,0,50,2,5,150,30,3,500,300
Canh cá kèo rau đắng,25,350,45,10,8,40,0,2,150,3,120,300,50,3,600,500
Chả cá chiên cốm,45,600,40,5,3,3,1,1.5,80,2,250,350,30,8,400,700
Gà xào thơm bông cải,25,410,40,12,7,130,0,0.5,70,2,120,350,50,4,700,600
Canh ba màu,75,550,25,15,10,20,0,0,150,4,0,300,50,5,600,300
Cuốn thịt ram mắm tép,60,850,40,15,5,15,0,0.5,50,3,150,250,20,20,400,1200
Cá thu kho nước tương,5,350,35,3,1,15,5,8,30,2,80,350,10,5,400,600
Mực nhồi thịt xốt cà,35,450,40,8,4,20,0,1.5,50,3,180,300,25,6,500,600
Nui xào bò,85,750,65,10,5,30,2,2.5,80,5,800,500,50,15,600,800
Gà viên chiên,25,650,50,5,2,2,1,0.5,80,3,250,400,25,15,400,500
Bánh mì nướng phô mai,100,800,30,15,6,30,0,0.5,200,2,50,300,20,15,400,800
Cá chiên xốt me,20,550,45,15,2,20,0,2,50,2,120,400,25,5,600,800
Mực xào chua cay,25,350,40,10,3,60,0.5,1.5,80,4,250,300,30,3,500,600
Ngồng cải hấp tôm,25,350,35,8,8,80,0,1.5,150,3,180,300,60,3,600,700
Tôm càng rim tỏi,15,500,65,8,2,15,1,2,150,3,300,300,30,2,500,700
Lẩu tập tàng,220,1300,75,15,10,30,0,2,400,8,200,500,50,5,700,1500
Rau xào thập cẩm,25,350,30,8,7,80,0,0.8,50,2.5,70,250,50,4,500,500
Canh khoai tím hột lựu,85,450,25,10,8,15,0,1,80,2,150,200,30,3,600,500
Chả giò chuối,75,700,40,25,5,10,1,0.5,80,2,200,300,30,10,500,500
Canh bí đao dồn thịt,15,350,30,5,5,10,0,1,50,2,100,200,20,5,300,500
Gà xào tương hột,25,550,60,8,5,15,0.5,0.8,50,3,180,400,25,8,600,1200
Canh sườn củ cải muối,10,750,50,5,3,20,0,1,50,4,150,300,15,15,400,800
Mực muối rim thịt,25,650,40,15,2,15,0,0.5,50,4,150,300,10,20,400,1200
Bánh đa xào thịt gà chua ngọt,75,550,45,10,8,20,0,0.5,80,3,85,300,50,4,500,800
Cháo trứng thịt bằm,60,650,55,2,1,2,2,1,40,3,600,400,30,8,450,600
Nghêu nướng mỡ chài,15,750,40,8,2,3,0.8,1.5,80,5,280,300,20,40,400,600
Chả giò mực,30,800,60,5,3,5,0.5,1.5,50,3,250,300,20,15,400,800
Chả giò Spaghetti,25,200,8,3,2,8,0,0.1,25,0.5,5,50,10,2,100,300
Gỏi rau nước tương,15,350,28,8,4,15,0,0.5,30,2.5,80,250,20,5,400,600
Súp hột lựu chay,120,700,30,20,25,25,0,0,150,5,0,300,50,5,600,400
Mì xào giòn chay,45,400,15,10,8,20,0,0,80,3,0,150,30,5,500,600
Gỏi gà rau răm,25,550,60,10,5,20,0.5,0.8,50,3,150,300,30,8,600,350
Salad nui cá hồi,38,320,20,3,2,2,5,2,30,1,40,200,25,4,250,500
Gỏi cuốn 3 loại,60,750,65,10,8,20,2,3,100,4,250,400,50,8,600,1200
Cá điêu hồng nướng rau răm,25,650,85,8,5,15,2,3,150,3,180,700,30,8,900,800
Cháo nghêu,60,750,55,5,5,5,0,5,150,15,100,300,20,20,500,800
Bánh mì chiên tôm,40,520,35,5,3,3,0.5,1.5,80,2,180,300,30,8,350,800
Nem hải sản,60,800,65,10,5,5,1,2,150,5,350,500,50,15,400,800
Tôm chiên hoành thánh,45,650,60,5,2,2,0.5,1.5,100,3,250,300,20,10,400,800
Bánh tôm,110,750,35,15,8,35,0,1.5,100,3,150,300,30,3,500,800
Bánh bèo,50,350,40,5,2,25,0.5,1,80,2,200,250,30,2,300,500
Cá kèo kho rau răm,5,420,65,2,1,10,0,3,150,2,150,500,20,3,400,600
Cà tím hấp nước tương tỏi,15,150,3,8,4,5,0,0,15,0.5,0,40,10,1,300,350
Súp nghêu chua cay,25,350,40,5,5,8,0,2,150,8,80,300,40,2,600,700
Canh gà nấu bông cải,15,350,45,7,6,120,0,0.5,60,2,120,350,60,3,600,400
Đậu hũ khìa,25,350,18,8,7,20,0,0,150,3,0,200,40,5,500,350
Bánh cua,25,450,35,5,2,3,1,2,150,2,300,300,30,10,400,600
Rau củ chiên tẩm nước tương,35,250,12,10,8,30,0,0.5,80,2,30,150,50,2,600,300
Súp nghêu rau củ,55,550,50,15,10,70,0,3,150,8,120,400,60,8,800,1200
Salad nui ba màu,80,650,25,10,8,150,0,0.5,80,3,50,200,60,10,400,800
Chả nghêu húng quế,15,450,45,3,3,8,0.5,2,80,5,150,400,25,15,500,600
Canh bí đỏ đậu xanh,35,250,18,8,8,25,0,0.5,40,2.5,60,200,30,3,500,300
Chả nấm chiên giòn,6,210,20,2,2,2,0,0.5,25,1,50,200,15,3,300,350
Lạp xưởng xào ngũ sắc,55,520,25,8,7,15,0,0.5,50,2.5,70,250,30,15,400,800
Chim cút rô ti,15,550,55,8,3,15,1,2,50,5,800,400,30,8,400,800
Lẩu lươn hoa chuối,120,850,55,15,8,30,0,2,150,5,120,400,50,5,800,1200
Sườn kho nấm,15,850,65,8,3,25,0,0.8,50,4,180,500,15,15,700,600
Lẩu đậu tương,85,600,35,15,20,30,0,0,250,7,0,400,80,5,900,1200
Bí ngòi xào hải sản,15,220,25,7,4,25,0,1,60,2,160,250,40,1.5,500,500
Ếch xào bồn bồn,25,450,60,5,5,10,0,0.5,50,3,100,400,15,2,500,800
Hủ tiếu xào cua thanh,130,1200,65,15,7,8,2,1.5,100,5,300,400,50,25,600,1500
Salad dồi quẩy,25,350,20,8,3,5,0.5,0.8,80,1.5,60,200,25,5,300,400
Lẩu nghêu húng chanh,35,550,65,10,5,30,0,5,150,15,120,500,50,5,800,1500
Miến gà măng khô,100,800,60,10,15,5,0,0.5,50,5,150,300,20,10,400,1500
Ếch xào cải chua,15,280,35,8,3,30,0,1,50,3,80,300,20,2,400,600
Cá điêu hồng xốt hạt lựu,35,650,70,15,5,60,2,1.5,80,2,150,500,30,8,700,800
Trái cây và rau củ chiên giòn,38,280,4,20,4,15,0,0,40,1,0,80,25,3,400,250
Lẩu đầu cá bớp ớt khô,35,450,45,15,5,30,0,1.5,80,3,100,350,25,5,600,800
Cá tai tượng hấp xì dầu,15,850,95,5,2,8,0,2,80,2,180,700,25,8,800,1200
Snack cốm,110,900,35,15,8,5,3,1,300,2,60,350,20,20,500,400
Tôm xào hạnh nhân chay,25,550,20,8,7,15,0,0,80,3,0,200,30,8,400,600
Cá thác lác bách hoa,35,1400,75,5,3,1,0,1,150,4,1200,600,20,40,700,1500
Cá rô kho cà bát,25,550,45,10,8,15,0,1.5,200,4,150,400,30,15,600,700
Bún chay lá chanh,120,650,25,15,10,30,0,0,150,5,0,250,50,5,600,1200
Tôm nướng muối ớt,25,650,90,10,5,150,0,2,150,3,350,300,50,5,400,800
Phở chiên phồng chua ngọt,65,550,45,5,4,25,12,3,60,3,90,400,40,4,600,600
Gỏi vịt rau rừng,25,750,75,10,5,30,0,1,80,5,200,350,50,10,600,800
Canh măng khô đuôi bò,25,950,85,5,8,3,0.5,2.5,50,6,150,300,20,20,600,800
Canh rau dền khoai sọ,35,280,18,5,5,30,0,1,150,4,120,250,50,3,600,400
Lẩu Thái,170,950,85,20,15,60,1,3,150,8,250,500,70,8,900,2500
Cá lóc xào lưu ly,25,350,45,5,3,60,0,1,50,2,80,350,20,3,600,500
Gỏi rau cần thịt bò,25,350,35,8,4,20,0,2.5,50,4,90,250,30,5,500,600
Củ sắn xào thịt,26,310,28,8,4,15,0,0.7,25,2.5,80,250,20,5,400,500
Đậu hũ hấp la hán,20,350,25,5,8,60,0,0,150,5,0,250,50,3,600,700
Bánh mì cuộn cá hộp,45,550,35,8,5,3,5,8,150,4,80,300,40,8,350,700
Gỏi sò huyết nấm tuyết,30,550,60,5,5,15,0,10,100,20,200,500,30,5,600,800
Salad thịt gà trộn táo đỏ,25,650,45,12,4,8,0.5,0.8,60,2.5,250,350,30,8,400,600
Bánh khoai tím nhân thịt,25,350,30,5,3,2,0.5,0.8,50,2.5,450,250,15,8,300,500
Sườn kho đậu hũ non,15,550,35,6,3,15,0,0.5,150,3,120,300,20,10,400,600
Bò lúc lắc Mayo,25,650,60,10,4,90,0,2.5,30,5,150,300,30,15,700,800
Rau củ xào hỷ lạc,15,150,7,5,5,60,0,0,50,1.5,0,80,30,1,350,300
Mì Quảng xào chay,75,650,25,10,8,15,0,0,150,4,0,250,50,5,500,800
Lươn om chuối đậu,60,850,65,15,15,30,0,3,200,8,180,600,50,25,800,800
Trứng chiên lạp xưởng,120,1100,45,10,6,10,1.5,1.2,150,5,650,450,50,25,400,1500
Củ sen chiên tôm,160,1500,75,20,15,30,2,1,100,5,300,500,50,20,800,1200
Bánh bột lọc,165,850,45,5,2,5,0,1.5,80,4,150,350,15,20,400,800
Cải thảo xào tim heo,15,250,30,5,5,30,0,1.5,60,5,200,250,50,3,600,500
Bánh xèo,250,1800,70,25,20,50,0,1,150,8,150,500,80,40,800,1200
Canh gà nấu khoai tây,45,550,45,8,5,10,0.5,0.8,30,2.5,150,300,25,8,700,400
Bánh xèo Hàn Quốc,65,600,45,5,4,15,0,1,80,4,200,300,30,8,400,900
Kiểm,210,1500,55,45,35,30,0,0,250,8,0,600,80,25,1200,400
Cải thảo gói tôm thịt,15,320,35,7,3,30,0.5,1.2,80,3,150,300,40,5,450,400
Chả giò chay,50,350,15,5,5,3,0,0,50,2,0,150,20,3,250,400
Salad mì Ý chua ngọt,35,350,25,5,5,15,0,0.5,30,2,80,200,30,5,350,400
Bạch tuộc xào chua cay,25,350,45,15,4,40,0,1.5,50,3,150,300,30,2,600,800
Tôm xào sả cay,5,350,60,2,2,15,0,1.5,100,2,300,300,20,3,350,500
Gà kho hành phi,25,850,75,15,2,8,0.5,0.8,50,4,200,300,15,15,400,600
Đậu hũ xốt nấm,15,350,18,3,5,2,0.5,0,80,3,5,250,30,5,400,350
Dừa kho ngũ vị,5,750,50,2,0,2,2,2,80,5,800,400,40,25,350,800
Miến xào xốt tương,65,450,30,8,5,15,0,0.5,30,3,60,200,20,5,400,1200
Cua nấm xào măng tây,25,650,85,8,7,60,0,1.5,180,4,200,500,50,2,800,900
Mắm lóc chưng,5,350,30,3,1,3,0,1,50,3,80,250,10,5,300,1200
Cá đối kho cải chua,25,350,45,8,5,20,0,1.5,80,2,90,400,30,2,600,800
Canh cá rô rau nhút,25,350,35,15,5,40,0,1.5,150,3,100,300,50,3,600,500
Gà nấu nấm,60,1200,100,15,8,10,0,1,50,4,200,300,25,15,600,600
Đậu trộn xà lách,43,460,25,10,15,15,2,0.8,120,5,370,300,150,7,700,400
Tôm rang dừa,120,1200,50,15,10,5,0,1,150,5,200,300,20,30,400,500
Cà tím đậu hũ chiên xù,45,650,25,10,8,10,1,0.5,100,3,370,250,50,8,500,500
Gỏi rong biển,35,450,30,15,10,8,0,0.5,150,4,60,250,30,5,600,800
Cá trứng chiên bơ tỏi,10,550,55,2,1,15,5,3,300,2,150,500,20,8,400,600
Sandwich nướng thịt băm,55,450,20,8,5,5,0,0.5,50,2,40,150,30,5,350,500
Gỏi bưởi bắp cải gà xé,35,350,35,15,7,90,0,0.5,60,1.5,85,250,50,3,500,450
Bí xanh nhồi sườn hấp,15,250,20,5,3,15,0,0.5,30,2,50,150,10,5,300,400
Lẩu bò sa tế,120,1200,85,15,8,30,0,4,80,8,180,450,30,25,700,1500
Salad Nga,35,450,25,6,7,15,2,1.5,50,2,400,250,50,8,700,600
Thịt ba chỉ chiên giòn,35,1850,60,15,5,20,0,0.5,50,3,150,300,40,40,400,1500
Gà nướng nồi đất,45,650,50,5,3,5,0.5,0.8,30,2.5,150,250,15,8,350,800
Canh nghêu kim châm,25,350,35,5,5,15,0,5,150,10,80,300,50,3,600,500
Mực trộn khổ qua chua ngọt,25,280,28,8,4,40,0,0.5,50,2.5,150,250,30,3,400,600
Cuốn đậu hủ kho gừng,35,350,15,12,8,20,0,0,150,3,0,200,40,3,600,400
Sườn bung,45,650,40,15,7,80,0,0.8,80,4,120,300,50,15,600,800
Tôm càng uyên ương,100,950,55,15,5,20,2,1.5,150,4,1000,450,50,30,600,1200
Sake kẹp tôm chiên giòn,65,650,35,8,5,10,0,1,80,3,150,300,30,10,600,700
Cải bó xôi xào thịt,15,250,25,5,5,30,0,0.5,150,3,60,250,100,3,500,400
Cuốn sò điệp chấm xốt,60,650,55,15,5,15,0.5,1.5,80,4,180,400,30,8,600,800
Đậu rồng xào trứng,8,280,25,2,5,20,0.5,1.2,35,4,450,250,50,6,400,600
Cà ri vịt quay,35,1200,75,10,8,50,0,0.5,80,5,250,400,30,40,700,800
Thăn heo chiên bơ,55,1600,75,15,7,25,2,2.5,70,5,450,600,50,150,700,800
Lẩu ghẹ kim chi,110,1350,150,20,15,40,0,5,250,15,250,600,60,15,1200,2500
Cá thu kho cà tím,25,550,45,8,7,15,8,3,80,3,120,400,30,15,700,800
Canh nghêu đậu hũ chua cay,15,450,45,5,3,15,0.5,2,150,8,120,300,20,5,500,800
Bánh mực khoai môn,45,420,28,5,4,5,0,1,50,2.5,120,250,15,8,500,700
Bí ngòi hấp xốt nấm,15,280,30,5,5,20,1,1.5,50,2,200,300,30,3,500,300
Lẩu tương hải sản,120,850,75,15,8,60,0,2,150,5,300,600,50,15,800,1200
Ếch xào bông hẹ sa tế,15,550,50,5,4,20,0,0.5,80,4,100,400,30,8,600,500
Khoai tây trái lê,65,550,25,5,7,25,1,1.5,50,2.5,150,250,30,8,700,600
Khoai tây xào ba rọi xông khói,45,350,12,8,6,25,0,0.5,40,1.5,30,150,30,8,600,400
Tôm viên tuyết hoa,55,550,35,8,2,3,1,1.5,70,3,250,300,30,8,350,700
Mì trường thọ,120,1200,60,15,8,20,0,1,80,5,150,300,30,15,500,1200
Khổ qua đèo kho nấm,35,250,7,15,10,120,0,0,50,2,0,150,50,3,600,250
Canh riêu chem chép,25,350,45,10,5,40,0,5,150,8,100,300,30,3,500,800
Cá chẽm lúc lắc hạt điều,25,450,45,8,3,25,0,0,50,2,80,400,20,8,600,700
Lẩu hoa mực,45,650,65,15,5,40,0,1.5,150,5,250,400,30,5,600,1800
Ba rọi chiên sả ớt,5,1400,40,1,1,15,0,0.8,20,3,300,300,10,50,400,1500
Gà tiềm nấm đông cô,25,650,50,10,5,15,0,0.5,50,3,150,300,20,10,500,800
Cá kho chuối xanh,45,650,50,15,8,15,2,1.5,50,2.5,120,400,25,15,700,600
Salad tôm xốt kem,35,650,70,25,3,30,0,1,150,3,350,300,25,15,400,800
Đậu hũ chiên xốt cà,25,350,15,8,5,15,0,0,80,3,0,150,20,5,300,600
Miến xào lươn chiên giòn,55,450,30,5,5,20,0,2,50,3,80,300,30,5,400,800
Mì căn kho tiêu xanh,65,550,35,15,10,35,0,0,80,6,0,350,40,5,800,700
Cánh gà dùi trống,65,1650,85,15,3,15,2,1.5,80,4,400,700,40,30,450,1200
Bông thiên lý xào tôm,10,200,25,3,3,30,0,1,80,2,150,200,50,2,300,400
Cua lột phong sa,70,950,85,10,2,15,2,3,250,5,300,400,30,25,350,1200
Cà tím tay cầm,25,250,10,8,7,5,0,0,80,2,0,150,25,2,400,350
Chả ếch lá lốt chiên,25,650,60,8,3,15,0,1,80,5,150,400,20,10,450,1200
Gà xào lăn Mayonnaise,45,650,45,10,5,8,0.5,0.8,50,3,150,300,25,20,400,800
Mì vàng xốt tôm,85,600,35,10,5,8,0,1,70,3,150,300,25,5,400,800
Sò lông chiên giòn,60,800,65,15,5,10,2,5,150,15,300,500,50,15,600,800
Vịt kho nước tương,10,650,50,5,2,5,0.5,1.5,30,3,150,250,15,15,400,800
Bánh khoai tây,40,320,12,5,4,15,0,0.5,30,1,80,150,20,5,500,350
Rau càng cua trộn tôm,15,320,45,8,3,25,0,1.5,80,2.5,200,250,30,2,400,600
Thịt kho củ kiệu,15,750,60,8,2,5,0,0.8,20,3,180,300,10,10,400,800
Trứng hấp kiểu Nhật,15,650,65,5,5,15,3,2,70,5,1000,400,50,12,400,800
Canh nấm khoai từ,75.0,350,12.0,5.0,8.0,15.0,0.0,0.0,30.0,2.5,0.0,150.0,25.0,0.5,600.0,400.0
Phô mai que đậu phộng,134,1785,78,20,14,25,2,1,800,5,550,850,50,40,600,800
Canh bắp cải thịt xông khói,20,250,15,8,5,60,0,0.5,80,2,40,150,30,8,400,600
Thịt viên nấu sữa tươi,45,550,55,15,8,30,0,1.5,80,4,180,400,50,8,700,600
Cải rổ xào nấm Mayonnaise,25,350,35,8,8,70,0,1,150,3,180,300,80,5,600,600
Gà chiên giòn,25,850,70,3,1,0,0,0.5,50,3,300,500,10,15,400,800
Bánh cá chiên,15,1100,65,8,2,3,0,1.2,80,3,200,500,10,30,600,1200
Mực xốt thơm,25,350,35,15,2,20,0,0,50,2,200,300,10,5,400,800
Chả cá kho chua cay,15,350,25,10,3,30,0,0.5,50,2,80,250,20,5,500,800
Cánh gà tẩm xốt Mayonnaise cà ri,15,950,65,5,2,5,0.5,0.8,80,3,250,500,10,25,350,800
Canh chua bắp cải tím,25,210,18,15,5,70,0,1,80,2,120,150,50,2,400,500
Rau củ kho chay,20,200,8,8,7,35,0,0,60,2,0,100,40,2,400,300
Thịt ếch xào giấm tỏi,15,450,50,8,2,15,0,1.5,30,3,120,400,10,5,450,800
Salad cua mì ý,35,280,25,3,2,2,1,1.5,60,1.5,210,200,30,7,250,400
Miến xào chay,50,350,15,5,5,20,0,0,40,2,0,80,30,3,300,500
Cơm thập cẩm kiểu Nhật,300,900,45,15,8,5,0,0.5,50,3,80,300,20,8,400,600
Bò tam sắc áp chảo,15,600,55,8,4,8,0.5,3,250,4,150,400,30,15,600,500
Lòng gà kho tương,25,650,55,8,5,15,0,1.5,50,8,500,400,50,8,500,800
Lẩu ếch sa tế,45,650,60,10,8,30,0,1.5,150,5,100,500,50,8,800,1200
Sandwich nướng hải sản,50,550,35,10,5,90,0,1.5,80,3,150,300,50,5,400,700
Vịt kho củ cải mặn,25,850,55,8,5,8,0,0.8,50,4,180,300,25,15,450,800
Bánh chiên hải sản,25,280,20,7,5,15,0,1,60,2,150,200,50,3,350,400
Bánh quy giòn mayonnaise,45,750,40,10,5,20,2,1.5,300,4,600,400,50,20,500,1000
Cuộn bí chiên giòn,25,220,22,7,4,15,0,0.5,50,1,60,250,25,3,400,300
Tôm nướng bánh hỏi,65,550,25,8,3,10,0,0.5,50,2,150,200,20,8,300,700
Khổ qua kho chay,55,350,15,10,8,80,0,0,150,3,0,200,50,2,600,300
Cá hấp nước tương,15,450,50,5,5,60,0,1,150,2,100,400,50,5,700,600
Hến chiên trứng,7,450,35,2,1,5,2,2.5,70,6,620,350,50,8,300,450
Tôm chiên cốm,85,750,55,10,5,15,2,1.5,100,3,350,350,50,15,500,600
Gỏi su hào,45,550,35,15,5,40,0,1.5,80,3,180,300,30,7,500,800
Pizza thịt nguội,120,1200,75,25,10,30,2,1.5,600,3,180,500,40,30,600,1500
Lươn xào lăn,65,850,45,15,10,15,0,2.5,80,6,150,400,30,15,700,600
Gan xốt mật ong,15,350,35,8,2,40,1,20,15,18,300,350,250,3,400,500
Ốc nhồi hấp xả,15,550,45,2,3,10,0,1,150,5,180,300,20,8,400,600
Ốc xào,15,800,120,0,0,15,0,0,200,30,200,400,0,5,500,1000
Heo thấu,35,950,35,15,5,40,0,0.5,40,3,150,300,20,30,500,800
Tôm chiên xốt kiwi,25,450,35,15,3,75,0,1.5,80,2.5,200,300,30,5,350,600
Canh tôm bắp viên,25,320,35,8,6,25,0,1,80,3,180,250,40,3,400,600
Canh nấm rong biển,15,350,40,5,5,10,0,1,80,3,180,250,30,5,500,1200
Mọc cua,15,650,70,5,3,2,0,1.5,150,4,250,500,20,8,400,1200
Gà kho chao Mayonnaise,35,650,50,10,5,8,0.5,0.8,50,3,150,300,20,15,600,800
Canh rau muống khoai sọ,35,250,25,5,5,60,0,1.5,150,3,60,250,50,2,600,500
Phở gà,50,400,35,5,2,5,0,0.5,50,2,80,200,10,5,300,800
Cồi sò điệp chiên khoai,65,450,35,15,5,20,0,1.5,50,2,70,300,25,3,500,600
Cháo thịt bò trứng muối,75,700,45,2,2,2,0.5,2,80,5,800,400,30,15,450,800
Chim cút nhồi cốm hấp,35,520,45,5,5,5,0,1,50,4,200,300,30,8,400,600
Cá lăng kho củ nén,15,850,60,10,2,30,0,2,50,3,150,500,15,15,700,600
Bún thịt nướng,130,1100,55,15,10,15,0,0.5,80,5,150,400,50,10,600,1200
Lẩu nấm gà,45,650,65,5,8,30,0,1.2,80,4,150,400,50,5,600,800
Cải thảo xào sò điệp,18,200,25,7,5,60,0,1.5,70,2,70,250,50,1,500,400
Bún gạo xào chao đỏ,190,950,35,10,10,5,0,0,150,5,0,300,50,5,400,800
Cánh gà chiên sa tế tôm,5,450,35,3,1,3,0.5,0.3,40,1.5,150,250,10,8,200,600
Đậu hũ bao bố,25,300,15,5,7,15,0,0,150,3,0,200,30,3,400,500
Chả cá Hà Nội,60,850,55,10,5,30,0,1,80,3,150,450,40,20,700,800
Bì cuốn chay,75,550,20,15,12,25,0,0,100,3,0,200,50,3,600,500
Sườn kho giấm mật ong,15,1100,60,8,2,10,0,1,40,4,180,400,15,20,500,800
Canh gà nấu nho,35,450,30,20,7,25,0.5,0.3,40,2.5,100,250,30,5,500,300
Hamburger gà xé,70,650,50,15,5,10,0,0.5,50,2,80,200,20,5,300,800
Cá chẽm nướng lá chuối,25,450,45,15,5,40,0,1,50,2,90,400,30,5,600,500
Cá lóc chiên xốt kiwi,45,450,40,25,5,180,0,0,50,2,80,350,30,5,700,600
Gà kho củ cải muối,25,1200,75,15,5,10,0.5,1.5,50,3,250,600,15,15,400,1500
Thịt heo xào nước tương gừng,25,650,65,10,5,40,0,1.5,80,3,180,600,30,7,700,800
Chân nấm xào thịt gà,20,350,40,5,5,10,0,0.5,50,3,120,250,20,4,400,600
Hàu chiên giòn,25,350,20,5,2,10,1,5,80,6,150,200,20,5,300,500
Vịt hầm bí xanh,45,480,65,10,12,25,0,0.5,60,5,120,400,50,5,1200,600
Mì xào giòn sò điệp,45,450,35,8,5,30,0,1.5,80,4,80,350,50,5,600,800
Nấm nấu thả,25,750,70,8,7,20,0.5,1.5,80,4,250,500,40,10,700,800
Sườn chiên xốt nấm,15,650,40,5,3,2,0,0.5,30,2.5,120,250,15,15,350,800
Salad thịt bò cải xoong,10,250,25,5,2,20,0,1.5,30,3,70,200,25,4,350,400
Chả giò cá chẽm dưa lưới,65,650,35,15,5,15,1,1.5,150,2,150,300,30,10,400,600
Canh bóng thập cẩm,25,450,55,8,7,40,0.5,1.2,80,3,180,400,50,5,600,650
Bò thưng,120,1800,100,15,8,30,0,3,50,8,200,300,25,40,700,800
Thịt bò kho quế,15,1200,100,8,2,3,0,5,30,8,200,300,15,25,600,800
Lòng heo trộn riềng sả,25,550,45,5,3,15,1,15,30,12,400,400,250,8,450,600
Thịt kho nước dừa,15,2500,120,10,1,8,2,1.5,80,8,800,800,40,80,600,1500
Lẩu hàu kim chi,40,450,30,15,8,30,1,2,150,5,70,300,50,5,600,1200
Giò thủ xào,5,1000,150,1,3,1,0,2,30,8,400,800,10,40,600,1200
Gà lúc lắc phủ hạnh nhân,25,550,45,15,4,70,0,0.5,50,2.5,150,350,30,5,600,650
Gà nấu đông,15,1000,110,5,5,5,0,0.5,40,3,250,300,15,15,500,800
Vịt nướng chao,15,1500,120,5,2,5,0,1.5,50,6,300,300,10,30,400,800
Lẩu chay trái cây,250,1500,70,80,50,200,0,0,300,10,50,500,150,15,1500,800
Ốc biển xào chua ngọt,25,280,28,15,4,30,0,1.5,80,5,90,200,30,2,500,800
Gỏi bưởi,60,550,40,30,8,90,0,1,80,3,180,300,50,8,500,600
Cá áp chảo vị sa tế,15,450,40,8,3,40,0,0,50,1.5,100,350,25,3,500,400
Thịt gà kho rau răm,15,1200,80,8,5,20,0,0.5,50,4,150,500,30,15,600,800
Bông so đũa chiên giòn,15,350,30,3,2,15,0,1,80,2,100,250,20,5,350,600
Hủ tiếu xào cật heo,85,650,55,8,7,60,0,1.5,90,8,350,500,60,8,700,1200
Bánh há cảo hoa hồng,45,350,30,2,2,2,0.2,0.5,30,2,100,250,15,4,300,500
Bánh tét lá cẩm,1750,4500,150,50,50,5,0,0.5,150,15,250,500,50,80,800,1000
Chả đùm,80,850,55,8,7,5,1,2,80,5,250,400,40,25,500,600
Viên xôi gà bọc lá sen,170,650,45,5,8,2,0,0.5,30,3,60,250,30,3,400,450
Xôi viên ngọc,160,750,35,5,3,2,0,0.5,80,3,100,300,20,8,250,600
Tàu hũ ky cuộn thịt chiên,35,550,35,5,5,2,0,0.5,50,3,70,300,15,8,400,600
Khoai môn hạt sen chiên xù,105,850,35,15,8,3,1,0.5,80,3,250,300,40,15,600,600
Lẩu mẻ cá chẽm,250,1500,100,20,15,30,0,2,150,5,100,400,50,10,800,1200
Lẩu cá rô phi,35,650,65,10,5,25,0,1,80,2,150,500,30,5,700,1200
Hành tỏi ngâm giấm,78.9,360,6.7,32,11.4,34,0,0,85,2.4,0,210,60,0.1,950,65
Cơm Hoàng bào,75,850,45,5,5,5,2,1.5,80,3,350,400,50,15,400,800
Bánh khoái,120,850,55,10,8,15,2,3,150,7,400,450,80,15,600,700
Mì xào gà chua cay,65,550,35,10,7,70,0,0.5,50,3,75,300,40,3,600,800
Bắp bò ngâm giấm,350,2300,200,320,5,15,0,3,80,15,300,200,10,50,800,1200
Cơm tấm sườn mayonnaise,250,1500,75,15,5,5,0,1,50,5,150,500,20,30,400,1200
Nấm hấp sả,15,120,8,5,5,8,0,0,15,1,0,200,30,1,400,200
Dưa cải thảo,65,310,12,25,25,400,0,0,450,5,0,300,200,0.5,1500,600
Thăn heo cuộn nhân Jambon phô mai,25,1050,85,5,2,3,2,2.5,250,4,550,800,50,20,700,1200
Cá chim rim gừng tỏi,10,550,60,5,3,15,2.5,3,80,2,120,400,25,5,600,650
Bò cuộn phô mai,30,1050,95,8,4,10,1,6,150,8,350,700,40,25,800,600
Thịt ba rọi kho khoai sọ,35,950,30,5,4,15,0,0.5,30,2.5,150,250,10,30,600,800
Gỏi thịt bò trộn rau,15,450,45,7,3,25,0,2.5,30,4,120,250,20,8,450,600
Thỏ nấu rượu vang đỏ,25,1500,150,10,5,8,0,6,50,6,200,300,20,10,600,500
Thịt giò heo kho xá xị,25,550,35,20,3,15,0,0.5,50,2.5,150,250,10,10,400,800
Gà tây cuộn hạt sen,25,850,85,8,5,3,0,1,50,4,200,600,20,15,700,800
Đậu hũ dồn tôm kho chao,6,250,25,2,1,2,0,0.5,80,2,150,200,15,5,250,500
Canh chua mực,15,220,30,8,3,40,0,1.5,60,3,150,250,25,1.5,450,600
Khai vị cá hồi táo trộn,25,350,28,18,5,50,7,2,60,1.5,60,300,40,5,500,300
Bánh mì đút lò xốt mayonnaise,65,450,20,5,3,2,0.5,0.3,150,1.5,50,200,30,8,300,600
Bầu non trộn heo quay,25,650,35,8,5,15,0,0.5,50,2.5,120,300,30,15,450,600
Khoai tây trộn Mayonnaise,45,450,15,5,4,20,0,0.5,30,1.5,40,200,15,8,700,600
Lươn om khoai sọ,65,450,35,5,7,15,1,3,80,4,100,350,30,3,800,600
Nhộng xào măng chua,15,350,40,5,5,15,0,0,30,5,150,200,20,5,300,800
Gỏi hải sản phương Đông,25,420,65,15,5,90,1,2,150,3,250,400,50,3,600,650
Cơm chiên mayonnaise,165,850,25,5,5,25,0.5,0.5,50,2,200,200,30,5,300,800
Cá điêu hồng xốt ngũ sắc,25,650,75,8,5,50,0,2,150,3,120,600,50,5,800,800
Súp nấm cua,15,450,45,3,5,3,3,1.5,120,3,650,400,40,8,450,800
Mực dồn nhân,35,450,45,5,2,3,0,1.5,80,3,250,350,20,3,400,800
Lưỡi heo trộn chua ngọt,15,350,25,8,3,5,0,1.5,30,3,150,200,20,5,300,500
Gà cuộn nướng xốt Mayo,25,650,50,10,5,15,0,0.5,50,2.5,150,250,20,15,400,800
Súp trân châu,25,420,50,3,2,3,1,0.8,40,3,250,300,20,5,400,600
Súp thập cẩm,25,450,40,5,5,15,0.5,0.8,80,3,180,300,30,8,600,600
Cháo vạt giường,195,750,55,2,3,3,0,1,50,2,100,350,10,10,400,1000
Bánh mì kẹp thịt bò bằm,70,850,55,15,5,10,1,1.5,250,5,300,400,30,20,500,800
Bánh mì phô mai thịt nguội,150,1800,60,20,15,30,0,1,300,5,150,500,50,30,800,1500
Bánh mì kẹp xúc xích,80,800,30,20,8,40,0,0.5,100,4,60,300,50,15,600,1500
Tôm thịt kho quẹt,5,450,15,3,5,40,0,0.5,50,2,80,150,20,25,300,500
Gà nướng Teriyaki,150,1600,80,15,10,20,0,0.5,80,3,150,300,30,15,600,1200
Thịt bò xào cần nước,25,450,45,8,5,30,0,2.5,50,5,120,300,40,8,700,600
Gà xào hạnh nhân,15,250,30,5,4,15,0,0,30,1,70,250,20,1.5,400,350
Nui xào hải sản,65,550,45,15,5,25,0,1.5,70,4,150,300,30,4,600,650
Mì gói trộn,120,750,35,8,4,10,0,0.5,50,3,70,250,20,15,300,2000
Lòng gà xào miến,75,550,40,8,7,60,0,1.5,50,6,300,300,50,5,500,800
Canh mít non củ năng,45,280,25,8,8,20,0,0.5,80,3,150,200,30,1,500,600
Canh cá chim nấu ngót,8,250,35,5,2,20,0,1,50,1,80,300,15,2,400,500
Canh lươn nấu khế,10,250,25,5,2,20,0,2,50,3,80,250,15,3,400,300
Mực xào dưa cải,15,250,35,5,3,25,0,1.5,50,2,200,300,20,2,400,800
Canh hẹ nấu thịt,11.5,325,45,2,3,20,0,1.5,150,5,150,400,50,4,600,500
Cá lóc xào rau cần nước,15,350,40,5,4,30,0,2,80,2,80,300,50,3,600,500
Tôm kho tàu,25,550,60,15,2,15,0,1,150,2,250,300,20,10,500,800
Ếch kho nước tương,4.5,270,57,0.5,1.5,15,0,0.5,30,2.5,90,450,25,0.5,400,600
Gỏi cải thảo,12,150,8,6,4,30,0,0.5,50,1.5,15,80,40,2,300,400
Cá trê kho gừng,45,550,50,5,2,3,0,1.5,80,2,120,400,10,5,500,600
Giò heo kho nấm đông cô,15,2400,150,8,5,2,0,0.5,80,8,400,800,15,60,800,1200
Canh sườn cải chua,25,450,30,8,5,30,0,0.8,50,2.5,90,250,15,8,500,800
Đậu đũa xào lá chanh,8,180,25,3,5,15,0,0.5,25,1,75,200,30,1,350,400
Cá basa cuốn tía tô,40,550,45,10,8,25,0,1,80,2,90,400,50,5,600,700
Mì xào trộn mayonnaise,75,650,45,10,5,40,0,1,50,4,100,300,30,8,500,800
Lẩu ốc tía tô,80,850,55,10,12,15,0,1.5,150,8,180,450,50,18,800,1200
Bún thịt nướng mayonnaise,60,650,45,15,8,15,0,0.5,50,4,120,300,30,8,600,800
Canh long thả,15,350,35,5,3,8,0.5,1.5,40,4,400,250,50,5,300,800
Salad rau củ trộn xốt mayonnaise,25,220,5,7,5,15,0,0,30,0.8,5,80,25,4,450,300
Nhộng rang lá chanh,15,450,60,2,3,1,0,0.5,30,6,500,600,50,5,400,800
Canh ếch lá me non,15,250,35,3,5,50,0,0.5,80,3,70,250,40,2,400,500
Cơm chiên trứng cá,165,950,35,5,4,3,2,1,70,3,400,400,50,10,350,800
Đậu hũ chiên sả ớt,15,350,18,3,3,8,0,0,150,2.5,0,200,20,5,300,600
Cuốn gà,45,550,45,15,5,25,0,0.5,50,2.5,100,250,30,5,400,600
Lẩu gà nấu giấm,60,650,50,15,8,25,0,0.5,50,3,150,250,30,8,400,800
Vịt kho sấu,35,2200,150,15,8,15,0,2,80,10,350,800,30,40,1200,1500
Rau củ chiên giòn,105,950,25,20,15,50,2,0.8,150,3,370,250,80,15,700,450
Ốc móng tay xào tiêu xanh,15,250,35,5,2,30,0,2,80,5,80,250,25,2,400,600
Mì Ý xào thịt bò băm,120,750,65,15,10,15,2,2.5,100,6,600,450,50,15,600,800
Bánh hến chiên,15,350,35,5,2,20,0.5,2,150,8,250,300,30,4,400,600
Cá saba kho cà xốt mayonnaise,15,850,75,8,5,20,15,8,80,3,150,700,30,10,800,600
Hoành thánh,50,600,45,5,3,5,0.5,1,50,3,150,300,15,10,400,1000
Lẩu mắm cá kèo,60,850,75,15,8,25,0,3,200,8,180,700,50,15,800,2500
Canh hẹ thanh nhiệt,15,320,25,7,4,20,0,0.8,30,2.5,75,200,30,5,450,400
Thịt ram xốt mayonnaise,15,1200,80,8,4,20,0,1.5,50,4,150,400,30,20,500,800
Cá cuốn tôm chiên,60,950,90,5,3,5,1,2,80,5,250,700,30,15,700,800
Lưỡi heo xào riềng sả,5,1200,75,2,2,15,0,1.5,20,8,300,600,10,25,400,800
Thịt kho nước tương giấm,25,1200,80,8,8,50,2,1,100,8,600,600,80,15,600,1200
Chả giò cua,25,350,15,5,1,2,0,1,50,1.5,80,150,10,5,150,500
Heo viên chiên xù,55,850,50,8,5,4,1,1.5,50,4,250,300,30,15,400,600
Cá long tong kho lạt,5,650,45,3,1,10,0,2,150,3,150,400,15,20,500,800
Cá đối kho cà chua,15,650,80,8,3,30,2,3,100,2,120,600,20,5,700,800
Canh nghêu mồng tơi,5,250,35,1,2,15,0,4,80,8,60,300,20,1,400,500
Cơm chiên trái thơm,110,650,25,25,5,50,0,0.5,80,2,150,250,30,5,400,800
Càng cua bách hoa,25,450,35,5,1,2,1,1.5,80,2.5,200,300,30,8,350,700
Canh bí ngòi nấu nấm,15,350,25,5,4,8,0,0.5,80,2.5,70,250,25,8,400,600
Thịt heo chiên xù,45,1200,75,5,3,15,1,1.5,50,4,250,600,20,10,500,800
Cá xào cần tỏi,25,350,45,8,5,50,0,1.5,50,2,80,400,30,2,600,400
Salad kiểu Ý,25,450,25,5,2,15,2,0.8,150,2.5,400,250,30,10,300,700
Cà chua nhồi đậu hũ,45,350,15,15,8,30,0,0,120,3,0,200,30,2,500,600
Bò lá lốt mayonnaise,15,650,65,5,3,5,0,3,30,6,180,300,25,15,500,800
Canh măng giò heo,15,750,50,2,5,10,0,0.5,50,3,150,250,15,20,400,800
Canh cá lóc rau cần,8,350,45,2,3,40,0,1.5,80,2,90,400,30,3,500,600
Salad trái bơ,20,500,35,8,8,30,2,1,80,3,250,300,50,10,600,500
Salad tự chọn,25,750,75,10,7,30,2,3,250,6,450,600,50,20,700,1200
Cá rô kho tộ,5,650,65,5,0,2,0,2,80,2,200,500,10,15,600,800
Miến xào cua,65,450,30,5,3,3,0,0.5,50,2,80,200,15,2,300,800
Ếch xào lăn,35,550,45,8,5,15,0,1,80,4,90,350,25,15,500,600
Thịt vịt xào bầu,18,620,55,5,6,18,0,0.5,60,4,150,350,30,8,600,650
Nem thịt bò chiên xù,40,500,35,5,3,2,1,1.5,50,4,200,250,20,8,400,600
Cải rổ xào trứng muối,15,350,18,5,5,120,1,0.5,150,3,400,250,80,8,400,800
Salad bông cải thịt nguội,24,320,15,7,5,55,0,0.5,45,1.5,40,150,40,5,450,700
Mít non trộn đậu hũ ky,85,750,30,15,25,20,0,0,150,5,0,300,50,8,800,1200
Gà ram gừng,5,550,50,3,1,5,0.5,0.5,20,1.5,150,300,10,5,400,800
Sườn ram mặn,15,650,40,8,3,15,0,1.5,50,3,120,300,10,15,400,800
Tôm rim thịt ba chỉ,5,450,45,3,1,2,0,1.5,150,3,200,300,15,15,400,600
Súp cua nấm tuyết,25,350,45,2,1,2,1,0.5,80,2,100,250,20,3,300,800
Canh cá rô nấu cải bẹ xanh,12,350,45,5,4,60,0,2,150,2,90,400,50,1.5,600,500
Canh chua cá lóc,25,350,30,15,5,30,0,1,80,2,70,250,30,3,600,800
Bò nhúng giấm,75,1200,65,25,10,40,0,2.5,80,6,150,350,30,15,800,1200
Ốc lác xào cay,15,350,30,8,3,15,0,0.5,50,4,80,250,20,5,400,600
Cá chép kho quả sấu,45,950,75,25,5,25,2.5,4,150,5,250,600,30,15,800,800
Canh cá trân châu,25,350,30,5,3,5,2,1,50,2,150,250,20,5,300,350
Canh chua trái tắc,15,450,80,7,4,30,0,2,100,2,150,600,30,3,700,600
Cá trê kho rau răm,5,850,70,3,2,8,2,3,80,5,200,600,25,15,700,800
Hủ tiếu xào chay vị me,90,550,25,10,8,15,0,0,80,4,0,250,50,5,600,800
Ếch xào tía tô,15,750,90,5,3,10,0,1,80,5,150,800,25,8,700,800
Hoành thánh cá hồi,35,350,25,5,3,3,7,2,30,1.5,50,250,20,4,300,400
Lạc xá chay,45,650,25,15,8,8,0,0,150,5,0,300,50,25,600,500
Cánh gà xốt kem thơm,25,550,35,10,2,20,0,0.5,50,2,150,250,15,10,300,800
Cá kho tàu,5,950,75,4,1,5,15,8,80,6,450,700,30,25,700,600
Chả nấm xốt chua ngọt,15,450,25,8,3,20,0.5,0.8,30,2.5,200,200,25,12,400,500
Bánh mì nướng hải sản,35,380,25,5,2,15,0.5,1.5,80,2,180,250,30,6,300,600
Ốc bươu kho gừng,5,350,45,2,0,15,0,0,80,8,120,300,10,2,400,500
Cá thu Nhật kho nước dừa,25,550,55,15,5,30,15,5,50,2,90,450,30,8,700,600
Bắp hạt xào gà giòn Mayonnaise,55,550,35,8,5,8,1,0.5,40,2,180,250,30,5,400,450
Sò điệp xào cần tây,25,350,45,8,6,60,0,2,80,3,90,500,40,3,700,600
Khô cá cơm kho khế,15,650,60,8,4,50,0,0,150,5,80,500,15,15,600,1200
Cháo thập cẩm,70,450,8,15,7,8,0,0,40,1.5,0,150,30,8,350,250
Cá cuốn kì lân,15,650,80,8,3,8,0,1,80,3,150,800,20,5,800,800
Đậu que xào thịt,15,280,25,5,7,25,0,0.8,40,2.5,70,250,50,4,450,350
Khoai tây xào thịt bò,60,550,45,10,5,25,0,2.5,50,4,120,300,20,8,800,500
Canh song thủy,25,280,35,15,3,25,0,1,80,2,150,300,20,2,500,800
Bánh đúc chiên hải sản,85,650,40,15,3,8,2,1.5,80,3,380,350,40,8,450,800
Ngồng cải xào bao tử cá basa,25,280,28,8,7,70,0,0.5,80,2.5,80,250,50,3,600,450
Vịt kho ngũ vị,25,850,55,20,2,5,0,1.5,30,4,180,300,15,15,400,800
Đậu bắp kho nước tương,35,350,15,8,8,25,0,0,80,3,0,150,50,3,400,600
Cá ngừ kho nước mía,40,1050,85,30,3,40,2,4,50,4,150,600,25,15,800,800
Canh bí ngòi quấn tôm,13,170,28,6,4,30,0,1,60,2,150,250,50,0.5,500,350
Bao tử cá basa xào bạc hà,15,450,35,3,4,15,0,0.5,80,2,150,300,30,5,400,800
Trứng đúc hẹ,2.5,270,23,1.5,0.5,15,1,0.8,30,2,370,220,30,5,250,450
Bò xào ớt khô,15,450,50,8,3,90,0,2.5,30,4,130,300,25,8,550,700
Bò né hoa thiên lý,10,450,45,3,3,30,0,2,30,4,120,250,25,10,450,600
Canh gà thuốc bắc,25,650,70,5,5,5,0,0.5,50,4,150,400,20,8,600,500
Gỏi cá kèo,25,300,35,10,5,20,0,1,100,2,80,300,30,3,400,500
Canh đuôi bò củ cải,25,650,50,8,5,15,0,1,50,4,150,250,20,15,600,800
Gỏi nấm,15,250,25,5,3,8,0,1,30,1.5,60,250,25,2,350,400
Đầu cá hồi xốc muối sả,15,850,45,5,2,15,10,4,50,2,150,400,20,8,600,800
Cải làn trộn Mayonnaise,18,300,17,8,4,80,0.6,0.8,150,2.5,220,200,50,5,450,600
Thịt kho củ sen tương hột,25,420,35,8,6,25,0,1.5,40,3,120,300,15,5,700,800
Bao tử kho dưa cải trứng cút,25,750,60,10,5,20,2,1.5,80,8,400,400,50,15,600,1200
Cá đối kho cần tàu,7,350,40,4,2,15,2,2.5,50,1.5,100,300,10,3,400,500
Canh giò heo đu đủ hườm,30,850,60,15,5,80,0,0.5,50,4,150,300,25,20,600,800
Lẩu cá kèo lá giang,85,750,45,15,12,60,0,2,200,5,150,400,80,5,800,1500
Cua xốt me,45,450,40,25,5,30,0,1,200,3,150,300,30,5,400,800
Thịt om chuối xanh,45,1200,40,8,7,25,0,0.5,80,4,180,300,30,30,600,800
Ếch kho tiêu xanh,15,850,90,5,3,20,0,1.5,80,5,150,700,25,15,600,800
Sườn xào chua ngọt,45,850,55,25,5,150,0,1.5,50,4,150,400,30,15,600,1200
Cuốn diếp chay,65,550,25,15,8,30,0,0,80,4,0,250,50,5,500,700
Bông thiên lý xào hải sản,25,280,35,8,6,40,0.8,2.5,100,3,220,300,50,1.5,600,650
Cá thu xốt xòai tượng,45,750,60,30,5,50,20,5,50,3,200,500,30,10,600,800
Thịt bò trộn rau muống chẻ,25,450,45,8,7,60,0,2.5,120,5,120,350,80,8,800,800
Bún xào chay,150,600,25,5,8,5,0,0,150,3,0,200,30,5,350,500
Bánh canh cua,105,750,55,5,3,5,0.5,2,150,5,250,400,30,15,500,1200
Gỏi rau mầm,45,450,35,15,5,25,0,1.5,70,3,150,300,50,8,400,800
Ếch chiên bột,15,450,50,8,3,15,0,0.5,30,2.5,100,250,20,5,400,600
Lẩu đuôi bò cay,45,750,65,15,10,30,0,2.5,80,8,180,350,40,20,800,500
Cá điêu hồng kho tương bần,15,850,70,8,3,8,2,2.5,80,3,180,600,25,15,700,800
Gà hấp cải bẹ xanh,10,450,50,3,3,40,0,0.5,50,2,150,300,30,5,400,800
Gỏi cuốn Mayonnaise,55,600,25,10,5,15,0,0.5,50,2,50,200,20,8,300,800
Súp trái cây,25,350,35,15,4,60,0,1,80,2,200,250,30,3,400,350
Măng le xào gan,15,230,25,8,3,10,0.5,20,120,18,250,300,240,3,450,350
Sò lông kho tiêu xanh,15,650,55,8,3,15,0,2,80,8,180,450,30,15,600,800
Tôm chiên mè,40,700,50,5,5,5,1,1,100,3,300,300,30,10,300,600
Vịt nấu thơm,60,1800,90,40,5,60,0,1.5,80,8,250,400,30,20,800,1200
Lẩu uyên ương,120,1200,90,15,20,30,2,3,150,8,800,600,80,20,800,1500
Trứng hấp rau củ,15,750,55,5,4,3,2,3,70,6,1800,550,120,15,400,350
Bắp cải cuộn thịt kho bơ,25,450,25,10,5,50,0,1,80,3,150,200,50,15,400,600
Cá basa chiên giòn,80,1200,75,5,5,10,2,1.5,80,2,400,600,50,15,700,800
Đùi gà bọc xôi,90,850,65,5,2,2,0.5,0.8,30,3,200,400,20,10,450,800
Bò xốt vang,50,850,60,10,8,25,0,2.5,50,6,150,350,30,20,800,600
Sandwich cá ngừ,110,1200,60,15,10,20,0,2,150,5,60,400,50,15,600,1000
Canh mồng tơi bắp nụ,15,250,25,5,5,30,0,1,80,2,150,200,50,3,400,500
Vịt thấu,45,850,50,20,8,80,0,0.5,50,4,150,250,30,15,500,800
Gà xào giấm gừng,15,550,45,8,3,25,0.5,0.8,30,2.5,150,300,20,6,450,600
Mì Quảng,120,850,45,10,8,15,0,1.5,80,5,180,400,50,15,600,1500
Lẩu cá lăng măng chua,75,650,55,15,5,30,0,1.5,80,3,120,450,25,5,700,1200
Bò xào lăn,45,550,45,8,5,8,0,2.5,40,5,120,300,25,8,600,800
Thịt bò xào kiểu Hàn Quốc,45,650,65,25,5,60,0,2.5,50,6,150,350,30,10,700,800
Gà chiên lá dứa,10,1500,100,5,2,5,0,0.5,30,5,300,800,15,20,600,1200
Canh riêu cá chép,120,750,75,15,10,20,0,2.5,150,3,200,600,50,8,800,800
Hến trộn hoa chuối,35,320,25,8,7,25,0,1.5,80,6,90,200,50,4,450,800
Cánh gà kho khoai môn,35,550,45,8,7,15,0.5,0.4,50,2.5,150,300,25,8,600,700
Sườn chiên xốt chanh dây,45,850,45,25,2,20,0,1,50,4,150,300,10,15,400,800
Canh chua măng,45,550,55,8,5,30,0,1.5,80,2.5,100,450,30,4,700,800
Phở xào chua ngọt,120,750,65,15,8,30,0,1.5,150,6,250,400,50,8,600,1200
Khổ qua xào tôm,22,280,35,8,8,120,2,1,80,4,370,300,80,4,600,500
Bao tử khìa tiêu xanh,25,1750,130,15,2,5,0,1.5,50,10,600,600,10,60,700,1500
Cá lóc hấp bầu,35,450,55,5,3,15,0,1,50,3,120,400,20,5,600,800
Sò điệp nướng ba màu,6,150,18,2,1,3,0,1.5,30,1.2,50,200,15,3,300,250
Gà kho me,25,1100,75,15,3,8,0,0.5,50,4,200,600,20,15,700,1200
Sườn xào bắp non,15,650,40,5,5,20,0,0.5,50,3,100,300,30,15,400,800
Cơm chiên trái cây,180,1100,45,30,8,40,2,1.5,100,4,400,450,50,15,600,1200
Gỏi mực bắp cải,25,280,45,10,7,60,0,1,80,3,190,300,50,1,550,700
Vịt quay trộn cần tây,25,800,50,15,8,30,0,1.5,80,4,150,300,40,15,600,800
Lưỡi heo kho quế,25,1800,150,15,5,8,0,1.5,50,8,300,600,25,40,800,1200
Miến xào đậu ngự,70,450,20,5,8,8,0,0,80,3,0,250,60,3,400,600
Cà bung thịt heo,15,450,25,8,5,15,0,0.5,80,3,70,250,30,15,500,600
Nấm đùi gà kho gừng,15,350,18,3,5,3,0,0,80,2,0,250,25,4,400,600
Canh đu đủ lá lốt,45,300,18,25,7,90,0,0,150,3,0,200,50,3,700,300
Xôi gà chiên,85,750,35,15,5,1,0,0.5,50,2.5,80,300,20,8,400,600
Sườn chiên giấm đỏ,30,750,35,15,2,8,0,1.5,30,2.5,120,250,10,15,350,800
Thịt bò xào ngồng cải,10,350,25,3,5,90,0,2.5,50,3,70,200,50,5,400,600
Đậu bắp thịt gà xào chao,12,220,20,4,5,25,0.5,0.4,80,1.5,85,200,40,2,450,350
Tôm chiên xóc lá quế,30,450,45,10,5,90,0,1.5,150,3,220,300,40,5,600,800
Chả tôm chiên lá trà xanh,25,450,40,5,2,15,0,1.5,80,2.5,200,300,20,5,350,800
Táo tàu tiềm chôm chôm,45,550,35,25,5,20,0,0.5,50,3,100,250,30,8,400,400
Lẩu gà Thái Lan,115,850,60,15,10,60,0,1.5,100,5,150,400,50,8,800,1500
Hải sâm xào rau củ,25,250,30,8,7,20,0,0,50,3,80,200,30,2,500,500
Sườn nướng ngũ vị,25,850,50,8,5,15,0,0.5,50,3,150,400,20,15,600,800
Cá thu kho riềng,5,650,60,3,1,3,10,8,30,2,120,400,15,8,500,800
Canh gà cải bó xôi,25,450,40,8,10,60,0.5,0.4,150,4,150,300,150,8,700,600
Vịt chiên xốt chua ngọt,15,550,35,8,3,40,0,1.5,30,3.5,120,250,25,8,450,600
Cà tím nhồi thịt kho,25,350,20,10,5,8,0,0.5,30,2,60,200,25,5,400,600
Vây cá hồi xốt kem Mayo,25,750,45,8,3,15,8,3,80,2.5,150,400,20,30,600,500
Bạch tuộc xào rau muống,12,350,45,5,3,35,0,1.5,80,5,180,400,30,2,600,800
Gỏi rau muống chiên giòn,35,350,25,15,5,40,0,0,100,3,50,200,50,5,400,600
Thịt bò xào lá lốt,15,550,45,5,4,15,0,2,50,5,120,350,30,10,500,500
Đậu hũ nướng giấy bạc,15,350,30,3,5,2,0,1,150,3,80,250,20,3,400,600
Tôm mực chiên giòn,25,550,55,5,1,5,0.5,1.5,80,2,300,400,20,8,400,800
Bánh đa xúc thịt bằm,30,350,25,8,5,8,0,1,30,3,75,200,25,5,400,500
Canh vịt khoai sọ,45,1200,80,8,7,5,0,1.5,60,6,200,400,30,15,800,800
Rau củ kho mayonnaise,25,320,25,10,5,15,0,0.5,30,2,70,200,20,5,400,400
Lươn chiên mắm sả,25,550,45,8,4,15,0,3,80,3,150,400,30,5,600,800
Cuốn gà khai vị,35,750,55,8,3,15,0,0.5,30,2.5,150,350,10,15,400,900
Bánh rôti cuộn thịt gà,85,1020,65,15,8,8,1,0.8,150,4,180,500,50,25,700,800
Tôm càng xốt nước tương,25,550,65,10,3,15,1,2,150,4,350,300,30,5,500,800
Thịt bò trộn ngũ sắc,25,450,45,8,7,70,0,2.5,60,4,100,300,50,8,700,400
Salad bánh đa tôm,25,350,28,8,4,30,0,1,80,2,150,200,50,5,400,600
Bò cuộn xốt lá quế,5,950,65,2,1,2,0.8,3,80,6,200,400,20,30,600,800
Gỏi bao tử cá basa,25,450,35,10,5,15,0,0.5,80,2,150,300,25,5,400,800
Thịt kho khổ qua tây,15,650,40,8,5,80,0,0.5,80,4,150,300,30,20,500,800
Gà xào hạt điều,18,450,45,8,3,90,0,0.5,40,2.5,130,350,30,5,600,700
Canh mướp hương thịt viên,40,450,35,8,7,30,0,0.5,50,3,80,250,30,8,500,600
Canh kim chi thịt bò,30,550,50,10,8,25,0,1.5,80,6,120,350,50,10,800,1200
Chả giò trái cây xốt sầu riêng,110,750,15,60,8,40,1,0.5,50,2,180,150,30,15,500,300
Tôm hấp su hào,20,350,40,8,6,50,0,1.5,80,2,150,200,30,5,400,600
Bún chả cá,75,650,55,8,5,20,0,1.5,100,4,120,400,30,5,600,1200
Canh dưa leo nhồi thịt,25,350,28,5,3,8,0,0.5,30,2,80,200,15,6,350,500
Salad bưởi trộn bơ,20,450,25,10,5,50,1,0.8,50,2,250,200,40,8,400,300
Canh chua bông so đũa chay,25,250,12,8,6,40,0,0,80,3,0,150,30,3,500,300
Cá chiên giòn xốt chanh ớt,35,650,60,15,2,5,0,1,50,2,100,500,10,5,600,800
Viên tôm chiên tỏi thì là,70,550,25,5,5,20,1,1,50,2,150,250,30,8,700,400
Bánh đúc tôm thịt,65,450,25,10,5,8,0,0.5,50,2,60,200,15,15,300,500
Tôm sú san hô,15,350,25,5,3,2,0,1,80,2,150,200,20,5,300,600
Lòng non xào nghệ,35,650,35,5,5,25,0,0.5,50,5,300,300,30,10,400,600
Cá hồi ngũ sắc,55,680,55,8,8,90,15,4,80,2,120,600,70,8,1200,400
Vịt kho chuối xanh,35,850,55,8,8,25,0.5,1.2,50,4,180,350,30,15,700,800
Nhộng xào bông hẹ,25,450,40,8,7,30,0,0,50,6,150,250,40,8,500,350
Cháo cá hồi,75,550,55,8,15,15,12,3,80,4,90,500,80,5,700,300
Tai heo thấu chua,35,450,25,15,8,50,0,0,50,2,100,150,30,5,500,800
Cá thu nướng ớt xanh,15,850,70,8,3,20,15,8,80,4,150,600,30,8,700,800
Cá xào lá quế,25,750,80,2,3,15,0,2,80,2,120,700,20,8,800,800
Canh hến nấu khế,20,250,35,5,5,40,0,2,150,10,80,250,30,3,600,500
Thăn heo cuộn dừa,40,750,55,5,3,2,0.5,1,50,3,180,400,15,15,500,600
Gà nướng nấm linh chi,15,350,45,5,4,8,0,0.5,30,2,100,300,25,3,500,400
Gỏi sứa rau thơm,45,450,25,20,5,15,0,0.5,50,2,80,150,20,5,300,1200
Gỏi bắp bò rau thơm,35,750,75,15,5,40,0,2.5,50,7,150,300,30,15,700,800
Óc heo chiên giòn,15,650,45,5,2,15,0,4,30,6,2500,500,30,15,350,800
Sườn chiên mayonnaise sa tế,60,850,55,15,3,8,0,0.8,30,3,150,350,15,15,400,800
Cháo nấm tràm,35,400,30,2,3,2,1,1.5,80,3,180,250,30,4,400,800
Dồi trường xào cải chua,15,350,25,5,5,30,0,0.5,50,4,200,150,20,8,300,800
Canh bầu nấu riêu tép,10,210,25,3,2,15,0,1.5,100,2,180,250,20,1.5,300,400
Salad chip chip,55,450,15,10,8,25,0,0,80,2,0,200,50,5,700,300
Bê thấu,45,650,50,15,8,60,0,1.5,50,6,150,400,30,8,600,800
Bò cuộn ba rọi xông khói,25,1200,100,5,3,3,0,5,30,8,250,300,15,30,500,800
Cá thu nhật kho me,15,650,65,10,2,20,15,8,80,3,150,500,30,8,700,600
Gà hấp đậu hũ non,25,450,55,8,5,15,1,0.5,150,3,300,400,50,5,600,400
Củ hũ dừa kho nấm,25,350,15,8,7,20,0,0,80,3,0,150,40,5,500,400
Lẩu cá thác lác khổ qua,25,450,40,5,8,40,0,1,80,4,80,300,30,5,600,800
Gỏi chân gà tôm chua,35,520,45,20,5,25,0,0.5,50,3,150,200,30,5,400,1500
Chả giò cá,65,750,55,8,5,3,1,1.5,80,3,250,450,30,10,500,800
Canh cá thác lác nấu hoa,15,250,25,7,4,30,0,1,80,2,60,250,30,2,400,600
Salad măng cụt,100,1200,50,80,15,50,0,1,100,3,150,200,20,15,500,600
Thịt heo quay kho củ hũ dừa,35,2500,75,20,10,25,0,0.5,50,5,300,500,20,50,600,1200
Bao tử xào đông cô,15,450,45,5,3,8,0,0.6,30,3.5,200,200,20,4,450,800
Canh khế cá cơm,7,150,20,4,1,30,0,0,50,2,70,200,10,2,300,400
Bánh khoai mì trứng cút,120,750,35,10,5,5,1,0.8,80,3,500,300,30,15,500,800
Lòng heo xào thơm,25,450,45,10,3,40,0.5,15,30,15,400,400,250,8,500,600
Đông cô hấp tôm,15,450,50,5,3,3,0.5,1.2,80,2,250,400,25,5,500,800
Đậu hũ hấp tôm,15,450,40,5,5,5,2,1.5,80,3,600,400,50,10,350,400
Salad dưa leo thịt gà,15,320,25,8,3,15,0,0.5,30,1.5,85,200,25,4,350,500
Tàu hủ ky cuộn mực chiên,45,550,35,5,5,5,0,1,80,3,150,300,20,10,500,800
Mực nhúng giấm,35,450,50,15,5,40,0,1.5,80,5,250,350,30,2,600,700
Vịt nấu sake,60,1200,90,15,5,20,0,1,80,8,250,500,30,25,800,1500
Canh riêu cua,15,250,25,5,3,20,0,1,150,3,100,200,25,5,300,600
Bánh ướt xào hải sản,75,550,40,5,3,50,0,1,50,3,180,300,20,5,400,800
Thịt ba chỉ nướng trái cây,35,750,30,20,5,40,0,0.5,30,3,80,250,20,25,400,800
Gỏi thanh long,45,350,25,30,5,60,0,0.5,80,2,150,200,30,1,400,300
Gà nướng táo,55,650,40,15,5,15,0.5,0.5,50,2,100,300,20,10,400,400
Thịt gà kho kim chi,25,550,45,10,5,30,0.5,0.8,80,3,150,300,40,8,600,1200
Gà chiên lạp xưởng,25,850,45,8,5,30,0.5,0.8,80,3,250,300,40,15,400,1200
Gỏi dưa leo khô cá,150,1200,40,40,20,25,0,0,150,5,0,300,50,15,800,1500
Gỏi bông thiên lý chay,65,600,20,25,10,50,0,0,80,3,0,200,60,5,500,700
Gà chiên bơ,55,520,55,8,4,20,0.5,0.6,80,2,80,400,30,8,700,600
Bánh rán nhân cua,30,450,25,8,3,4,1,0.8,250,1.5,180,200,20,15,300,400
Bánh mì nướng xốt cà,75,450,15,10,5,20,0,0,50,2,15,150,30,5,300,400
Mì gói xào bò,90,650,35,5,5,8,0,1,50,4,70,250,30,15,400,2000
Miến măng gà,110,850,70,10,15,5,0.5,1.5,80,6,250,400,30,15,600,1200
Chân giò ninh măng lưỡi lợn,5,850,60,1,1,1,0,0.5,50,3,150,250,10,15,300,500
Canh bắp cải gói thịt,20,350,35,5,5,30,0,1,80,4,100,250,30,8,500,800
Gân bò ngâm chua ngọt,130,850,90,120,0,15,0,0,40,5,150,200,0,5,300,1200
Bò nướng sa tế,15,1200,120,5,2,15,0,3,30,8,200,300,10,25,600,800
Tôm xào bông cải,35,650,60,15,10,120,0,1.5,150,3,250,500,50,8,700,800
Lẩu chem chép tía tô,60,750,65,10,8,25,0,4,150,8,180,500,50,8,800,1500
Gỏi đu đủ ba khía,35,280,25,15,10,100,0,0,150,5,50,200,50,2,600,1500
Cá nướng chấm muối ớt xanh,50,550,65,15,10,150,0,2,150,3,100,500,80,3,800,800
Canh ốc thì là,25,550,45,10,5,30,0,1.5,100,5,150,300,20,10,600,800
Canh cải chua nấu cá cơm,15,250,25,5,4,25,0,2,150,3,70,250,30,3,400,800
Cá tai tượng hấp,60,850,75,15,8,15,0,2,150,3,150,600,30,10,800,700
Cá chiên hoa cúc,45,750,65,8,3,50,2,1.5,80,2.5,380,500,40,8,600,650
Canh boaro nấu đậu hũ non,15,250,25,5,4,5,0,0.5,80,2,70,200,20,4,400,500
Hến xào mít,25,280,22,5,6,15,0,2,80,5,70,250,30,3,400,350
Cá basa chiên giòn vị chanh,20,450,45,8,3,30,0,1,80,2,90,400,50,5,600,650
Thịt heo ngâm nước mắm,15,950,75,8,3,15,0,1.5,50,4,200,400,10,25,600,1200
Chân gà chiên chấm mắm mè,15,650,70,5,2,5,0,0.5,50,2,200,200,10,10,250,800
Dưa món,550,2300,15,500,20,80,0,0,150,5,0,200,40,0,800,15000
Chả tôm nhân phô mai,25,650,60,8,2,10,1,1.5,200,3,200,400,20,20,400,800
Gà cuộn khoai chiên giòn,35,750,85,5,4,8,0,0.5,40,2.5,150,300,15,8,500,600
Cà chua nhồi thịt ghẹ,55,550,35,15,5,30,0,1.5,80,3,100,300,30,5,500,800
Rau tiến vua ngâm chua,110,450,5,100,10,15,0,0,150,3,0,80,20,0,300,800
Ba rọi kho gừng,5,1400,45,4,1,2,0,0.5,20,3,250,300,5,50,400,1200
Đọt su xào tôm,15,200,30,5,5,40,0,1,80,2,150,250,50,2,400,300
Vịt nấu măng,75,1200,85,5,10,5,0,1,50,8,200,300,20,20,600,1500
Lẩu cá đuối lá giang,40,450,45,8,5,30,0,1.5,80,2,90,400,30,4,600,1200
Rau muống ngâm chua,20,150,5,15,3,35,0,0,100,2,0,50,30,0,300,500
Thịt chiên xốt nước tương,5,1800,90,3,0,0,1,2,50,7,500,600,20,60,700,1200
Tai heo ngâm giấm,100,500,25,80,5,20,0,0,30,2,80,100,10,5,200,800
Thịt cuốn rau củ,75,850,65,8,6,15,2,1.5,80,4,600,500,50,12,600,800
Gỏi xoài khô cá sặc,45,350,20,30,5,60,0,0,50,2,30,200,30,3,300,400
Thịt quay kho dưa cải,25,1800,55,15,5,20,0,0.5,50,3,250,300,15,60,400,1200
Cá chiên ngâm nước tương,15,550,45,8,4,8,15,8,50,2,90,400,25,5,600,700
Nem chay vỏ bưởi,65,350,5,25,15,150,0,0,80,2,0,70,30,2,500,300
Gỏi cá hấp kiểu Nhật,15,350,35,5,5,50,0,1,80,2,80,300,50,2,600,800
Salad đậu cô ve,23,310,25,8,9,25,0,1.5,80,2.5,70,250,60,5,600,450
Canh chua cá lăng rau nhút,25,650,60,10,8,80,0,2,150,3,150,500,50,10,800,800
Bún bò Huế Chay,75,550,25,15,10,30,0,0,150,5,0,300,50,5,600,500
Cuốn lá lốt chay,55,450,20,10,12,25,0,0,80,4,0,250,30,5,500,300
Nấm bào ngư xào xốt mè,18,350,18,6,6,65,0,0.3,45,2.5,30,250,40,4,600,600
Củ năng xào tôm thịt,25,450,50,8,5,35,0,1.5,80,3,250,350,40,4,500,600
Đà điểu lúc lắc,15,280,55,8,3,90,0,4,20,4,100,400,30,2,600,400
Sườn non kho khế,15,850,50,10,2,30,0,0.5,50,4,150,400,10,25,600,800
Ức vịt chiên xốt chanh,15,650,60,8,1,15,0,1.5,30,4,200,400,20,10,450,800
Chả cá kho vân trứng,15,550,35,8,3,20,1,0.5,80,2,150,300,25,8,400,800
Mì lạnh,65,550,40,8,4,5,1,0.8,50,2.5,150,250,30,4,350,800
Canh chả mực thì là,25,220,30,15,3,50,0,1.5,50,2,150,250,20,1,400,500
Lẩu đuôi heo tiêu xanh,35,450,25,8,5,20,0,0.5,80,3,150,200,30,10,400,1200
Cánh gà xốt nước tương,15,850,75,8,3,10,0.5,0.8,40,3,250,600,30,15,400,1200
Nghêu chiên khoai tía tô,40,350,25,8,5,15,0,2,80,5,70,250,30,3,500,400
Bánh bắp tôm chiên,45,450,25,8,3,2,0.5,0.8,50,2,180,250,20,8,300,400
Heo nướng bắp cải chua,45,1350,110,20,15,60,0,1.5,80,5,250,900,70,20,900,1200
Mực rối,25,450,60,10,8,40,1,1.5,80,3,180,400,40,5,600,800
Cơm trân châu,135,600,25,8,4,4,0,0.4,20,2,40,200,15,2,250,600
Mực nướng sa tế,25,450,35,15,2,5,0,1.5,50,3,300,350,15,5,400,800
Vịt quay Bắc Kinh chay,25,350,15,8,5,2,0,0,80,2,0,150,20,4,400,600
Cá lóc phi lê xốt gừng,15,450,55,3,1,5,0,1,50,2,100,400,15,3,600,700
Nui đút lò hải sản,95,750,65,15,8,25,1,1.5,250,4,250,600,30,25,800,1000
Gỏi trái cóc,65,520,35,30,15,180,0,0.5,150,5,180,300,50,5,800,1200
Đậu đũa xào tôm thịt,25,280,18,8,9,25,0,0.5,80,3,50,180,50,4,500,450
Phá lấu,60,800,45,15,2,5,0,1,50,4,200,300,10,15,400,800
Cá hồi xốt trái cây,35,580,45,18,5,25,12,2,40,1.5,90,450,30,12,600,350
Gan gà xào chua ngọt,15,280,25,8,3,20,1,15,15,7,350,300,250,3,400,500
Cháo lươn khoai môn đậu xanh,120,850,65,5,10,8,2,6,80,5,180,550,50,8,800,600
Ốc xào chuối xanh,60,850,70,10,15,25,0,2.5,200,8,180,600,50,15,800,1200
Cá kèo kho khế,15,280,35,8,2,35,0,1.5,80,2,90,300,15,3,450,600
Lưỡi heo xào lăn,35,750,45,8,5,8,0,1.5,50,4,200,350,25,25,600,800
Mực xào ớt khô Caramen,15,350,45,8,3,90,0,0.5,60,3,250,400,30,2,600,800
Súp vịt quay,20,650,65,5,4,3,0,0.5,80,4,150,350,20,8,600,1200
Cà ri tổ ong,45,550,28,10,5,25,0,1.5,80,4,120,250,30,15,700,600
Canh dền cơm nấu nghêu,15,180,25,4,5,40,0,2,150,5,70,250,50,2,600,400
Salad khoai tây trộn bê thui,28,450,35,5,3,15,0,2.5,25,3,120,300,15,6,600,800
Thịt bò xào đậu cove,20,350,35,8,7,35,0,2.5,50,4,90,250,50,5,600,500
Gà trộn gừng chua ngọt,25,750,75,15,7,25,0,0.5,50,3,200,300,30,8,600,800
Tôm nướng mỡ chài,15,750,50,5,3,5,0,1,80,4,250,300,20,30,400,600
Cà ri chay,85,650,20,25,15,30,0,0,150,4,0,300,50,15,800,100
Nấm tuyết xào hải sâm,40,450,15,10,8,30,0,0,80,3,0,200,40,5,600,400
Xôi gà,130,850,35,10,8,6,0,0.5,50,3,80,300,30,15,400,800
Cần nước xào bao tử cá basa,7,250,35,3,2,15,0,0.5,50,2,80,250,30,1,400,600
Bánh ruốc chiên giòn,25,350,20,8,3,15,0,1,50,2,70,200,25,5,300,600
Gỏi mực chiên,25,350,35,8,3,15,0,1.5,60,2.5,200,300,30,3,450,600
Lươn cuốn thịt om riềng,15,450,45,2,3,5,2,4,80,4,150,350,25,8,500,600
Gỏi đu đủ,45,350,25,20,7,120,0,0,50,1.5,60,200,50,2,450,400
Bánh mì nướng hoa hồng,48,450,25,8,3,15,0.5,0.8,150,2,50,200,50,10,300,600
Ngọc mực rang tổ chim,45,400,40,10,5,50,0,1,50,3,150,300,20,5,400,600
Canh thanh long,25,230,25,12,4,20,0,1,70,1.5,150,200,30,0.5,450,300
Salad trộn kiểu Nhật,20,150,5,10,7,40,0,0,50,1,0,60,50,0,400,300
Cơm chiên cá mặn chay,180,900,30,10,8,40,0,0,50,3,0,250,30,5,400,1200
Lẩu sườn non,55,750,45,15,8,25,0,1.5,80,4,150,350,30,15,600,800
Salad bắp trộn tôm,20,250,25,6,4,15,0,1.5,70,1.5,150,200,30,3,350,400
Thịt heo kho thơm,25,550,45,20,2,40,0,0.8,20,2.5,150,300,10,15,450,700
Bánh Rôti cuốn thịt bò,45,450,25,8,5,15,0,1,50,3,70,200,20,8,350,600
Cá đối kho thơm,25,650,55,15,5,50,2,1.5,150,3,200,400,30,8,700,500
Canh măng gà viên,15,450,40,5,3,5,0.5,0.8,40,3,180,300,20,8,400,600
Cồi sò điệp xốt cay,15,250,35,8,2,40,0,1.5,50,2,70,300,25,2,400,600
Vịt quay kho trứng cút,35,850,50,15,5,5,1,1.5,80,4,400,350,30,15,400,800
Gà xào chua ngọt,30,800,60,10,8,50,0,0.5,50,3,150,400,30,8,600,800
Canh cá khoai lá giang,20,280,25,10,3,40,0,0,80,2,60,250,25,2,500,600
Burger cá kiểu Hawaii,120,1800,75,30,15,60,0,0,150,6,150,700,50,25,800,1200
Cá cơm chiên giòn xốt tiêu,15,450,40,5,2,5,0,3,150,3,100,300,20,5,400,800
Hải sản chiên xù,65,1150,70,5,4,20,2,2.5,150,4,650,500,50,15,600,800
Bánh bông lan xốt dâu mayonnaise,165,850,18,130,2,15,2,0.5,100,2,600,200,50,15,250,150
Đậu hũ nhồi hạt sen,25,350,15,5,5,15,0,0,80,2.5,0,180,40,5,400,150
Tôm nướng lá chuối,15,550,80,8,3,15,0,1.5,100,3,300,300,30,5,400,800
Mực né,25,450,55,8,8,120,0,1.5,150,4,250,500,80,5,800,600
Vịt quay xào thơm,25,450,35,15,4,40,0,0.5,30,3,120,250,30,8,400,700
Cá trứng ngâm giấm,35,650,70,8,4,5,5,3,300,3,200,600,30,5,500,800
Chả khoai hấp,35,300,18,5,4,8,1,0.8,40,2,180,200,30,3,400,300
Bắp non xào mực cay,30,450,55,10,7,50,0,1.5,60,3,250,400,30,4,700,800
Cơm chiên chay,120,650,25,10,15,8,0,0,80,3,0,250,50,3,500,400
Gỏi nghêu bông thiên lý,60,850,85,8,12,45,0,4,180,25,180,800,60,8,900,750
Bò áp chảo mắm ruốc,18,450,45,8,3,8,0,2.5,30,4,120,300,20,8,500,500
Trứng hấp tôm nấm,6,320,30,3,2,3,2,1,50,2,600,300,30,8,350,400
Viên mè chiên giòn,25,450,30,15,3,40,1,0.8,50,2,250,250,30,8,350,400
Thịt xay kho bắp đậu,15,450,35,5,5,8,0,1.5,30,3,100,250,25,8,400,450
Hamburger kiểu Mehico,75,650,40,15,7,15,0.5,1.5,80,4,150,350,30,15,500,700
Miến xào lươn chay,150,700,15,8,10,8,0,0,40,2.5,0,150,25,3,350,500
Canh sườn non táo đỏ,35,450,30,15,5,5,0,0.5,30,2,90,250,20,8,400,400
Cá nục kho kiểu Nhật,8,520,65,3,3,90,20,6,150,4,200,500,30,5,700,800
Khổ qua tây xào thịt bò,15,280,25,5,5,80,0,1.5,30,3,70,200,30,5,400,500
Hủ tiếu chay,95,550,18,10,8,30,0,0,80,3,0,200,50,2,500,600
Nui xào gà,85,650,50,10,5,8,0.5,0.8,40,3.5,120,300,25,5,450,700
Lươn chiên giòn xốt tiêu xanh,20,650,45,8,2,15,2,3,80,4,150,400,25,8,600,800
Gà chiên xốt táo,35,850,60,25,3,8,0.5,0.4,30,2.5,200,450,15,15,400,700
Canh chua nấu cá hồi,15,450,45,8,3,30,5,2,80,2,120,400,25,5,600,700
Bánh xèo cuốn áp chảo,40,350,25,5,3,5,0,0.5,50,2,100,200,20,5,300,500
Salad bắp cải xốt mè,25,230,9,8,4,60,0,0.5,40,1,20,100,30,4,300,500
Bánh cuốn chay,75,550,20,15,5,8,0,0,50,2,0,150,25,5,300,800
Canh khoai rau đắng,46,340,18,8,6,20,0,0.5,60,2.5,60,200,30,3,500,300
Vịt xào măng,25,750,50,10,7,15,0,0.5,40,4,150,350,30,8,600,700
Sò huyết Tứ Xuyên,25,650,80,10,5,15,0,5,150,30,250,800,30,15,700,1200
Gỏi bò lá chanh,25,350,30,15,5,40,0,2.5,50,3,80,250,20,5,500,300
Bánh mì ốp la cá mòi,60,800,45,8,5,8,2,3,150,4,600,500,50,15,400,800
Canh bí đao nấu sườn non,10,350,30,5,2,15,0,0.5,20,2,70,250,10,8,300,500
Bánh cay nhân tôm,45,320,15,5,3,5,0,0.5,50,1.5,80,150,10,4,300,400
Sushi,150,900,50,15,10,15,2,2.5,80,3,180,300,50,8,400,800
Cá chép nấu bung,45,450,55,15,10,60,0,2,150,4,120,400,50,3,700,600
Lẩu cua lá me,35,350,30,8,5,40,0,1,150,4,120,250,50,3,500,800
Xúc xích khìa nước dừa,25,600,18,15,3,25,0,0.5,50,2,50,150,20,8,400,800
Vịt xiêm giả cầy,15,850,75,8,3,15,0,1.5,50,5,200,300,20,25,600,800
Bún thịt xào sả ớt,120,750,55,15,8,15,0,0.5,80,4,100,400,50,10,600,800
Burger cá ngừ,60,750,55,10,5,15,0,2,80,3,60,300,30,10,400,800
Bún gạo xào thập cẩm,65,600,35,10,5,5,0.5,0.8,50,3,250,300,20,10,350,1200
Nải chuối mực,25,350,45,5,5,80,0,1.5,80,3,200,300,30,2,600,500
Cà bát om thịt ba chỉ,25,550,28,8,7,25,0,0.5,60,3,80,250,30,15,500,600
Ốc giác xào bông hành,15,350,45,8,3,25,0,0.5,50,4,90,300,20,3,400,800
Gỏi nấm bào ngư,30,250,10,15,8,20,0,0,50,2,0,150,30,2,400,300
Bánh mì bì Sài Gòn,180,1500,60,20,5,10,0,1,50,5,250,400,20,50,500,1500
Tôm hấp rau củ,35,400,35,10,8,100,0,1,80,2,150,250,50,5,500,400
Rong biển trộn nấm tuyết,15,250,35,5,5,5,0.5,1,100,3,150,300,30,1,400,500
Gà rim nước tương cà,15,850,75,8,3,20,0,0.5,30,3,375,600,15,15,500,800
Canh râu mực nấu ngót,15,280,35,8,3,40,0,1.5,50,3,180,300,30,1,600,600
Sườn chay rim mật ong,35,350,25,15,5,3,0,0,80,4,0,250,20,2,400,600
Trứng cá kho nghệ,5,450,40,1,1,5,3,8,50,3,300,400,20,5,400,800
Cơm gạo lức chiên nghêu,120,800,60,10,10,5,0,2,100,8,250,400,30,5,600,800
Gà nướng bưởi xốt giấm,25,350,65,15,4,70,0,0.5,30,1.5,150,300,40,1,500,300
Gà chiên sa tế xốt mayonnaise,10,1200,80,8,3,10,0,0.5,30,3,200,300,15,15,400,800
Bắp bò kho chua ngọt,25,850,70,15,5,8,0,2.5,80,7,150,400,25,20,800,600
Heo quay kho măng,25,1100,55,15,5,10,0.5,1.5,80,5,350,400,20,30,600,800
Nấm bào ngư xào sả ớt,15,150,7,8,4,25,0,0,15,1.5,0,150,20,2,400,300
Salad đậu,75,450,20,15,15,8,0,0.2,150,4,5,250,100,5,800,300
Canh hến dưa cải,15,200,25,8,3,30,0,2,80,5,70,250,20,1,400,800
Dê nướng sa tế,25,750,65,8,8,20,0,2.5,50,6,150,400,30,15,700,600
Lẩu xí quách chua cay,45,550,35,8,7,30,0.5,0.8,150,4,90,350,40,8,600,1800
Canh lươn nấu bắp chuối hột,25,450,40,5,8,30,0,2.5,150,4,120,300,50,5,600,500
Cua lột xốt cam,30,550,45,15,5,40,0,1,150,3,200,300,50,8,400,800
Cá hồi nướng xốt Mayo,25,650,45,10,8,90,15,4,80,2,150,450,50,10,800,600
Vịt kho rau củ,15,850,55,8,5,15,0,0.5,40,3,150,300,30,15,500,500
Mực nướng tương hột,15,550,75,5,3,10,0,1.5,80,5,400,600,25,5,700,800
Bún riêu cua xí quách,60,700,45,10,5,20,0,2,300,8,150,400,50,15,600,1200
Súp gà chua cay,15,180,25,2,3,5,0,0.2,80,2,60,200,15,1,350,800
Bông cải trộn tôm,15,280,35,7,4,65,0,1,100,2,170,250,40,5,450,400
Bún ốc,120,2500,250,20,15,30,0,5,200,25,600,800,50,50,1200,3000
Gỏi đu đủ thịt bò áp chảo,35,450,30,20,7,100,0,1.5,60,4,70,250,50,5,600,700
Bún giò heo nấu giấm,150,800,45,10,8,20,0,0.5,80,6,150,300,30,15,600,1200
Bê thui xào sa tế,15,550,45,8,3,60,0,2.5,30,4,120,300,25,8,450,800
Gỏi nha đam,15,150,18,6,3,10,0,1,60,1.5,100,150,20,0.5,300,400
Canh sườn hạt sen,25,550,35,5,7,50,0,0.5,50,3,100,300,40,10,500,500
Đậu hũ nhồi xốt me,45,350,15,10,5,3,0,0,80,3,0,150,20,4,300,500
Khai vị đầu xuân,45,550,30,5,3,5,0,0.5,50,2,350,250,20,15,200,800
Bò viên chay xào thập cẩm,25,350,15,10,5,30,0,0,50,2,0,150,20,2,400,600
Miến xào nghêu tay cầm,55,650,65,10,8,25,0,20,150,25,100,350,40,5,800,1500
Thịt bò nướng mù tạt,40,650,65,10,8,25,0,2.5,40,5,150,300,30,8,700,400
Gà cuộn xôi xoài,60,650,45,15,5,15,0.5,1.5,80,3,180,350,60,12,450,800
Phở cuốn,100,650,45,5,5,15,0,2,50,4,100,250,30,5,400,800
Lẩu chua thịt bò,200,1200,70,10,15,80,0,2,150,6,150,300,80,15,800,1000
Su hào xào hải sản,15,250,25,6,5,60,1,1.5,80,2,180,250,40,3,400,450
Suông tôm giò heo,20,1200,100,10,2,5,1,2,150,5,300,500,20,25,600,1500
Cháo cá giò heo,75,750,55,2,3,5,0,1,50,3,150,300,20,10,400,800
Cháo bồ câu,45,650,55,2,5,2,0,2,50,5,150,400,30,8,500,800
Thịt kho xốt tương,25,900,35,8,7,45,0,0.5,80,4,150,300,50,40,600,800
Sườn hầm tỏi,15,750,50,8,2,15,0,1.5,50,3,150,350,10,15,400,800
Bí xanh tiềm tứ hải,25,350,45,8,5,15,1,1.5,80,2,150,300,30,3,500,600
Đậu hũ kho nấm rơm,15,250,18,3,4,3,0,0,150,2,0,200,25,3,400,500
Canh thịt bò cải xoong,4.0,220,28.0,1.0,2.0,80.0,0.0,2.6,80.0,3.0,70.0,200.0,30.0,5.0,400.0,500.0
Chả hấp chay,35,350,15,5,5,5,0,0,150,3,0,200,20,3,300,400
Gà tiềm hạt sen,25,350,35,5,4,3,0,0.5,30,2.5,150,250,20,5,400,300
Sườn nấu đậu,55,750,50,12,10,25,0,1.5,80,4,150,400,30,15,800,600
Bò kho,25,650,55,8,4,5,0.5,2.5,40,6,150,250,15,20,450,800
Bồ câu quay nước dừa,5,1200,150,3,1,2,0.5,8,50,15,600,800,20,20,500,1500
Bắp cải tím xào hải sản,25,250,35,8,5,30,0,1.5,80,3,180,300,50,1,500,600
Rau càng cua trộn dầu giấm,15,220,15,6,4,40,2,0.8,80,3,370,200,60,4,500,400
Cá thu rim nước trà xanh,5,650,80,2,3,15,15,8,50,3,120,600,30,8,700,600
Cá hú kho xốt tương,5,650,50,3,1,2,0,1,50,2,150,400,15,5,600,800
Bắp bò ngâm nước mắm,5,680,75,3,0,1,0,2,30,6,150,250,5,15,500,600
Kimbap cuộn trứng thịt nguội,85,650,28,5,4,3,2,0.8,70,3,400,300,50,8,350,800
Cơm nắm cá ngừ tẩm trứng chiên,120,750,35,2,2,2,1,1.5,50,2,250,300,30,5,250,600
Pizza bắp cải,13,300,20,6,4,60,1,0.6,150,2,220,200,50,7,350,500
Bánh crepe xếp tầng,55,500,8,30,2,0,1,0.3,80,1.5,90,120,25,20,200,150
Bò lúc lắc vị phở,15,450,50,8,3,90,0,2.5,30,4,120,250,40,8,500,800
Cá hồi ngâm tương,25,550,60,20,3,30,20,5,50,2,150,600,30,5,800,1200
